art;0;18;50;23;29;23;30;105;16;137;97;42;6;9
detail;0;27;11;14;43;25;8;107;23;134;95;67;8;30
paint;1;58;4;14;34;26;7;105;19;138;96;45;3;3
artstation;0;21;0;13;40;20;9;106;9;134;94;48;3;10
flag;5;19;49;8;13;13;6;87;6;121;114;17;4;26
blue;0;0;22;6;18;4;42;103;22;120;92;23;7;5
digital;0;18;4;4;19;9;11;105;9;136;95;19;2;6
concept;0;7;7;12;31;12;3;105;6;134;95;15;1;11
sharp;0;0;1;0;0;5;1;105;2;135;94;15;3;0
highly;0;24;6;7;24;8;8;2;5;133;95;18;1;6
rutkowski;0;12;0;10;10;9;0;108;6;128;95;9;1;3
focus;0;0;0;0;0;5;1;105;0;135;94;10;1;0
greg;0;12;0;10;10;9;0;108;6;128;95;11;1;3
yellow;0;0;22;0;6;1;13;107;6;118;88;7;7;3
intricate;0;0;0;0;5;3;0;104;5;128;89;21;1;5
illustration;0;0;0;5;4;2;13;105;6;132;94;13;9;6
matte;0;47;0;8;4;3;0;105;6;119;89;11;0;0
fantasy;0;0;1;13;1;7;6;104;10;124;89;9;0;9
light;0;3;0;15;27;21;8;105;13;12;58;47;7;8
artgerm;0;0;0;5;0;5;0;102;0;126;94;5;1;0
soldier;3;0;0;0;4;5;5;103;0;117;88;5;0;0
alphonse;0;0;0;10;0;0;0;101;4;123;94;0;0;0
mucha;0;0;0;10;0;0;0;101;4;123;93;0;0;0
elegant;0;0;0;0;0;1;0;104;0;126;89;1;0;0
ukrainian;0;0;0;0;5;1;0;101;0;71;56;7;0;5
extremely;0;0;0;0;0;2;0;104;0;116;11;12;0;6
figure;0;0;0;0;0;0;0;81;0;114;58;0;0;0
masculine;0;0;0;0;0;0;0;81;0;114;58;0;0;0
smooth;0;0;1;0;1;2;5;105;2;90;5;4;0;0
realistic;0;0;3;1;9;9;4;109;5;24;18;15;3;12
stand;0;0;0;0;3;2;0;6;0;117;89;6;1;1
shoot;0;0;0;0;0;0;0;3;0;117;72;11;1;1
super;1;0;0;0;0;0;0;0;0;114;83;2;0;0
pile;0;0;0;0;3;2;0;3;0;117;81;2;1;0
skull;0;0;0;0;4;0;0;3;0;117;79;0;0;0
trend;0;0;0;11;37;20;0;0;5;3;0;30;0;11
winner;0;0;11;0;0;0;0;3;1;114;46;0;0;0
huge;0;0;0;0;9;3;0;4;2;113;21;2;0;0
volumetric;0;0;0;13;16;4;2;105;3;1;0;13;0;2
hyper;0;0;0;0;0;7;0;106;5;21;7;5;0;3
logo;2;0;8;0;1;1;75;0;12;0;0;12;6;2
high;0;0;0;11;30;3;3;0;9;0;0;34;5;11
symmetrical;0;0;0;1;2;0;6;0;2;37;88;2;0;1
bright;0;2;11;0;11;1;0;107;3;1;0;0;1;2
background;0;0;11;2;0;2;10;42;11;0;0;21;19;6
style;2;0;1;6;13;11;13;1;5;1;0;32;12;23
red;1;0;0;0;2;1;2;75;6;0;0;8;2;3
atmosphere;0;0;0;0;11;0;0;104;0;3;0;5;0;0
cinematic;0;40;0;8;10;3;0;3;1;1;4;31;4;6
distant;0;0;0;0;0;0;0;0;0;117;5;1;0;0
communist;8;40;11;0;0;0;1;0;0;0;0;1;0;0
map;2;0;2;0;0;0;0;0;1;1;0;5;0;96
city;0;9;5;15;5;4;0;0;10;3;1;12;4;1
render;0;4;0;3;11;3;6;0;30;6;0;23;7;0
full;0;0;0;0;0;4;3;0;2;0;76;6;4;4
special;0;0;0;0;0;0;0;104;0;0;0;0;0;0
poster;80;0;2;0;1;4;3;0;2;0;2;4;0;3
force;0;0;0;0;0;0;0;104;0;0;0;0;0;0
propaganda;74;0;2;0;0;2;2;0;0;0;0;7;1;3
symbol;0;2;10;0;10;0;9;0;3;58;0;1;3;0
photorealistic;0;56;0;0;0;1;0;0;2;1;1;16;1;2
square;0;0;1;0;0;2;0;74;1;0;0;1;0;5
body;0;0;0;0;0;2;1;0;0;0;78;6;1;1
color;5;0;12;0;0;3;13;0;6;0;0;25;6;5
icon;0;0;34;0;2;0;15;0;10;1;0;5;2;0
vector;0;0;42;0;0;0;22;0;2;1;0;6;5;1
america;0;39;0;0;0;1;0;0;0;0;0;1;0;0
white;0;0;14;2;5;0;19;0;17;0;0;12;6;4
kremlin;0;0;0;0;0;0;0;76;0;0;0;5;0;0
octane;0;4;0;3;11;5;6;0;14;5;0;17;0;0
architecture;0;52;0;4;0;3;1;0;6;0;0;1;0;0
beautiful;0;0;0;4;9;7;6;2;7;2;0;24;0;2
triumph;0;33;0;0;0;0;0;0;0;0;42;0;0;0
soviet;51;0;2;0;0;0;0;0;0;0;0;1;1;0
design;3;0;24;2;2;0;15;0;4;0;0;2;1;4
battle;0;0;0;0;2;3;3;1;0;0;45;5;1;3
american;0;42;0;0;0;2;0;0;0;0;0;1;0;0
tank;0;0;0;3;1;3;1;1;0;0;5;5;1;1
distance;0;0;0;5;0;0;0;0;0;0;62;1;0;0
masterpiece;0;37;0;0;0;9;0;0;1;0;0;13;0;1
muscular;0;0;0;0;0;0;0;0;0;65;0;0;0;0
future;0;33;11;0;0;1;0;0;0;0;0;0;0;3
european;28;3;12;0;3;0;4;0;0;3;0;0;0;4
cloud;0;0;0;1;0;1;0;0;3;3;54;1;0;0
beam;0;0;0;0;0;0;0;0;0;6;54;1;0;0
war;7;0;0;0;0;3;0;3;0;1;3;4;0;12
view;0;16;0;0;11;1;0;0;2;0;0;8;4;5
trident;0;0;0;0;0;0;0;0;0;59;0;0;0;0
world;0;0;0;0;0;1;0;0;0;0;0;4;0;49
dark;0;0;0;15;0;3;8;0;9;3;0;8;3;0
futuristic;0;1;0;0;20;2;0;0;2;3;1;4;0;1
ultra;0;3;0;11;2;6;0;0;4;0;0;11;2;1
star;0;0;8;0;2;0;0;0;4;0;0;3;24;0
hyperdetailed;0;39;0;1;3;2;1;0;0;0;0;4;0;2
stripe;0;0;0;0;0;0;0;2;3;0;46;2;0;0
ruin;0;0;0;0;0;0;0;0;1;0;0;0;3;2
oil;0;0;0;1;0;25;1;0;0;0;0;10;0;0
black;0;0;2;4;5;1;8;0;2;0;0;13;1;3
hyperrealism;0;45;0;0;0;0;0;0;1;0;0;3;2;0
girl;0;0;0;0;0;1;0;1;0;0;0;2;0;0
sun;0;32;6;0;0;0;4;0;1;0;0;4;0;0
build;0;12;1;0;3;2;2;0;3;0;0;8;1;0
union;25;3;10;0;0;0;0;0;0;2;0;0;0;3
sky;0;0;0;1;10;0;0;0;1;3;0;15;8;2
arm;0;0;0;0;41;0;0;0;0;6;0;1;0;0
western;0;0;0;0;0;0;0;0;0;3;43;0;0;0
photo;0;0;0;2;1;1;0;0;6;1;2;17;3;5
colour;0;0;0;0;17;0;3;0;0;0;0;3;7;0
army;0;0;0;0;0;3;1;0;0;2;0;4;1;1
cgsociety;0;2;0;1;14;2;1;0;1;0;0;3;0;5
4k;0;0;6;0;0;2;0;1;4;2;0;8;4;3
tower;0;0;0;22;2;0;0;6;2;0;0;1;0;0
street;0;0;0;0;2;2;0;0;0;0;2;6;0;0
country;3;0;20;0;0;5;0;0;0;0;0;0;1;10
hyperrealistic;0;0;0;0;0;1;0;0;1;6;23;6;2;2
8k;0;0;11;0;0;0;2;1;0;4;0;21;0;2
lightning;0;0;35;1;0;0;0;0;0;0;0;5;0;0
hd;0;0;15;0;0;4;5;0;0;0;0;11;2;2
europe;0;0;0;0;0;3;0;0;0;0;0;0;0;31
epic;3;0;0;0;15;1;5;0;1;2;0;9;0;0
dramatic;0;0;0;6;0;9;0;0;1;1;0;15;3;1
raise;0;0;0;0;8;0;0;30;0;0;0;2;0;0
modern;0;9;5;0;0;2;4;0;1;1;3;1;0;14
statue;0;31;0;0;0;0;0;0;2;1;0;1;0;0
party;4;26;0;0;2;0;4;0;0;0;0;0;0;0
medieval;0;0;0;0;9;2;8;0;7;0;4;3;0;3
hold;0;0;2;5;1;8;0;0;0;0;0;9;1;0
coat;0;0;0;0;33;0;0;0;0;5;0;0;0;0
car;0;0;0;0;0;1;0;0;5;0;31;1;0;0
win;0;0;13;0;0;5;0;0;0;0;0;9;0;4
minimalist;1;0;22;0;0;1;5;0;0;0;0;4;2;0
bolt;0;0;33;0;0;2;0;0;0;0;0;2;0;0
shape;0;0;0;1;1;0;3;0;1;1;0;21;1;0
installin;0;0;0;0;0;0;0;36;0;0;0;0;0;0
burn;0;0;0;1;0;1;0;27;1;0;0;3;0;1
wennan;0;35;0;0;0;0;0;0;0;0;0;0;0;0
studio;5;0;0;0;0;14;3;0;6;0;0;6;0;0
resolution;0;0;0;4;0;2;0;0;1;0;0;18;2;2
gold;0;0;0;0;7;0;0;0;18;0;0;1;0;3
fan;0;35;0;0;0;0;0;0;0;0;0;0;0;0
capitol;0;34;0;0;0;0;0;0;0;0;0;1;0;0
single;0;0;0;0;0;0;3;0;0;30;0;1;0;0
shine;0;32;0;1;0;0;0;0;0;0;0;1;0;0
fight;3;0;0;0;0;0;0;3;0;0;0;2;0;0
vivid;0;0;0;0;27;0;0;0;1;0;0;2;1;0
state;1;27;0;0;0;0;0;0;0;0;0;1;0;0
quality;0;0;0;0;0;3;0;0;1;0;0;11;0;8
portrait;1;0;0;0;0;9;0;0;1;3;4;11;0;0
line;0;0;0;0;2;1;22;0;2;0;0;5;1;0
landscape;0;26;0;0;0;0;0;0;4;0;0;3;0;0
image;0;0;0;0;6;1;4;0;0;0;4;6;0;1
engine;0;0;0;0;0;1;0;1;6;1;0;15;2;0
aerial;0;17;0;11;1;0;0;0;0;0;0;3;1;0
warm;0;0;0;0;25;0;0;0;0;0;0;1;2;2
unreal;0;0;0;0;0;3;0;1;2;1;0;15;2;0
svg;0;0;28;0;0;0;0;0;0;0;0;0;3;0
socialist;21;6;0;0;0;0;0;0;0;0;0;0;0;0
rotten;0;0;0;0;0;0;0;0;0;0;31;0;0;0
moscow;0;13;0;0;0;0;0;3;0;2;0;3;0;1
march;0;0;0;0;0;1;0;0;0;0;0;1;1;0
angle;0;0;0;0;9;3;0;0;0;0;0;8;0;0
russian;14;0;0;0;0;2;0;1;0;1;4;1;0;0
realism;21;0;0;0;0;0;0;0;3;0;0;5;0;1
impose;0;29;0;0;0;0;0;0;0;0;0;1;0;0
big;0;1;0;0;0;0;0;0;0;0;0;3;0;0
ukraine;0;5;0;0;0;1;0;0;0;0;0;1;0;0
person;1;0;0;0;0;7;0;0;0;1;0;9;1;1
middle;0;0;16;0;1;2;0;0;2;0;0;3;0;3
governmental;0;29;0;0;0;0;0;0;0;0;0;0;0;0
game;0;0;1;0;0;0;13;0;4;0;0;2;2;0
watch;0;0;0;0;0;0;0;18;0;0;0;0;0;0
patch;0;0;0;0;3;0;1;21;0;0;0;1;0;0
canvas;0;0;0;0;0;12;1;0;3;0;0;4;2;0
strength;0;27;0;0;0;0;0;0;0;0;0;0;0;0
socialism;0;27;0;0;0;0;0;0;0;0;0;0;0;0
professional;0;0;0;0;4;1;3;0;0;0;0;5;3;1
fire;0;0;0;1;0;2;0;1;0;0;0;9;2;1
abundance;0;27;0;0;0;0;0;0;0;0;0;0;0;0
scene;0;0;0;0;20;0;0;0;0;0;0;6;0;0
photography;0;1;0;11;0;1;0;0;2;0;0;10;0;1
isometric;0;0;0;0;2;0;10;0;6;0;0;1;2;0
face;0;0;0;0;4;3;3;4;0;1;0;6;1;0
stylize;0;0;0;0;0;0;19;0;3;0;0;2;1;0
show;2;3;0;0;0;0;6;0;0;0;0;3;0;3
picture;0;0;0;0;0;0;1;0;1;0;12;0;2;5
man;9;0;0;0;0;1;2;0;0;0;0;7;4;0
golden;0;0;0;0;2;2;0;0;12;0;4;2;0;2
front;0;0;0;0;0;0;0;0;0;0;1;5;12;0
center;0;0;0;1;0;0;8;0;0;0;0;5;1;1
anime;0;0;0;0;0;17;1;0;0;0;0;0;0;0
shoulder;0;0;0;0;0;0;0;15;0;0;9;0;0;0
field;0;4;0;0;0;1;1;0;0;0;0;3;2;0
behance;0;0;10;0;0;0;0;0;0;0;0;5;0;0
vexillology;0;0;23;0;0;0;0;0;0;0;0;0;0;0
st;0;2;0;0;0;0;0;20;0;0;0;1;0;0
sci;0;0;0;0;16;0;0;0;5;1;0;0;1;0
pose;1;0;0;0;0;0;0;0;0;21;0;0;0;1
fi;0;0;0;0;16;0;0;0;5;1;0;0;1;0
earth;0;0;0;0;0;2;2;0;1;0;0;4;0;12
zelensky;17;0;0;0;0;0;0;0;0;0;0;0;0;0
photograph;0;0;2;0;0;2;0;0;0;0;0;4;12;2
max;0;0;0;0;0;0;0;0;1;0;0;2;0;0
gothic;0;0;0;9;6;1;1;0;1;0;0;4;0;0
giant;0;0;0;0;1;0;0;0;0;0;1;1;2;1
back;0;0;0;0;14;0;0;0;0;3;0;0;0;0
3d;0;0;0;0;0;0;1;0;8;0;0;3;0;5
space;0;0;0;0;0;0;0;0;12;0;0;1;0;8
palette;5;0;6;0;0;4;3;0;3;0;0;0;0;0
letter;0;0;0;0;0;1;7;0;8;0;0;0;0;0
james;0;4;0;0;0;10;0;0;4;1;0;1;0;0
draw;0;0;0;4;2;0;1;0;0;0;0;1;7;4
alexander;20;0;0;0;0;0;0;0;0;0;0;1;0;0
viktor;17;0;0;0;0;0;0;0;0;2;0;1;0;0
shade;0;0;0;0;0;10;5;0;0;0;0;2;2;0
island;0;0;0;6;0;0;0;0;0;0;0;4;0;6
germany;0;0;0;0;18;0;0;0;0;0;2;0;0;0
elevate;0;0;0;10;0;0;0;0;0;0;0;0;0;0
depth;0;4;0;0;0;1;0;0;0;0;0;2;1;4
cathedral;0;0;0;0;0;0;0;20;0;0;0;0;0;0
border;0;0;0;0;0;0;3;0;1;0;0;0;0;12
basil;0;0;0;0;0;0;0;20;0;0;0;0;0;0
award;0;0;8;0;0;3;0;0;0;0;0;9;0;0
abstract;0;0;0;0;0;4;3;0;2;2;0;3;5;0
smoke;0;0;0;0;0;0;0;0;1;0;0;8;0;0
simple;0;2;0;0;0;5;12;0;0;0;0;0;0;0
parade;0;0;0;0;0;0;0;0;0;0;0;3;0;0
ghibli;5;0;0;0;0;13;0;0;0;0;0;1;0;0
fly;0;0;7;0;0;1;0;0;0;1;1;8;0;0
flat;5;0;0;0;1;0;1;0;0;0;0;1;10;1
empire;0;0;0;0;0;0;0;0;0;0;0;0;0;14
cube;0;0;0;0;0;0;0;0;14;1;0;1;1;0
clean;0;0;0;0;0;0;15;0;0;0;0;4;0;0
beksinski;0;0;1;4;0;3;0;1;0;0;1;8;1;0
simonetti;0;13;0;0;0;1;0;0;0;0;0;2;0;0
putin;0;0;0;0;0;1;0;0;0;0;0;5;0;1
paper;0;0;0;0;0;0;4;0;0;0;0;1;9;2
marc;0;13;0;0;0;1;0;0;0;0;0;2;0;0
house;0;0;0;0;1;1;9;0;0;0;0;4;0;0
horror;0;0;0;0;12;1;0;0;2;0;0;2;0;0
feature;3;0;0;0;0;3;0;0;0;0;0;5;0;0
era;9;0;0;0;0;0;0;0;1;0;0;0;0;0
crowd;0;0;0;0;10;1;0;0;0;1;0;6;0;0
texture;5;0;0;0;0;0;4;0;2;0;0;5;0;0
table;0;0;0;0;0;1;0;0;0;0;0;4;0;10
scheme;0;0;0;0;0;0;15;0;1;0;0;1;0;0
pustoviyt;17;0;0;0;0;0;0;0;0;0;0;0;0;0
pattern;0;0;15;0;0;0;0;0;2;0;0;0;0;0
paris;0;0;0;1;0;0;0;0;0;0;0;2;2;1
movie;0;0;0;0;6;1;0;0;0;0;0;4;0;0
havrylo;17;0;0;0;0;0;0;0;0;0;0;0;0;0
green;0;0;1;0;0;0;0;0;7;0;0;8;0;1
gradient;0;0;0;0;0;0;1;0;0;0;0;0;2;0
deni;17;0;0;0;0;0;0;0;0;0;0;0;0;0
wide;0;0;0;0;0;4;0;0;0;0;0;9;0;0
university;0;15;0;0;0;0;0;0;0;0;0;1;0;0
screenshot;0;0;9;0;0;0;0;0;0;0;0;0;0;0
reichstag;0;0;0;0;16;0;0;0;0;0;0;0;0;0
point;1;0;0;0;8;0;4;0;0;0;0;2;0;1
neoclassical;0;0;0;7;0;0;0;0;0;1;0;2;0;0
low;0;0;0;6;9;0;0;0;0;0;0;1;0;0
horse;0;0;0;11;0;2;0;0;0;0;0;1;0;1
god;0;0;0;2;0;2;0;0;8;0;0;2;0;0
glorious;0;0;0;0;0;0;0;0;0;0;0;4;0;0
environment;0;0;0;0;0;8;0;0;0;0;0;2;0;0
detailded;0;0;0;5;11;0;0;0;0;0;0;0;0;0
depict;0;0;0;0;0;0;2;0;2;2;0;2;0;0
colorful;0;0;0;0;1;0;5;0;0;1;0;7;0;2
chest;0;0;0;0;0;0;0;0;0;16;0;0;0;0
berlin;0;0;0;0;1;1;0;0;0;0;0;1;0;0
app;0;0;7;0;0;0;5;0;0;0;0;2;0;0
tall;0;0;0;11;0;0;0;0;2;0;0;2;0;0
skyline;0;0;0;0;14;0;0;0;0;0;0;1;0;0
shinkai;0;0;0;0;0;14;0;0;0;0;0;1;0;0
planet;0;0;0;0;0;1;3;0;0;0;0;3;0;8
ocean;0;0;0;7;0;0;2;0;1;0;0;2;0;3
makoto;0;0;0;0;0;14;0;0;0;0;0;1;0;0
life;0;10;0;0;0;0;0;0;0;0;0;4;0;1
hopper;0;0;0;0;0;3;0;0;0;0;0;6;0;0
grim;0;0;0;0;12;0;0;0;0;1;0;2;0;0
geometric;0;0;1;0;0;4;8;0;1;0;0;1;0;0
dragon;0;0;1;0;6;0;0;0;1;0;0;1;0;4
david;0;0;0;5;0;1;0;0;4;0;0;0;0;0
crystal;0;0;0;0;10;0;0;0;4;0;0;1;0;0
circle;0;0;0;0;0;2;1;0;7;0;0;2;0;0
astronaut;0;0;0;13;1;0;1;0;0;0;0;0;0;0
ussr;0;0;0;0;0;0;0;0;1;0;0;2;0;0
small;0;1;0;0;0;0;0;0;0;0;0;7;0;3
meet;0;0;0;0;0;7;0;0;0;0;0;0;0;7
machine;0;0;0;0;0;0;1;0;0;0;0;1;1;0
large;0;0;0;0;2;0;0;0;0;0;0;6;0;4
kingdom;6;0;0;0;0;0;0;0;0;0;0;0;0;8
jonathan;0;13;0;0;0;0;0;0;1;0;0;0;0;0
iconic;0;0;0;0;0;0;12;0;1;0;0;0;1;0
heraldic;0;0;0;0;11;0;3;0;0;0;0;0;0;0
grey;0;0;0;0;0;0;0;0;0;0;0;3;0;0
foreground;0;0;0;0;0;0;0;11;1;0;0;2;0;0
edward;0;0;0;0;0;3;0;0;0;0;0;5;0;0
composition;0;0;0;0;0;6;0;0;0;0;0;8;0;0
top;0;0;0;0;0;1;0;0;2;0;0;6;0;0
symmetry;0;0;0;0;0;1;0;0;1;1;0;3;1;0
solter;0;13;0;0;0;0;0;0;0;0;0;0;0;0
rembrandt;0;0;0;1;11;0;0;0;0;0;0;1;0;0
palace;0;0;0;6;0;3;0;0;0;0;0;0;0;0
jordan;0;0;0;1;12;0;0;0;0;0;0;0;0;0
historical;0;0;0;0;9;3;0;0;0;0;0;1;0;0
gurney;0;4;0;0;0;3;0;0;4;1;0;1;0;0
ground;0;13;0;0;0;0;0;0;0;0;0;0;0;0
great;0;0;0;0;0;2;0;0;0;0;7;3;0;1
global;0;0;0;0;0;2;0;0;1;0;0;1;1;2
film;0;0;0;0;0;0;0;0;2;0;0;6;2;1
emblem;0;1;0;0;3;1;7;0;0;0;0;1;0;0
dress;1;0;0;0;0;1;0;1;0;0;0;1;1;0
deco;0;0;1;0;0;0;8;0;0;2;0;2;0;0
artwork;0;0;1;0;0;0;0;0;0;0;0;6;2;3
work;0;6;0;1;0;0;0;0;0;0;0;0;1;4
vibrant;0;0;1;0;0;1;0;0;0;0;0;10;0;0
universalis;6;0;0;0;0;0;0;0;0;0;0;0;0;0
school;0;0;0;0;5;1;1;0;0;0;0;0;1;0
rule;0;0;0;0;0;3;1;0;0;0;0;1;0;7
roman;0;0;0;0;0;0;0;0;2;0;0;0;0;8
ralph;0;0;0;0;11;0;0;0;1;0;0;0;0;0
mobile;0;0;0;0;0;0;12;0;0;0;0;0;0;0
mm;0;0;0;0;5;0;0;0;0;0;0;6;0;0
minimal;0;0;0;0;0;0;9;0;0;0;0;1;2;0
mcquarrie;0;0;0;0;11;0;0;0;1;0;0;0;0;0
illustrate;0;0;0;0;0;1;0;0;0;0;0;2;5;0
illumination;0;0;0;0;0;2;1;0;1;0;0;1;1;0
heraldry;0;0;0;0;12;0;0;0;0;0;0;0;0;0
heavy;0;0;0;0;0;0;0;0;0;0;2;4;0;0
hdr;0;0;0;0;0;3;0;0;2;0;0;5;0;0
godrays;0;0;0;0;12;0;0;0;0;0;0;0;0;0
glow;0;0;0;1;1;0;0;0;1;1;1;7;0;0
europa;6;0;0;0;0;0;0;0;0;0;0;0;0;0
deviantart;0;0;0;0;0;0;0;0;0;0;0;8;0;3
de;0;0;0;0;0;1;0;0;2;1;0;1;0;0
contest;0;0;11;0;0;0;0;0;1;0;0;0;0;0
capital;0;3;0;9;0;0;0;0;0;0;0;0;0;0
visual;0;0;0;0;0;11;0;0;0;0;0;0;0;0
victory;0;8;0;0;2;0;0;0;0;0;0;0;0;0
ultrawide;0;0;0;11;0;0;0;0;0;0;0;0;0;0
sunny;0;0;5;0;0;0;0;0;0;0;0;4;0;2
skyscraper;0;0;0;0;0;0;0;0;1;0;0;4;0;0
sketch;0;0;0;0;0;0;11;0;0;0;0;0;0;0
river;0;0;0;10;0;0;0;0;0;0;0;0;0;1
reddit;0;0;11;0;0;0;0;0;0;0;0;0;0;0
proletariat;0;11;0;0;0;0;0;0;0;0;0;0;0;0
minimalistic;0;0;9;0;0;0;0;0;0;0;0;2;0;0
magic;0;0;1;1;4;1;0;0;1;1;0;1;1;0
lense;0;0;0;11;0;0;0;0;0;0;0;0;0;0
legacy;0;0;11;0;0;0;0;0;0;0;0;0;0;0
knight;0;0;0;0;0;3;0;0;4;0;4;0;0;0
inside;0;0;0;1;0;0;0;0;10;0;0;0;0;0
impossibly;0;0;0;11;0;0;0;0;0;0;0;0;0;0
hope;0;11;0;0;0;0;0;0;0;0;0;0;0;0
historic;0;0;0;0;0;0;0;0;0;0;0;5;0;3
head;0;0;0;5;3;0;0;0;0;0;0;3;0;0
hammer;0;0;10;0;0;0;0;0;0;0;0;1;0;0
half;0;0;0;0;2;0;0;0;1;0;0;1;0;0
gustave;0;0;0;0;0;0;0;0;0;1;0;1;0;3
graphic;0;0;2;0;0;0;4;0;1;0;0;4;0;0
gloomy;0;0;0;0;11;0;0;0;0;0;0;0;0;0
german;0;0;0;0;2;6;0;0;0;0;0;1;0;0
frame;0;0;0;0;10;0;0;0;0;0;0;0;0;1
foggy;0;0;0;0;11;0;0;0;0;0;0;0;0;0
exquisite;0;0;0;11;0;0;0;0;0;0;0;0;0;0
day;0;0;0;0;0;0;0;0;0;0;0;0;0;3
ancient;0;0;0;1;0;1;0;0;7;0;0;0;0;2
accurate;0;0;0;0;0;0;0;0;0;0;8;0;0;3
watercolor;0;0;0;0;0;0;5;0;0;0;0;3;0;0
third;0;0;0;0;0;3;0;0;0;0;0;0;0;7
temple;0;0;0;2;0;0;0;0;7;0;0;0;1;0
society;0;0;0;0;0;0;0;0;0;0;0;0;0;10
side;0;0;0;0;0;0;0;1;4;0;0;1;1;3
sickle;0;0;10;0;0;0;0;0;0;0;0;0;0;0
retro;0;0;0;0;2;1;0;0;4;0;0;2;0;0
promotional;0;0;0;0;6;0;0;0;0;0;0;0;0;0
pixiv;0;0;0;0;0;9;0;0;0;0;0;0;1;0
perfect;0;0;0;0;0;1;0;0;2;0;0;3;0;0
origami;0;0;0;0;0;0;9;0;0;0;0;1;0;0
ominous;0;0;0;9;0;0;0;0;0;0;0;1;0;0
night;0;0;0;4;0;0;0;0;0;0;0;1;0;0
military;0;0;0;0;0;1;0;0;0;0;0;2;0;1
louis;0;0;0;0;0;0;0;0;4;0;0;0;0;0
lake;0;0;0;0;0;0;0;0;0;0;0;10;0;0
human;0;0;0;0;0;0;0;3;0;4;0;2;0;0
group;0;0;0;0;0;4;0;0;0;0;0;6;0;0
grain;0;0;0;0;0;0;0;0;0;0;0;3;0;1
federation;0;0;0;0;0;5;0;0;0;0;0;0;1;0
empty;0;0;0;0;0;1;0;0;0;0;0;3;0;0
dystopian;1;0;0;0;7;1;0;0;0;0;0;0;1;0
dome;0;0;0;5;0;0;0;0;0;0;0;5;0;0
destroy;0;0;0;1;1;0;0;0;0;0;1;2;1;3
cyan;0;0;9;0;0;0;0;0;0;0;0;1;0;0
cover;0;0;0;0;0;0;0;0;0;0;0;5;4;0
chan;9;0;0;0;0;0;0;0;0;0;0;1;0;0
brutalist;0;0;0;4;0;5;0;0;1;0;0;0;0;0
baroque;0;0;0;0;0;7;0;0;0;0;0;2;0;0
artist;0;0;0;0;0;0;0;0;0;0;0;1;0;9
arrow;0;0;3;0;0;0;5;0;0;0;0;2;0;0
armor;0;0;0;0;0;1;0;0;4;1;0;4;0;0
wear;0;0;0;0;0;2;0;0;1;0;0;6;0;0
unite;7;2;0;0;0;0;0;0;0;0;0;0;0;0
tree;0;0;0;0;0;0;0;0;6;0;0;0;1;0
tom;0;4;0;1;0;1;0;3;0;0;0;0;0;0
time;0;0;0;0;0;0;0;0;1;0;0;1;0;4
text;3;0;0;0;0;0;2;0;1;0;0;0;1;1
shadow;0;0;0;0;0;0;3;0;0;0;0;6;0;0
sengai;0;0;9;0;0;0;0;0;0;0;0;0;0;0
seethe;9;0;0;0;0;0;0;0;0;0;0;0;0;0
scape;0;9;0;0;0;0;0;0;0;0;0;0;0;0
sacrifice;0;8;0;0;0;0;1;0;0;0;0;0;0;0
round;0;0;0;0;0;0;0;0;0;0;0;1;0;8
rectangular;0;9;0;0;0;0;0;0;0;0;0;0;0;0
production;0;9;0;0;0;0;0;0;0;0;0;0;0;0
pencil;0;0;0;0;0;0;3;0;0;0;0;1;0;0
parliament;0;0;0;0;0;1;0;0;0;0;0;1;2;1
orcs;0;0;0;0;0;1;0;0;0;1;0;0;1;5
mystical;0;0;0;5;0;2;0;0;1;0;0;1;0;0
mean;0;9;0;0;0;0;0;0;0;0;0;0;0;0
letterism;0;0;9;0;0;0;0;0;0;0;0;0;0;0
lee;0;0;0;5;0;0;0;0;0;0;0;1;3;0
key;0;0;0;0;0;9;0;0;0;0;0;0;0;0
hell;0;0;0;0;0;1;0;0;0;0;0;2;0;3
hand;0;0;0;0;0;1;1;0;4;0;0;2;0;1
government;0;0;0;0;1;0;0;0;0;0;0;1;0;1
flame;0;0;0;7;0;1;0;0;0;0;0;0;0;0
electric;0;0;8;0;0;0;0;0;0;0;0;1;0;0
dead;0;0;0;0;0;0;0;0;0;0;0;3;1;0
cut;0;0;0;0;0;0;0;0;2;0;0;0;6;0
contrast;0;0;0;0;0;0;2;0;0;0;0;3;1;3
conflict;0;9;0;0;0;0;0;0;0;0;0;0;0;0
computer;7;0;0;0;0;0;0;0;2;0;0;0;0;0
collage;0;0;0;0;0;0;2;0;0;0;0;2;4;0
cell;0;0;0;1;0;8;0;0;0;0;0;0;0;0
budapest;0;0;0;0;0;0;0;1;0;2;0;0;0;0
attack;0;0;0;0;0;0;0;0;0;0;2;1;0;0
wayne;0;0;0;0;0;7;0;1;0;0;0;0;0;0
warhammer;0;0;0;0;0;2;0;1;0;1;0;4;0;0
warcraft;0;0;0;0;0;0;0;0;0;0;0;0;0;8
universe;0;0;0;0;0;1;0;0;1;0;0;0;1;0
underwater;0;0;0;6;1;0;0;0;1;0;0;0;0;0
ultramarine;0;0;0;0;0;0;6;0;0;0;0;1;1;0
sweden;0;0;0;0;0;0;0;0;0;0;0;0;0;8
surrealism;0;0;0;0;0;6;0;0;0;0;0;2;0;0
station;0;0;0;0;0;0;1;0;2;1;0;4;0;0
shield;0;0;0;0;6;0;0;0;0;0;0;2;0;0
rim;0;0;0;0;0;0;0;0;1;4;0;3;0;0
renaissance;0;0;0;0;0;8;0;0;0;0;0;0;0;0
ray;0;0;0;0;0;0;0;0;5;0;0;2;1;0
ratio;0;0;0;0;0;2;0;0;5;0;0;1;0;0
product;0;0;0;0;0;0;0;0;7;1;0;0;0;0
print;1;0;0;0;0;0;3;0;0;0;0;2;0;2
power;1;0;0;0;0;1;0;0;0;0;0;2;0;4
political;0;0;1;0;0;0;1;0;0;0;0;3;0;3
pixel;0;0;6;0;0;0;0;0;0;0;0;0;0;0
panel;0;0;7;0;0;0;0;0;0;0;0;0;0;1
news;2;0;0;0;0;0;1;0;0;0;0;0;0;0
napoleon;0;0;0;0;0;0;0;0;3;0;0;0;0;0
long;0;0;0;1;0;2;0;0;0;0;0;5;0;0
lonely;0;0;0;8;0;0;0;0;0;0;0;0;0;0
laser;0;0;8;0;0;0;0;0;0;0;0;0;0;0
ink;0;0;0;0;0;0;1;0;0;0;0;3;1;3
grand;0;0;0;0;0;2;0;0;0;0;0;1;0;0
glass;0;0;0;0;0;4;0;0;1;0;0;2;1;0
gate;0;0;0;0;6;0;0;0;0;0;0;1;0;0
fully;0;0;0;0;4;0;0;0;0;0;0;0;0;0
fractal;0;0;0;7;0;0;0;0;1;0;0;0;0;0
fog;0;0;0;5;0;0;0;0;2;0;0;1;0;0
floor;0;0;0;5;0;2;0;0;1;0;0;0;0;0
fish;1;0;0;5;1;0;0;0;0;0;0;1;0;0
equiped;0;0;0;0;4;0;0;0;0;0;0;0;0;0
dynamic;0;0;0;0;0;0;3;0;0;0;0;5;0;0
direct;0;0;0;0;5;1;0;0;0;0;0;1;0;1
cubby;0;0;0;0;0;0;8;0;0;0;0;0;0;0
continent;0;0;1;0;0;0;0;0;1;0;0;5;0;0
company;0;2;0;0;0;0;6;0;0;0;0;0;0;0
century;1;2;0;0;0;0;1;0;1;0;0;2;0;1
captain;0;0;0;0;0;2;0;0;0;0;2;1;0;0
building;0;0;0;0;0;4;0;0;0;0;0;3;0;0
british;0;0;0;0;2;3;0;0;0;0;0;2;0;0
barlowe;0;0;0;0;0;7;0;1;0;0;0;0;0;0
atmospheric;0;0;0;6;0;0;0;0;1;0;0;1;0;0
archipelago;0;0;0;0;0;0;0;0;0;0;0;2;0;4
year;0;0;0;0;0;0;0;0;0;1;0;6;0;0
weather;0;0;6;0;0;0;0;0;0;0;0;0;0;1
water;0;0;0;0;0;0;0;0;3;0;0;0;4;0
wall;0;0;0;0;0;1;0;0;5;0;0;1;0;0
vintage;2;0;0;0;0;0;0;0;3;0;0;2;0;0
vexillogy;0;0;7;0;0;0;0;0;0;0;0;0;0;0
unique;0;0;7;0;0;0;0;0;0;0;0;0;0;0
tricolor;0;0;7;0;0;0;0;0;0;0;0;0;0;0
tooth;0;0;0;0;0;0;1;0;1;0;0;1;0;0
tone;0;0;0;0;0;0;7;0;0;0;0;0;0;0
swedish;0;0;0;0;1;0;0;0;0;0;0;0;0;2
swan;0;0;0;0;0;0;6;0;1;0;0;0;0;0
submarine;0;0;0;6;0;0;1;0;0;0;0;0;0;0
strong;1;0;0;0;0;1;1;0;0;1;0;3;0;0
rozalski;0;0;0;0;0;0;0;0;1;0;2;0;0;0
robert;0;0;2;1;0;0;0;0;0;0;0;0;4;0
ride;0;0;0;6;0;1;0;0;0;0;0;0;0;0
ready;0;0;0;0;0;0;3;3;1;0;0;0;0;0
plasma;0;0;7;0;0;0;0;0;0;0;0;0;0;0
pennington;0;0;0;0;0;7;0;0;0;0;0;0;0;0
official;0;0;0;0;2;1;0;0;1;0;0;1;1;1
minimalism;0;0;0;0;0;0;5;0;1;0;0;1;0;0
marble;0;0;0;0;0;2;0;0;5;0;0;0;0;0
leader;0;0;0;0;0;0;0;0;0;0;0;0;0;7
johnson;0;0;0;6;0;0;0;0;0;1;0;0;0;0
jakub;0;0;0;0;0;0;0;0;1;0;2;0;0;0
insanely;0;0;0;0;0;0;0;1;0;0;0;6;0;0
hazard;0;0;7;0;0;0;0;0;0;0;0;0;0;0
google;0;0;6;0;0;0;0;0;0;0;0;0;0;1
good;0;0;0;0;0;1;0;0;0;0;0;0;0;6
giger;0;0;0;0;0;0;0;0;0;0;0;7;0;0
float;0;0;0;0;0;0;0;0;0;1;0;3;3;0
eye;0;0;0;0;0;3;1;0;0;1;0;2;0;0
evil;0;0;0;1;0;1;0;0;0;0;0;0;0;5
dirty;0;0;0;0;0;0;0;0;4;0;0;0;0;0
desert;0;0;0;5;0;1;0;0;1;0;0;0;0;0
demonstration;0;0;0;0;7;0;0;0;0;0;0;0;0;0
definition;0;0;0;0;2;0;1;0;0;0;0;2;0;0
crate;0;0;0;0;0;0;7;0;0;0;0;0;0;0
cosmic;0;0;0;1;0;0;4;0;1;0;0;1;0;0
corporate;0;0;0;0;0;0;7;0;0;0;0;0;0;0
cool;0;0;4;0;0;0;1;0;0;0;0;2;0;0
cnc;0;0;7;0;0;0;0;0;0;0;0;0;0;0
civilization;0;0;0;0;0;0;0;0;0;0;0;0;4;3
cartoon;0;0;0;0;0;0;2;0;0;0;0;0;5;0
bruce;0;0;0;0;0;7;0;0;0;0;0;0;0;0
brandenburg;0;0;0;0;6;0;0;0;0;0;0;1;0;0
bizarre;0;0;5;0;0;1;0;0;0;0;0;0;0;0
bay;0;0;5;0;2;0;0;0;0;0;0;0;0;0
advance;0;0;0;0;0;1;0;0;0;0;1;0;5;0
zodiac;0;0;4;0;0;0;0;0;0;0;0;0;2;0
zdzis;0;0;0;4;0;0;0;0;0;0;0;2;0;0
wooden;0;0;0;0;4;0;1;0;0;0;0;0;0;1
vladimir;0;0;0;0;0;1;0;0;0;1;0;4;0;0
visible;0;0;0;6;0;0;0;0;0;0;0;0;0;0
visibility;0;0;0;6;0;0;0;0;0;0;0;0;0;0
uniform;0;0;0;0;0;2;0;0;0;1;0;2;0;0
tim;0;0;0;0;0;5;0;0;0;0;0;1;0;0
theme;0;0;5;0;1;0;0;0;0;0;0;0;0;0
technology;0;0;0;0;0;1;0;0;0;0;4;0;1;0
symbolism;2;0;0;0;0;0;0;0;0;0;0;2;0;0
surreal;0;0;0;0;0;0;0;0;0;0;0;4;0;2
south;0;0;2;0;0;0;0;0;0;0;0;0;0;2
smith;0;0;0;0;0;0;0;0;0;0;0;6;0;0
sculpture;0;0;0;0;0;4;1;0;0;0;0;0;0;1
robot;0;0;0;0;0;0;0;0;0;1;2;0;1;0
rob;0;0;0;0;0;0;1;0;0;0;0;1;1;3
put;5;0;0;1;0;0;0;0;0;0;0;0;0;0
post;0;0;0;0;0;0;2;0;0;0;0;3;0;0
plain;0;0;0;0;0;0;0;0;4;0;0;2;0;0
pixar;0;0;0;1;0;2;0;0;0;0;0;2;0;0
pictorial;0;0;0;0;0;0;6;0;0;0;0;0;0;0
nolan;0;0;0;5;1;0;0;0;0;0;0;0;0;0
national;0;0;3;0;0;0;0;1;0;1;0;1;0;0
moon;1;0;0;0;1;0;0;0;1;0;0;2;0;0
moebius;0;0;0;0;0;5;0;0;0;0;0;1;0;0
mist;0;0;0;0;0;0;5;0;0;0;0;1;0;0
miguel;2;4;0;0;0;0;0;0;0;0;0;0;0;0
michael;0;0;0;0;2;0;0;0;0;1;0;1;1;1
mapporn;0;0;0;0;0;0;0;0;0;0;0;0;0;6
kyiv;0;0;0;0;0;0;0;0;0;0;0;0;0;3
jean;0;0;0;0;0;5;0;0;0;0;0;0;0;0
iv;5;0;0;0;0;0;0;0;0;0;0;0;0;0
islamic;0;5;0;0;0;0;0;0;1;0;0;0;0;0
instal;0;0;0;0;0;0;0;6;0;0;0;0;0;0
hill;0;0;1;0;0;0;1;0;1;0;0;0;1;0
hildebrandt;0;0;0;0;0;5;0;0;0;0;0;1;0;0
hero;0;0;0;0;0;0;0;0;0;0;5;1;0;0
heaven;0;0;0;0;0;1;0;0;0;0;0;2;0;3
fortress;0;1;0;5;0;0;0;0;0;0;0;0;0;0
footage;0;0;0;0;5;0;0;0;0;0;0;1;0;0
favicon;0;0;6;0;0;0;0;0;0;0;0;0;0;0
element;0;0;0;0;1;0;3;0;0;0;0;1;1;0
eiffel;0;0;0;6;0;0;0;0;0;0;0;0;0;0
disney;0;0;0;0;0;0;0;0;0;0;0;0;0;6
diamond;0;0;0;0;0;0;0;0;3;0;0;0;0;0
darkness;0;0;0;0;0;1;0;0;0;0;0;1;0;3
cyberpunk;0;1;0;0;0;0;0;2;0;0;0;3;0;0
communism;0;6;0;0;0;0;0;0;0;0;0;0;0;0
clown;5;0;0;0;0;0;0;0;0;0;0;1;0;0
close;1;0;0;0;0;1;0;0;0;0;0;1;3;0
class;0;6;0;0;0;0;0;0;0;0;0;0;0;0
christopher;0;0;0;5;1;0;0;0;0;0;0;0;0;0
cheese;1;0;0;0;0;0;2;0;1;0;0;1;0;1
character;0;0;0;0;0;2;1;0;0;0;0;3;0;0
blunt;0;0;0;0;0;0;0;0;0;0;0;0;0;6
banner;0;0;0;0;0;0;3;0;0;0;0;2;0;1
baltics;6;0;0;0;0;0;0;0;0;0;0;0;0;0
balkan;0;0;0;0;0;0;0;0;0;0;0;0;0;6
bagshaw;0;4;0;1;0;1;0;0;0;0;0;0;0;0
aw;0;0;0;4;0;0;0;0;0;0;0;2;0;0
average;3;0;0;0;0;0;0;0;0;0;0;0;0;0
artistic;0;0;0;0;0;0;0;0;0;0;0;6;0;0
apocalypse;0;0;0;0;0;0;0;0;0;0;0;5;0;0
zabrocki;0;0;0;0;0;0;0;0;0;0;0;0;0;5
york;0;0;0;0;1;1;0;0;0;2;0;0;0;0
yell;4;0;0;0;0;0;0;0;0;0;0;0;1;0
wyeth;0;0;0;0;0;5;0;0;0;0;0;0;0;0
write;0;1;0;0;0;0;0;0;4;0;0;0;0;0
william;0;0;0;3;0;1;0;0;0;0;0;1;0;0
widely;0;0;5;0;0;0;0;0;0;0;0;0;0;0
wave;1;0;0;0;0;0;0;0;0;0;0;0;4;0
volcano;0;0;0;0;0;0;0;0;3;0;0;2;0;0
victorian;0;0;0;0;1;0;0;0;0;0;0;2;0;1
unusual;0;0;5;0;0;0;0;0;0;0;0;0;0;0
ultrarrealistic;5;0;0;0;0;0;0;0;0;0;0;0;0;0
uk;0;0;0;0;0;0;0;0;0;0;0;0;0;4
tyler;0;0;0;0;0;0;0;0;0;0;0;5;0;0
titanium;0;0;0;0;0;0;5;0;0;0;0;0;0;0
tile;0;0;0;0;0;0;0;0;3;0;0;2;0;0
thunder;0;0;5;0;0;0;0;0;0;0;0;0;0;0
tarot;0;0;0;5;0;0;0;0;0;0;0;0;0;0
symetrical;0;0;0;0;0;0;3;0;2;0;0;0;0;0
sunset;0;1;0;0;0;1;0;0;0;0;0;3;0;0
stun;0;0;0;0;0;0;0;0;0;0;0;5;0;0
structure;0;0;0;0;0;1;0;0;4;0;0;0;0;0
stone;0;0;0;1;0;0;0;0;4;0;0;0;0;0
starry;0;0;0;4;0;0;0;0;0;0;0;1;0;0
sport;0;0;0;0;0;0;2;0;0;0;0;0;3;0
spain;0;0;0;0;0;0;0;0;0;0;0;0;0;3
soft;0;0;0;0;0;0;0;0;1;0;0;0;4;0
simplistic;0;0;1;0;0;0;0;0;0;0;0;0;0;4
simon;0;0;0;0;0;0;0;0;0;0;0;5;0;0
sign;0;0;0;0;0;2;0;0;1;0;0;0;2;0
shusei;0;0;0;0;0;5;0;0;0;0;0;0;0;0
selfie;0;0;0;0;0;0;0;5;0;0;0;0;0;0
select;0;0;5;0;0;0;0;0;0;0;0;0;0;0
salvador;0;0;0;0;0;1;0;0;0;0;0;1;0;2
represent;0;0;0;0;0;0;0;0;1;0;0;2;0;1
rene;0;0;0;0;0;0;0;0;0;0;0;4;0;1
razumov;0;0;0;5;0;0;0;0;0;0;0;0;0;0
professionally;0;0;0;0;0;0;0;0;0;0;0;0;0;5
portray;0;0;0;0;0;0;5;0;0;0;0;0;0;0
pinterest;0;0;0;0;0;0;0;0;3;0;0;2;0;0
peace;0;0;0;0;0;1;1;0;1;0;0;0;1;1
pastel;0;0;0;0;0;0;0;0;0;0;0;3;2;0
overwatch;0;0;0;0;0;3;0;0;0;0;0;1;0;0
organic;0;0;0;0;0;0;0;0;3;0;0;1;0;0
odd;0;0;5;0;0;0;0;0;0;0;0;0;0;0
norwegian;0;0;0;0;0;0;0;0;0;0;0;0;0;5
norway;5;0;0;0;0;0;0;0;0;0;0;0;0;0
noah;0;0;0;0;0;0;0;0;0;0;0;0;0;5
network;0;0;0;0;0;0;4;0;0;0;0;0;0;0
neoclassicism;0;0;0;0;0;5;0;0;0;0;0;0;0;0
nazi;0;0;0;0;2;1;0;0;0;0;0;1;0;0
natural;0;0;0;0;0;0;0;0;2;0;0;0;0;1
nagaoka;0;0;0;0;0;5;0;0;0;0;0;0;0;0
moody;0;0;0;0;0;0;0;0;2;0;0;2;1;0
mismatch;0;0;5;0;0;0;0;0;0;0;0;0;0;0
martin;0;0;0;4;0;0;0;0;0;0;0;0;1;0
mark;0;0;0;0;0;0;3;0;0;0;0;2;0;0
mandelbrot;0;0;0;4;0;0;0;0;1;0;0;0;0;0
lord;0;0;0;0;0;0;3;0;0;0;0;0;0;1
leg;0;0;0;5;0;0;0;0;0;0;0;0;0;0
leave;0;0;0;0;0;0;4;1;0;0;0;0;0;0
land;0;0;0;0;0;1;0;0;0;0;0;0;0;4
konstantin;0;0;0;5;0;0;0;0;0;0;0;0;0;0
king;1;0;0;0;0;0;0;0;0;0;0;0;0;4
karl;0;0;0;0;0;0;5;0;0;0;0;0;0;0
julius;0;0;0;0;0;0;0;0;0;0;0;0;0;5
interstellar;0;0;0;5;0;0;0;0;0;0;0;0;0;0
inspire;0;0;0;0;0;0;0;0;0;0;0;4;0;0
include;0;0;0;0;0;0;2;0;0;0;0;0;0;3
imax;0;0;0;0;5;0;0;0;0;0;0;0;0;0
ilya;0;0;0;0;0;3;0;0;0;0;0;2;0;0
horizon;0;0;0;0;0;0;0;1;1;0;0;2;0;0
heroic;0;0;0;0;0;0;0;0;0;0;0;4;0;1
gilleard;0;0;0;0;0;5;0;0;0;0;0;0;0;0
giancola;0;0;0;0;0;5;0;0;0;0;0;0;0;0
gather;0;0;0;1;4;0;0;0;0;0;0;0;0;0
fusion;0;0;0;0;0;0;5;0;0;0;0;0;0;0
friedrich;0;0;0;4;0;0;0;0;1;0;0;0;0;0
french;0;0;0;0;0;1;0;0;0;0;0;2;0;0
fountain;0;0;0;5;0;0;0;0;0;0;0;0;0;0
form;0;0;0;0;0;2;0;0;2;0;0;0;0;0
fine;0;0;0;0;0;0;0;0;0;0;0;2;3;0
fictional;0;0;0;0;0;0;5;0;0;0;0;0;0;0
fascist;3;0;0;0;0;1;0;0;0;0;0;1;0;0
england;0;0;0;2;0;1;0;0;0;0;0;0;0;1
embroided;0;0;0;0;5;0;0;0;0;0;0;0;0;0
edge;0;0;0;0;0;0;0;0;0;0;0;1;4;0
dore;0;0;0;0;0;0;0;0;0;1;0;1;0;3
donato;0;0;0;0;0;5;0;0;0;0;0;0;0;0
defeat;3;0;0;0;0;2;0;0;0;0;0;0;0;0
death;0;0;0;0;0;0;0;0;0;0;0;5;0;0
darek;0;0;0;0;0;0;0;0;0;0;0;0;0;5
cute;0;0;1;0;1;0;2;0;0;0;0;0;0;0
curve;0;0;0;0;0;0;4;0;0;0;0;1;0;0
cross;0;0;0;0;5;0;0;0;0;0;0;0;0;0
craig;0;0;0;0;0;0;0;0;0;0;0;5;0;0
coronation;0;0;0;0;0;0;0;0;3;2;0;0;0;0
comic;0;0;0;0;0;0;0;0;0;0;0;3;2;0
collapse;0;0;0;0;0;0;3;0;1;0;0;1;0;0
cold;5;0;0;0;0;0;0;0;0;0;0;0;0;0
clear;0;0;0;0;0;0;0;0;2;0;0;1;0;2
classic;0;0;0;0;0;0;0;0;5;0;0;0;0;0
chiaroscuro;0;0;0;3;0;0;0;0;0;0;0;2;0;0
change;0;0;0;0;0;0;0;0;0;0;0;0;0;5
castle;0;0;0;0;0;1;0;1;0;0;0;3;0;0
caspar;0;0;0;4;0;0;0;0;1;0;0;0;0;0
card;0;0;0;5;0;0;0;0;0;0;0;0;0;0
camaraderie;0;5;0;0;0;0;0;0;0;0;0;0;0;0
cake;0;0;2;0;0;0;0;0;0;0;0;1;0;0
caesar;0;0;0;0;0;0;0;0;0;0;0;0;0;5
bradley;0;0;0;0;0;0;0;0;0;0;0;0;0;5
bold;0;0;0;0;0;0;5;0;0;0;0;0;0;0
bokeh;0;4;0;0;0;0;0;0;0;0;0;1;0;0
blender;0;0;0;0;0;0;0;0;0;0;0;1;4;0
bird;0;0;3;0;0;1;0;0;0;0;0;1;0;0
baltic;3;0;0;0;0;0;0;0;0;0;0;0;1;0
asset;0;0;4;0;0;0;0;0;1;0;0;0;0;0
amaze;0;0;0;0;0;0;1;0;0;1;0;3;0;0
alert;5;0;0;0;0;0;0;0;0;0;0;0;0;0
air;0;0;0;0;0;0;0;0;0;0;0;4;0;0
zoom;0;0;0;0;0;0;0;0;0;0;0;4;0;0
zaha;0;0;0;0;0;0;0;0;4;0;0;0;0;0
young;0;0;0;0;0;2;0;0;0;0;0;2;0;0
ww;0;0;0;0;0;0;0;0;0;0;0;4;0;0
wlop;0;0;0;0;0;3;0;0;0;0;0;1;0;0
washington;0;0;0;0;0;0;0;0;0;0;0;4;0;0
walk;0;0;0;0;0;0;0;0;2;0;0;2;0;0
vexilology;0;0;0;2;1;0;0;0;0;0;0;1;0;0
value;0;0;0;0;4;0;0;0;0;0;0;0;0;0
ureal;0;0;0;0;0;0;0;0;4;0;0;0;0;0
unit;0;0;0;0;0;0;0;4;0;0;0;0;0;0
turkey;2;0;0;0;0;0;2;0;0;0;0;0;0;0
trace;0;0;0;0;0;0;0;0;0;0;0;3;1;0
town;0;1;0;1;0;0;0;0;0;0;0;2;0;0
tor;0;0;0;0;0;4;0;0;0;0;0;0;0;0
tilt;0;0;0;0;0;0;0;0;4;0;0;0;0;0
tattoo;0;0;0;0;0;0;4;0;0;0;0;0;0;0
suit;0;0;0;0;0;1;0;0;0;0;0;1;2;0
strand;0;0;0;0;0;0;0;0;0;0;0;4;0;0
storm;0;0;2;0;0;0;0;0;0;0;0;1;0;0
sticker;0;0;0;0;0;0;4;0;0;0;0;0;0;0
steven;0;0;0;4;0;0;0;0;0;0;0;0;0;0
steampunk;0;0;0;0;0;1;0;1;0;0;0;2;0;0
spire;0;0;0;2;0;0;0;0;0;0;0;2;0;0
sparkle;0;0;2;0;0;0;0;0;0;0;0;2;0;0
southern;0;0;0;0;4;0;0;0;0;0;0;0;0;0
shrimp;4;0;0;0;0;0;0;0;0;0;0;0;0;0
shift;0;0;0;0;0;0;0;0;4;0;0;0;0;0
secret;0;0;0;0;0;1;0;0;0;0;0;1;0;2
sea;0;0;0;0;0;0;0;0;0;0;0;0;0;4
scary;2;0;0;1;0;0;0;0;0;0;0;1;0;0
scandinavia;0;0;0;0;0;0;0;0;0;0;0;0;0;4
scan;0;0;0;0;0;0;2;0;0;0;0;0;2;0
room;0;0;0;0;0;0;0;0;0;0;0;4;0;0
rise;0;0;0;0;0;0;0;0;0;0;0;4;0;0
rios;0;0;0;4;0;0;0;0;0;0;0;0;0;0
rifle;0;0;0;0;0;4;0;0;0;0;0;0;0;0
region;0;0;0;0;0;0;0;0;0;0;0;0;0;4
raphael;0;0;0;0;0;0;0;0;0;0;0;4;0;0
random;0;0;0;0;0;0;0;0;0;0;0;1;3;0
private;0;0;0;0;4;0;0;0;0;0;0;0;0;0
police;0;0;0;0;0;1;0;0;0;1;0;2;0;0
plateau;0;0;0;4;0;0;0;0;0;0;0;0;0;0
plant;0;0;0;0;0;0;0;0;1;0;0;3;0;0
photoshop;0;0;0;0;4;0;0;0;0;0;0;0;0;0
peter;0;0;0;0;0;1;0;0;0;0;0;3;0;0
pantoja;0;4;0;0;0;0;0;0;0;0;0;0;0;0
neon;0;0;0;0;0;0;0;0;3;0;0;1;0;0
mountain;0;0;0;0;0;0;1;0;0;0;0;2;0;1
mordor;0;0;0;0;0;1;0;0;0;0;0;0;0;3
monochrome;0;0;0;0;0;0;4;0;0;0;0;0;0;0
metropolis;0;0;0;0;0;0;0;0;3;0;0;1;0;0
megalopolis;0;0;0;4;0;0;0;0;0;0;0;0;0;0
medium;0;0;0;0;0;0;0;0;0;0;0;2;0;1
massive;0;0;0;1;0;0;0;0;2;0;0;0;1;0
manna;0;0;0;0;4;0;0;0;0;0;0;0;0;0
maid;0;0;0;0;0;4;0;0;0;0;0;0;0;0
magritte;0;0;0;0;0;0;0;0;0;0;0;3;0;1
madgwick;0;0;0;4;0;0;0;0;0;0;0;0;0;0
macro;0;0;0;0;0;0;3;0;1;0;0;0;0;0
laurie;0;0;0;0;0;0;0;3;0;0;0;1;0;0
kuvshinov;0;0;0;0;0;3;0;0;0;0;0;1;0;0
knife;0;0;0;0;0;4;0;0;0;0;0;0;0;0
joseph;0;0;0;2;0;1;1;0;0;0;0;0;0;0
johannes;0;0;0;0;0;0;0;0;3;0;0;1;0;0
jamie;0;0;0;0;0;4;0;0;0;0;0;0;0;0
jag;0;0;0;0;0;0;3;0;0;0;0;0;0;1
ivan;0;0;0;0;0;2;1;0;0;0;0;1;0;0
isolate;0;0;0;4;0;0;0;0;0;0;0;0;0;0
intense;0;0;0;0;0;0;0;0;0;0;2;1;0;0
insigne;0;4;0;0;0;0;0;0;0;0;0;0;0;0
independence;0;0;0;0;0;1;0;0;0;0;0;0;0;3
ilustration;0;0;0;0;0;0;1;0;0;0;0;2;1;0
ice;0;0;0;0;0;3;0;0;1;0;0;0;0;0
hodas;0;4;0;0;0;0;0;0;0;0;0;0;0;0
history;0;0;0;0;0;2;0;0;0;0;0;1;0;1
heade;0;0;0;4;0;0;0;0;0;0;0;0;0;0
hat;0;0;0;0;2;0;0;0;0;0;0;0;2;0
hadid;0;0;0;0;0;0;0;0;4;0;0;0;0;0
greek;0;0;0;0;0;1;0;0;0;0;0;2;0;0
greasley;0;0;0;0;0;0;0;3;0;0;0;1;0;0
gorgeous;0;0;0;0;0;1;0;0;3;0;0;0;0;0
gerstner;0;0;0;0;0;0;4;0;0;0;0;0;0;0
geof;0;4;0;0;0;0;0;0;0;0;0;0;0;0
gemini;0;0;0;0;0;0;1;0;0;0;0;0;3;0
frank;0;0;0;0;0;0;0;0;2;0;0;1;1;0
filip;0;4;0;0;0;0;0;0;0;0;0;0;0;0
ferreira;0;0;0;4;0;0;0;0;0;0;0;0;0;0
female;0;0;0;0;0;2;0;0;0;0;0;2;0;0
fanbox;0;0;0;0;0;4;0;0;0;0;0;0;0;0
fanart;0;0;0;0;0;0;0;0;2;0;0;1;0;0
explosion;0;0;0;0;0;0;0;0;0;0;0;4;0;0
enjoy;0;0;0;0;0;0;0;4;0;0;0;0;0;0
elf;0;0;0;0;0;1;0;0;0;0;0;0;0;3
edlin;0;0;0;0;0;0;0;0;0;0;0;4;0;0
eagle;0;0;0;0;4;0;0;0;0;0;0;0;0;0
dream;0;0;0;0;0;1;0;0;1;0;0;2;0;0
dnd;0;0;0;0;0;0;1;0;0;0;0;1;0;1
district;0;0;0;4;0;0;0;0;0;0;0;0;0;0
darrow;0;4;0;0;0;0;0;0;0;0;0;0;0;0
danish;4;0;0;0;0;0;0;0;0;0;0;0;0;0
dalo;0;0;0;0;0;1;0;0;0;0;0;0;0;2
crown;0;0;0;0;0;0;3;0;0;0;0;0;1;0
crackle;0;0;0;0;0;0;0;0;0;0;0;0;4;0
covid;3;0;0;0;0;0;0;0;0;0;0;1;0;0
council;0;0;0;0;0;4;0;0;0;0;0;0;0;0
combine;4;0;0;0;0;0;0;0;0;0;0;0;0;0
coin;0;0;0;0;0;0;0;0;1;0;0;1;2;0
cloudy;0;0;0;0;0;0;0;0;1;3;0;0;0;0
climate;0;0;0;0;0;0;0;0;0;0;0;0;0;4
cape;0;0;0;0;0;0;0;0;0;0;0;4;0;0
brandenburger;0;0;0;0;0;4;0;0;0;0;0;0;0;0
boris;0;0;0;2;0;1;0;0;0;1;0;0;0;0
billy;0;0;0;0;0;0;3;0;0;0;0;1;0;0
benoit;0;0;0;4;0;0;0;0;0;0;0;0;0;0
belledin;0;0;0;4;0;0;0;0;0;0;0;0;0;0
badge;0;0;0;0;4;0;0;0;0;0;0;0;0;0
atlas;0;0;0;0;0;0;0;0;0;0;0;0;0;4
astrophotography;0;0;0;0;0;0;0;0;0;0;0;0;4;0
ariel;0;0;0;0;0;0;0;0;0;0;0;4;0;0
animal;2;0;0;0;0;0;0;0;0;0;0;2;0;0
angry;3;0;0;0;0;0;0;0;0;0;0;0;1;0
alandia;0;4;0;0;0;0;0;0;0;0;0;0;0;0
alan;0;0;0;1;0;0;0;0;0;0;0;3;0;0
action;1;0;0;0;0;2;1;0;0;0;0;0;0;0
acrylic;0;0;0;0;0;2;0;0;0;0;0;0;2;0
zombie;0;0;0;1;0;0;0;0;0;0;0;2;0;0
zdzislaw;0;0;0;0;0;0;0;0;0;0;0;3;0;0
yugoslavia;0;0;0;0;0;0;0;0;0;0;3;0;0;0
wood;0;0;0;0;0;0;0;0;0;0;0;3;0;0
window;0;0;0;0;0;0;0;0;0;0;0;3;0;0
wheel;0;0;0;0;0;0;0;0;0;0;0;0;2;1
whalen;0;0;0;0;0;0;0;3;0;0;0;0;0;0
waterfall;0;0;0;0;0;0;0;0;1;0;0;2;0;0
warn;1;0;0;0;0;0;0;0;0;0;0;2;0;0
warhol;0;0;0;0;0;0;3;0;0;0;0;0;0;0
wallpaper;0;0;0;1;0;0;0;1;0;0;0;1;0;0
voss;0;0;0;0;0;0;0;0;3;0;0;0;0;0
village;0;0;0;0;0;0;0;0;0;0;0;1;0;2
van;0;0;0;0;0;1;0;0;0;0;0;2;0;0
usa;2;0;1;0;0;0;0;0;0;0;0;0;0;0
urban;0;0;0;0;0;1;0;0;0;0;0;1;0;1
update;0;0;0;0;3;0;0;0;0;0;0;0;0;0
uhd;0;0;0;0;0;0;2;0;0;0;0;0;0;1
turtle;0;0;0;2;0;0;0;0;0;0;0;0;0;1
tribal;0;0;0;0;0;0;0;0;0;0;0;0;0;3
tread;0;0;0;0;0;0;0;3;0;0;0;0;0;0
tiny;0;0;0;0;0;0;0;0;0;0;0;1;2;0
teo;0;0;0;0;3;0;0;0;0;0;0;0;0;0
tarsila;0;3;0;0;0;0;0;0;0;0;0;0;0;0
tanaka;0;0;0;0;0;0;3;0;0;0;0;0;0;0
tactic;0;0;0;0;0;0;0;0;0;0;0;0;0;3
symbolic;0;0;0;0;0;0;3;0;0;0;0;0;0;0
surround;0;0;0;0;0;0;0;0;1;0;0;2;0;0
sunbeam;0;0;0;1;0;0;0;0;2;0;0;0;0;0
stormwind;0;0;0;0;0;0;0;0;0;0;0;0;0;3
statistic;0;0;0;0;0;0;0;0;0;0;0;0;0;3
stalenhag;0;0;0;0;0;0;0;0;0;0;0;3;0;0
stack;0;0;0;0;0;0;1;0;1;0;0;0;0;1
split;0;0;0;0;0;0;0;0;0;0;0;1;0;2
splash;0;0;0;0;0;0;1;0;1;0;0;1;0;0
spider;0;0;0;0;0;1;0;0;0;0;2;0;0;0
speed;0;0;0;1;0;0;0;0;0;0;0;0;0;2
solidity;0;0;0;0;0;3;0;0;0;0;0;0;0;0
solid;0;0;0;0;0;0;1;0;1;0;0;0;1;0
snail;0;0;0;0;0;0;3;0;0;0;0;0;0;0
simplify;0;0;0;0;0;0;2;0;0;0;0;0;1;0
silhouette;0;0;0;0;0;0;1;0;0;0;0;1;1;0
sid;0;0;0;0;0;0;0;0;0;0;0;0;0;3
shiny;0;0;0;0;1;0;0;0;2;0;0;0;0;0
shallow;0;0;0;0;0;0;0;0;1;0;0;1;1;0
scientist;0;0;0;0;0;0;0;0;0;0;0;3;0;0
sao;0;3;0;0;0;0;0;0;0;0;0;0;0;0
rough;0;0;0;0;0;0;3;0;0;0;0;0;0;0
romance;0;3;0;0;0;0;0;0;0;0;0;0;0;0
rhads;0;0;0;0;0;3;0;0;0;0;0;0;0;0
repetitive;0;0;0;0;0;0;0;0;0;0;0;0;0;3
renowned;0;0;0;0;0;0;0;0;0;0;0;0;0;3
renewel;0;0;0;0;0;0;0;0;0;0;0;0;0;3
regional;0;0;0;0;0;0;0;0;0;0;0;0;0;3
reflection;0;0;0;0;0;0;0;0;3;0;0;0;0;0
recursive;0;0;0;0;0;0;0;0;0;0;0;0;0;3
rectangle;0;0;0;0;0;0;0;0;0;0;0;2;1;0
realm;0;0;0;0;0;0;0;0;0;0;0;0;0;3
protest;0;0;0;0;0;1;0;0;0;0;0;1;0;1
projection;0;0;0;0;0;0;0;0;0;0;0;0;0;3
progresso;0;0;0;0;0;0;0;0;3;0;0;0;0;0
program;0;0;0;0;0;0;2;0;0;0;0;1;0;0
process;0;0;0;0;0;0;0;0;0;1;0;2;0;0
pro;3;0;0;0;0;0;0;0;0;0;0;0;0;0
powerful;0;0;0;0;0;2;0;0;0;0;0;1;0;0
postprocessing;0;0;0;3;0;0;0;0;0;0;0;0;0;0
polynesian;0;0;0;1;0;0;2;0;0;0;0;0;0;0
politician;0;0;0;0;0;0;0;0;0;0;0;3;0;0
plastic;0;0;0;0;0;0;0;0;3;0;0;0;0;0
pj;0;0;0;0;0;0;0;0;0;0;0;3;0;0
pike;0;0;0;0;0;0;3;0;0;0;0;0;0;0
phrase;3;0;0;0;0;0;0;0;0;0;0;0;0;0
petros;0;0;0;0;0;0;0;3;0;0;0;0;0;0
paulo;0;3;0;0;0;0;0;0;0;0;0;0;0;0
paul;0;0;0;0;0;0;3;0;0;0;0;0;0;0
particle;0;0;0;0;0;0;3;0;0;0;0;0;0;0
pantheon;0;0;0;0;0;0;0;0;2;0;0;0;1;0
pallet;0;0;3;0;0;0;0;0;0;0;0;0;0;0
pack;0;0;0;0;0;0;2;0;1;0;0;0;0;0
pac;0;0;0;0;0;0;0;0;0;0;0;3;0;0
outline;0;0;0;0;0;0;3;0;0;0;0;0;0;0
ordem;0;0;0;0;0;0;0;0;3;0;0;0;0;0
orange;1;0;0;0;0;0;0;0;0;0;0;2;0;0
opossum;3;0;0;0;0;0;0;0;0;0;0;0;0;0
object;0;0;0;0;0;0;0;0;0;1;0;1;1;0
nightmare;0;0;0;0;0;0;0;0;0;0;0;3;0;0
neural;0;0;0;0;0;0;3;0;0;0;0;0;0;0
mute;0;0;0;0;0;0;0;0;0;0;0;1;2;0
mullins;0;0;0;0;0;0;0;0;0;0;0;3;0;0
movement;0;1;0;0;0;0;0;0;0;0;0;0;2;0
moore;0;0;0;0;0;1;0;0;0;0;0;2;0;0
moonlight;0;0;0;0;0;0;0;1;0;0;0;2;0;0
monstrous;3;0;0;0;0;0;0;0;0;0;0;0;0;0
monster;0;0;0;0;0;0;0;0;0;0;1;2;0;0
mohrbacher;0;0;0;0;0;1;0;0;0;0;0;2;0;0
mix;0;0;0;0;0;0;0;0;0;1;0;2;0;0
misty;0;0;0;0;0;0;0;0;3;0;0;0;0;0
miss;0;0;0;0;0;0;0;0;0;0;0;0;0;3
mike;0;0;0;0;0;0;0;0;0;0;0;3;0;0
midnight;0;0;0;0;0;0;1;0;0;0;0;2;0;0
midle;0;0;0;0;0;0;0;0;3;0;0;0;0;0
meier;0;0;0;0;0;0;0;0;0;0;0;0;0;3
mega;0;0;0;0;0;0;0;0;0;0;3;0;0;0
material;0;0;1;0;0;0;0;0;1;0;0;0;1;0
manga;0;0;0;0;0;0;0;0;0;0;0;0;0;3
male;3;0;0;0;0;0;0;0;0;0;0;0;0;0
magical;0;0;3;0;0;0;0;0;0;0;0;0;0;0
madwick;0;0;0;0;0;0;0;0;0;0;0;0;3;0
lovecraft;0;0;0;0;0;3;0;0;0;0;0;0;0;0
longshot;0;0;0;0;0;0;0;0;0;0;0;0;3;0
live;0;0;0;0;0;0;0;0;0;0;0;3;0;0
lithuania;0;0;0;0;0;0;0;0;0;0;0;3;0;0
lit;0;0;0;0;0;1;0;0;0;0;0;2;0;0
leyendecker;0;0;1;0;0;1;0;0;0;0;0;0;1;0
lenin;0;0;0;0;0;0;0;0;0;1;0;2;0;0
lecouffe;0;0;0;0;0;0;0;0;0;0;0;0;3;0
kojima;0;0;0;0;0;3;0;0;0;0;0;0;0;0
khreschatyk;0;0;0;0;0;0;0;0;0;0;0;0;0;3
keyshot;0;0;0;0;0;0;0;0;3;0;0;0;0;0
jorge;0;0;0;0;0;0;0;0;0;0;0;3;0;0
jim;0;0;0;0;0;0;1;0;0;0;0;0;0;2
japanese;0;0;0;0;0;1;1;0;0;0;0;1;0;0
jacques;0;0;0;0;0;0;0;0;3;0;0;0;0;0
jacinto;0;0;0;0;0;0;0;0;0;0;0;3;0;0
italy;0;0;0;0;0;0;1;0;0;0;0;0;0;2
ireland;0;0;0;0;0;0;0;0;1;0;0;0;0;2
iphone;3;0;0;0;0;0;0;0;0;0;0;0;0;0
invade;0;0;0;1;0;0;0;0;0;2;0;0;0;0
intricately;0;0;0;0;0;0;0;0;0;0;0;0;0;3
impressive;0;0;0;0;0;0;0;0;0;0;0;3;0;0
important;0;0;0;0;0;3;0;0;0;0;0;0;0;0
impact;0;0;0;0;0;2;0;0;0;0;0;0;0;1
hubert;0;0;0;0;0;0;0;0;0;0;0;0;3;0
holy;0;0;0;0;0;0;0;0;0;0;0;3;0;0
hide;0;0;0;0;0;1;0;0;0;0;0;0;1;1
heavenly;0;0;0;0;0;0;0;0;0;0;0;0;0;3
heat;0;0;0;0;0;1;0;0;2;0;0;0;0;0
guild;0;0;0;0;0;0;3;0;0;0;0;0;0;0
grass;2;0;0;0;1;0;0;0;0;0;0;0;0;0
grant;0;0;0;0;0;0;0;0;0;0;0;3;0;0
gonsalves;0;0;0;0;0;0;0;0;0;0;0;1;0;2
gondor;0;0;0;0;0;0;0;0;3;0;0;0;0;0
glory;0;0;1;0;0;0;0;0;2;0;0;0;0;0
gadsden;0;0;0;0;0;0;0;3;0;0;0;0;0;0
futurism;0;0;0;0;0;0;0;0;1;0;0;0;2;0
forest;0;0;1;0;0;1;0;0;1;0;0;0;0;0
font;0;0;0;0;0;0;1;0;2;0;0;0;0;0
fo;0;0;0;0;0;0;3;0;0;0;0;0;0;0
fat;0;0;0;0;0;0;0;0;0;2;0;0;0;1
fall;0;0;0;0;0;0;0;0;0;0;0;3;0;0
fake;0;0;0;0;0;3;0;0;0;0;0;0;0;0
extreme;0;0;0;0;0;2;0;0;0;0;0;1;0;0
export;0;0;0;0;0;0;0;0;0;0;0;0;0;3
even;0;0;0;1;0;1;0;0;0;0;0;1;0;0
eternity;0;0;0;0;0;3;0;0;0;0;0;0;0;0
establish;0;0;0;0;0;0;0;0;0;0;0;3;0;0
escher;0;0;0;1;0;0;1;0;0;0;0;1;0;0
erase;0;0;0;0;0;0;0;0;0;0;0;0;0;3
emperor;0;0;0;0;0;1;1;0;0;0;0;1;0;0
eat;0;0;0;2;0;0;0;0;0;0;0;0;0;1
dynasty;0;0;0;0;0;0;0;0;3;0;0;0;0;0
dubai;0;0;0;0;0;0;0;0;0;2;0;1;0;0
drive;0;0;0;2;0;1;0;0;0;0;0;0;0;0
divide;0;0;0;0;0;0;0;0;1;0;0;2;0;0
disc;0;0;0;0;0;0;0;0;0;0;0;0;3;0
developer;3;0;0;0;0;0;0;0;0;0;0;0;0;0
delville;0;0;0;0;0;3;0;0;0;0;0;0;0;0
deharme;0;0;0;0;0;0;0;0;0;0;0;0;3;0
deep;0;0;0;0;0;2;0;0;1;0;0;0;0;0
cthulhu;1;0;0;0;0;1;0;0;0;0;0;0;1;0
cryptocurrency;0;0;0;0;0;0;0;0;0;0;0;3;0;0
crook;0;0;0;0;0;0;0;0;0;0;0;3;0;0
creepy;0;0;0;0;0;0;0;0;0;0;0;3;0;0
control;0;0;0;0;0;0;0;0;0;0;0;3;0;0
condition;0;0;0;0;0;0;0;0;0;0;0;0;0;3
common;0;0;0;0;0;0;1;0;0;0;0;1;0;1
colffue;0;0;0;0;0;0;0;0;0;0;0;0;0;3
clip;0;0;2;0;0;0;0;0;0;0;0;1;0;0
cinema;0;0;0;0;0;0;0;0;1;0;0;1;1;0
child;0;0;0;0;0;0;0;0;0;0;0;0;1;2
centre;1;0;0;0;0;0;1;0;0;0;0;1;0;0
cave;0;0;0;0;0;0;0;0;2;0;0;0;1;0
carry;0;0;0;0;0;0;0;0;0;0;0;3;0;0
call;0;0;0;0;0;0;1;0;0;1;0;1;0;0
caliphate;0;0;0;0;0;0;0;0;0;0;3;0;0;0
butch;0;0;0;0;0;0;3;0;0;0;0;0;0;0
business;0;0;0;0;0;0;1;0;0;0;0;1;1;0
buckingham;0;0;0;0;0;3;0;0;0;0;0;0;0;0
brush;0;0;0;1;0;2;0;0;0;0;0;0;0;0
brom;0;0;0;0;0;0;0;0;1;0;0;2;0;0
breathtaking;0;0;0;0;0;0;0;0;0;0;0;3;0;0
brand;0;0;0;0;0;0;1;0;0;0;0;0;0;2
box;3;0;0;0;0;0;0;0;0;0;0;0;0;0
bottom;0;0;0;1;0;0;0;0;0;0;0;0;2;0
bosch;0;0;1;0;0;0;0;0;0;0;0;1;1;0
book;0;0;1;0;0;0;0;0;0;0;0;0;1;1
boardroom;0;0;0;0;0;0;0;0;0;0;0;3;0;0
block;1;0;1;0;0;0;1;0;0;0;0;0;0;0
bitcoin;0;0;0;0;0;0;0;0;0;0;0;3;0;0
bastien;0;0;0;0;0;0;0;0;0;0;0;0;3;0
banana;0;0;0;0;0;0;0;0;2;0;0;1;0;0
ayami;0;0;0;0;0;3;0;0;0;0;0;0;0;0
avoid;3;0;0;0;0;0;0;0;0;0;0;0;0;0
australian;0;0;0;0;3;0;0;0;0;0;0;0;0;0
auburn;0;0;0;0;3;0;0;0;0;0;0;0;0;0
atlantis;0;0;0;0;0;0;0;0;3;0;0;0;0;0
asian;0;0;0;0;3;0;0;0;0;0;0;0;0;0
argue;0;0;0;0;0;0;0;0;0;0;0;3;0;0
antique;0;0;0;0;0;0;0;0;0;0;0;0;0;3
andy;0;0;0;0;0;0;3;0;0;0;0;0;0;0
amaral;0;3;0;0;0;0;0;0;0;0;0;0;0;0
alphabet;0;0;1;1;0;0;0;0;0;0;0;1;0;0
alliance;0;0;0;0;0;0;0;0;0;0;0;0;0;3
alley;0;0;0;0;0;0;0;0;3;0;0;0;0;0
alien;0;0;0;0;0;1;1;0;0;0;0;0;0;1
alex;2;0;0;0;0;0;0;0;0;0;0;1;0;0
ak;3;0;0;0;0;0;0;0;0;0;0;0;0;0
ai;0;0;0;0;0;0;2;0;0;0;0;1;0;0
age;0;0;0;0;0;2;0;0;0;0;0;1;0;0
afshar;0;0;0;0;0;0;0;3;0;0;0;0;0;0
advertise;1;0;0;0;0;0;0;0;0;0;0;1;0;1
abbasid;0;0;0;0;0;0;0;0;0;0;3;0;0;0
2d;0;0;0;0;0;2;0;0;1;0;0;0;0;0
1930s;1;0;0;0;0;0;0;0;0;0;2;0;0;0