"";"classe 1";"classe 2";"classe 3";"classe 4";"classe 5";"classe 6";"classe 7";"classe 8";"classe 9";"classe 10";"classe 11";"classe 12";"classe 13";"classe 14"
"art";1;1;0,332;0,319;1;1;1;0;1;0;0;1;1;1
"detail";1;1;1;1;0,044;1;1;0;1;0;0;0,835;1;1
"paint";1;0;1;1;0,61;1;1;0;1;0;0;1;1;1
"artstation";1;1;1;1;0,012;1;1;0;1;0;0;1;1;1
"flag";1;1;0,02;1;1;1;1;0;1;0;0;1;1;1
"blue";1;1;1;1;1;1;0,754;0;1;0;0;1;1;1
"digital";1;1;1;1;1;1;1;0;1;0;0;1;1;1
"concept";1;1;1;1;0,162;1;1;0;1;0;0;1;1;1
"sharp";1;1;1;1;1;1;1;0;1;0;0;1;1;1
"highly";1;0,092;1;1;0,22;1;1;1;1;0;0;1;1;1
"rutkowski";1;1;1;1;1;1;1;0;1;0;0;1;1;1
"focus";1;1;1;1;1;1;1;0;1;0;0;1;1;1
"greg";1;1;1;1;1;1;1;0;1;0;0;1;1;1
"yellow";1;1;1;1;1;1;1;0;1;0;0;1;1;1
"intricate";1;1;1;1;1;1;1;0;1;0;0;1;1;1
"illustration";1;1;1;1;1;1;1;0;1;0;0;1;1;1
"matte";1;0;1;1;1;1;1;0;1;0;0;1;1;1
"fantasy";1;1;1;0,862;1;1;1;0;1;0;0;1;1;1
"light";1;1;1;0,149;0,025;0,096;1;0;1;1;0;0,029;1;1
"artgerm";1;1;1;1;1;1;1;0;1;0;0;1;1;1
"soldier";1;1;1;1;1;1;1;0;1;0;0;1;1;1
"alphonse";1;1;1;1;1;1;1;0;1;0;0;1;1;1
"mucha";1;1;1;1;1;1;1;0;1;0;0;1;1;1
"elegant";1;1;1;1;1;1;1;0;1;0;0;1;1;1
"ukrainian";1;1;1;1;1;1;1;0;1;0;0;1;1;1
"extremely";1;1;1;1;1;1;1;0;1;0;1;1;1;1
"figure";1;1;1;1;1;1;1;0;1;0;0;1;1;1
"masculine";1;1;1;1;1;1;1;0;1;0;0;1;1;1
"smooth";1;1;1;1;1;1;1;0;1;0;1;1;1;1
"realistic";1;1;1;1;1;1;1;0;1;0,321;0,641;1;1;1
"stand";1;1;1;1;1;1;1;1;1;0;0;1;1;1
"shoot";1;1;1;1;1;1;1;1;1;0;0;1;1;1
"super";1;1;1;1;1;1;1;1;1;0;0;1;1;1
"pile";1;1;1;1;1;1;1;1;1;0;0;1;1;1
"skull";1;1;1;1;1;1;1;1;1;0;0;1;1;1
"trend";1;1;1;0;0;0;1;1;1;1;1;0;1;1
"winner";1;1;1;1;1;1;1;1;1;0;0;1;1;1
"huge";1;1;1;1;0,954;1;1;1;1;0;0,004;1;1;1
"volumetric";1;1;1;0;0,014;1;1;0;1;1;1;1;1;1
"hyper";1;1;1;1;1;1;1;0;1;0,063;1;1;1;1
"logo";1;1;1;1;1;1;0;1;0,038;1;1;1;0,702;1
"high";1;1;1;0;0;1;1;1;0,221;1;1;0;0,849;1
"symmetrical";1;1;1;1;1;1;1;1;1;0;0;1;1;1
"bright";1;1;0,92;1;0,249;1;1;0;1;1;1;1;1;1
"background";1;1;0,61;1;1;1;1;0;0,128;1;1;0,031;0;1
"style";1;1;1;0,294;0,013;0,017;0,39;1;1;1;1;0;0,002;0,004
"red";1;1;1;1;1;1;1;0;0,931;1;1;1;1;1
"atmosphere";1;1;1;1;0,112;1;1;0;1;1;1;1;1;1
"cinematic";1;0;1;0,019;0,125;1;1;1;1;1;1;0;1;1
"distant";1;1;1;1;1;1;1;1;1;0;1;1;1;1
"communist";0,081;0;0,002;1;1;1;1;1;1;1;1;1;1;1
"map";1;1;1;1;1;1;1;1;1;1;1;1;1;0
"city";1;0,003;1;0;0,583;0,67;1;1;0,002;1;1;0,089;0,548;1
"render";1;1;1;1;0,009;1;1;1;0;1;1;0;0,122;1
"full";1;1;1;1;1;1;1;1;1;1;0;1;1;1
"special";1;1;1;1;1;1;1;0;1;1;1;1;1;1
"poster";0;1;1;1;1;1;1;1;1;1;1;1;1;1
"force";1;1;1;1;1;1;1;0;1;1;1;1;1;1
"propaganda";0;1;1;1;1;1;1;1;1;1;1;1;1;1
"symbol";1;1;0,302;1;0,042;1;0,811;1;1;0;1;1;1;1
"photorealistic";1;0;1;1;1;1;1;1;1;1;1;0,009;1;1
"square";1;1;1;1;1;1;1;0;1;1;1;1;1;1
"body";1;1;1;1;1;1;1;1;1;1;0;1;1;1
"color";1;1;0,006;1;1;1;0,007;1;0,405;1;1;0;0,113;1
"icon";1;1;0;1;1;1;0;1;0,002;1;1;1;1;1
"vector";1;1;0;1;1;1;0;1;1;1;1;1;0,377;1
"america";1;0;1;1;1;1;1;1;1;1;1;1;1;1
"white";1;1;0,001;1;0,818;1;0;1;0;1;1;0,236;0,147;1
"kremlin";1;1;1;1;1;1;1;0;1;1;1;1;1;1
"octane";1;0,754;1;0,56;0;0,251;0,878;1;0;1;1;0;1;1
"architecture";1;0;1;0,222;1;1;1;1;0,26;1;1;1;1;1
"beautiful";1;1;1;0,176;0,003;0,015;0,814;1;0,066;1;1;0;1;1
"triumph";1;0;1;1;1;1;1;1;1;1;0;1;1;1
"soviet";0;1;1;1;1;1;1;1;1;1;1;1;1;1
"design";1;1;0;0,944;1;1;0;1;0,69;1;1;1;1;1
"battle";1;1;1;1;1;0,991;1;1;1;1;0;1;1;1
"american";1;0;1;1;1;1;1;1;1;1;1;1;1;1
"tank";1;1;1;0,005;1;0,038;1;1;1;1;0,005;0,062;0,926;1
"distance";1;1;1;0,06;1;1;1;1;1;1;0;1;1;1
"masterpiece";1;0;1;1;1;0;1;1;1;1;1;0,01;1;1
"muscular";1;1;1;1;1;1;1;1;1;0;1;1;1;1
"future";1;0;0;1;1;1;1;1;1;1;1;1;1;1
"european";0;1;0;1;1;1;1;1;1;1;1;1;1;1
"cloud";1;1;1;1;1;1;1;1;1;1;0;1;1;1
"beam";1;1;1;1;1;1;1;1;1;0,919;0;1;1;1
"war";0,002;1;1;1;1;0,233;1;0,727;1;1;0,761;0,851;1;0
"view";1;0;1;1;0;1;1;1;1;1;1;0,19;0,156;1
"trident";1;1;1;1;1;1;1;1;1;0;1;1;1;1
"world";1;1;1;1;1;1;1;1;1;1;1;1;1;0
"dark";1;1;1;0;1;0,641;0,055;1;0;1;1;0,237;0,538;1
"futuristic";1;1;1;1;0;0,749;1;1;0,984;1;1;0,901;1;1
"ultra";1;0,529;1;0;1;0,002;1;1;0,25;1;1;0,001;0,839;1
"star";1;1;0,004;1;1;1;1;1;0,273;1;1;1;0;1
"hyperdetailed";1;0;1;1;0,993;1;1;1;1;1;1;1;1;1
"stripe";1;1;1;1;1;1;1;1;1;1;0;1;1;1
"ruin";1;1;1;1;1;1;1;1;0,254;1;1;1;0;0,084
"oil";1;1;1;1;1;0;1;1;1;1;1;0,002;1;1
"black";1;1;1;0,015;0,054;1;0,008;1;1;1;1;0;1;1
"hyperrealism";1;0;1;1;1;1;1;1;1;1;1;1;1;1
"girl";1;1;1;1;1;0,056;1;0,184;1;1;1;0,013;1;1
"sun";1;0;0,186;1;1;1;1;1;1;1;1;1;1;1
"build";1;0;1;1;0,372;0,683;1;1;0,383;1;1;0,011;1;1
"union";0;0,619;0;1;1;1;1;1;1;1;1;1;1;1
"sky";1;1;1;1;0;1;1;1;1;1;1;0;0;1
"arm";1;1;1;1;0;1;1;1;1;0,466;1;1;1;1
"western";1;1;1;1;1;1;1;1;1;1;0;1;1;1
"photo";1;1;1;0,505;1;1;1;1;0,008;1;1;0;0,279;0,693
"colour";1;1;1;1;0;1;0,8;1;1;1;1;1;0;1
"army";1;1;1;1;1;0,001;1;1;1;0,392;1;0,014;0,498;1
"cgsociety";1;0,698;1;0,975;0;0,579;1;1;1;1;1;1;1;0,295
"4k";1;1;0,011;1;1;0,614;1;1;0,075;1;1;0,006;0,015;1
"tower";1;1;1;0;0,936;1;1;0,019;0,949;1;1;1;1;1
"street";1;1;1;1;0,102;0,051;1;1;1;1;0,242;0;1;1
"country";0,94;1;0;1;1;0,016;1;1;1;1;1;1;1;0,004
"hyperrealistic";1;1;1;1;1;1;1;1;1;0,252;0;0,466;0,868;1
"8k";1;1;0;1;1;1;1;1;1;0,948;1;0;1;1
"lightning";1;1;0;1;1;1;1;1;1;1;1;0,822;1;1
"hd";1;1;0;1;1;0,1;0,356;1;1;1;1;0,001;0,81;1
"europe";1;1;1;1;1;0,256;1;1;1;1;1;1;1;0
"epic";0,825;1;1;1;0;1;0,265;1;1;1;1;0,007;1;1
"dramatic";1;1;1;0;1;0;1;1;1;1;1;0;0,236;1
"raise";1;1;1;1;0;1;1;0;1;1;1;1;1;1
"modern";1;0;0,248;1;1;0,936;0,769;1;1;1;1;1;1;0
"statue";1;0;1;1;1;1;1;1;1;1;1;1;1;1
"party";0,387;0;1;1;1;1;0,605;1;1;1;1;1;1;1
"medieval";1;1;1;1;0;0,814;0,004;1;0;1;0,437;1;1;1
"hold";1;1;1;0;1;0;1;1;1;1;1;0;1;1
"coat";1;1;1;1;0;1;1;1;1;0,431;1;1;1;1
"car";1;1;1;1;1;1;1;1;0,05;1;0;1;1;1
"win";1;1;0;1;1;0,003;1;1;1;1;1;0,001;1;0,757
"minimalist";1;1;0;1;1;1;0,236;1;1;1;1;0,951;0,69;1
"bolt";1;1;0;1;1;0,845;1;1;1;1;1;1;1;1
"shape";1;1;1;0,975;1;1;0,752;1;1;1;1;0;1;1
"installin";1;1;1;1;1;1;1;0;1;1;1;1;1;1
"burn";1;1;1;1;1;1;1;0;1;1;1;1;1;1
"wennan";1;0;1;1;1;1;1;1;1;1;1;1;1;1
"studio";0,099;1;1;1;1;0;0,981;1;0,003;1;1;0,22;1;1
"resolution";1;1;1;0,002;1;0,579;1;1;1;1;1;0;0,498;1
"gold";1;1;1;1;0;1;1;1;0;1;1;1;1;1
"fan";1;0;1;1;1;1;1;1;1;1;1;1;1;1
"capitol";1;0;1;1;1;1;1;1;1;1;1;1;1;1
"single";1;1;1;1;1;1;0,981;1;1;0;1;1;1;1
"shine";1;0;1;1;1;1;1;1;1;1;1;1;1;1
"fight";0,001;1;1;1;1;1;1;0,001;1;1;1;0,21;1;1
"vivid";1;1;1;1;0;1;1;1;1;1;1;1;1;1
"state";1;0;1;1;1;1;1;1;1;1;1;1;1;1
"quality";1;1;1;1;1;0,059;1;1;1;1;1;0;1;0
"portrait";1;1;1;1;1;0;1;1;1;0,87;0,214;0;1;1
"line";1;1;1;1;0,936;1;0;1;0,949;1;1;0,455;1;1
"landscape";1;0;1;1;1;1;1;1;0,117;1;1;1;1;1
"image";1;1;1;1;0;1;0,112;1;1;1;0,063;0,015;1;1
"engine";1;1;1;1;1;1;1;1;0;1;1;0;0,4;1
"aerial";1;0;1;0;1;1;1;1;1;1;1;1;1;1
"warm";1;1;1;1;0;1;1;1;1;1;1;1;0,531;1
"unreal";1;1;1;1;1;0,071;1;1;0,593;1;1;0;0,336;1
"svg";1;1;0;1;1;1;1;1;1;1;1;1;0,142;1
"socialist";0;0;1;1;1;1;1;1;1;1;1;1;1;1
"rotten";1;1;1;1;1;1;1;1;1;1;0;1;1;1
"moscow";1;0;1;1;1;1;1;0,272;1;1;1;0,703;1;1
"march";1;1;1;1;1;0,02;1;1;1;1;1;0,22;0,014;1
"angle";1;1;1;1;0;0,03;1;1;1;1;1;0;1;1
"russian";0;1;1;1;1;0,367;1;1;1;1;0,079;1;1;1
"realism";0;1;1;1;1;1;1;1;0,321;1;1;0,328;1;1
"impose";1;0;1;1;1;1;1;1;1;1;1;1;1;1
"big";1;0,078;1;1;1;1;1;1;1;1;1;0;1;1
"ukraine";1;0;1;1;1;0,233;1;1;1;1;1;0,788;1;1
"person";1;1;1;1;1;0;1;1;1;1;1;0;0,887;1
"middle";1;1;0;1;1;0,509;1;1;0,719;1;1;0,999;1;1
"governmental";1;0;1;1;1;1;1;1;1;1;1;1;1;1
"game";1;1;1;1;1;1;0;1;0,012;1;1;1;0,273;1
"watch";1;1;1;1;1;1;1;0;1;1;1;1;1;1
"patch";1;1;1;1;0,2;1;1;0;1;1;1;1;1;1
"canvas";1;1;1;1;1;0;1;1;0,114;1;1;0,287;0,273;1
"strength";1;0;1;1;1;1;1;1;1;1;1;1;1;1
"socialism";1;0;1;1;1;1;1;1;1;1;1;1;1;1
"professional";1;1;1;1;0,002;0,822;0,189;1;1;1;1;0,016;0,007;1
"fire";1;1;1;0,516;1;0,141;1;1;1;1;1;0;0,108;1
"abundance";1;0;1;1;1;1;1;1;1;1;1;1;1;1
"scene";1;1;1;1;0;1;1;1;1;1;1;0,05;1;1
"photography";1;1;1;0;1;1;1;1;0,678;1;1;0;1;1
"isometric";1;1;1;1;0,453;1;0;1;0;1;1;1;0,242;1
"face";1;1;1;1;0,012;0,048;0,409;0,056;1;1;1;0,015;0,965;1
"stylize";1;1;1;1;1;1;0;1;0,182;1;1;1;1;1
"show";0,487;0,022;1;1;1;1;0;1;1;1;1;0,388;1;0,394
"picture";1;1;1;1;1;1;1;1;1;1;0;1;0,242;0,064
"man";0;1;1;1;1;1;1;1;1;1;1;0,003;0,002;1
"golden";1;1;1;1;0,582;0,402;1;1;0;1;0,097;1;1;1
"front";1;1;1;1;1;1;1;1;1;1;1;0,024;0;1
"center";1;1;1;0,516;1;1;0;1;1;1;1;0,01;0,709;1
"anime";1;1;1;1;1;0;1;1;1;1;1;1;1;1
"shoulder";1;1;1;1;1;1;1;0;1;1;0;1;1;1
"field";1;0;1;1;1;0,494;0,964;1;1;1;1;0,087;0,024;1
"behance";1;1;0;1;1;1;1;1;1;1;1;0,006;1;1
"vexillology";1;1;0;1;1;1;1;1;1;1;1;1;1;1
"st";1;0,464;1;1;1;1;1;0;1;1;1;1;1;1
"sci";1;1;1;1;0;1;1;1;0,001;1;1;1;1;1
"pose";1;1;1;1;1;1;1;1;1;0;1;1;1;1
"fi";1;1;1;1;0;1;1;1;0,001;1;1;1;1;1
"earth";1;1;1;1;1;0,298;0,894;1;1;1;1;0,243;1;0
"zelensky";0;1;1;1;1;1;1;1;1;1;1;1;1;1
"photograph";1;1;0,805;1;1;0,332;1;1;1;1;1;0,287;0;1
"max";1;1;1;1;1;1;1;1;0,041;1;1;0,002;1;1
"gothic";1;1;1;0;0;1;1;1;1;1;1;0,287;1;1
"giant";1;1;1;1;0,249;1;1;1;1;1;0,409;0,664;0;0,668
"back";1;1;1;1;0;1;1;1;1;0,246;1;1;1;1
"3d";1;1;1;1;1;1;1;1;0;1;1;0,388;1;0,016
"space";1;1;1;1;1;1;1;1;0;1;1;1;1;0
"palette";0,004;1;0;1;1;0,002;0,361;1;0,094;1;1;1;1;1
"letter";1;1;1;1;1;0,774;0;1;0;1;1;1;1;1
"james";1;0,003;1;1;1;0;1;1;0,006;1;1;1;1;1
"draw";1;1;1;0;0,367;1;1;1;1;1;1;1;0;0,169
"alexander";0;1;1;1;1;1;1;1;1;1;1;1;1;1
"viktor";0;1;1;1;1;1;1;1;1;0,934;1;1;1;1
"shade";1;1;1;1;1;0;0,006;1;1;1;1;1;0,185;1
"island";1;1;1;0;1;1;1;1;1;1;1;0,075;1;0,001
"germany";1;1;1;1;0;1;1;1;1;1;0,697;1;1;1
"elevate";1;1;1;0;1;1;1;1;1;1;1;1;1;1
"depth";1;0;1;1;1;0,555;1;1;1;1;1;0,538;0,498;0,014
"cathedral";1;1;1;1;1;1;1;0;1;1;1;1;1;1
"border";1;1;1;1;1;1;0,152;1;0,939;1;1;1;1;0
"basil";1;1;1;1;1;1;1;0;1;1;1;1;1;1
"award";1;1;0;1;1;0,03;1;1;1;1;1;0;1;1
"abstract";1;1;1;1;1;0,001;0,271;1;0,376;0,874;1;0,513;0;1
"smoke";1;1;1;1;1;1;1;1;0,495;1;1;0;1;1
"simple";1;0,306;1;1;1;0;0;1;1;1;1;1;1;1
"parade";1;1;1;1;1;1;1;1;1;1;1;0;1;1
"ghibli";0,001;1;1;1;1;0;1;1;1;1;1;1;1;1
"fly";1;1;0;1;1;0,869;1;1;1;1;1;0;1;1
"flat";0,001;1;1;1;1;1;1;1;1;1;1;1;0;1
"empire";1;1;1;1;1;1;1;1;1;1;1;1;1;0
"cube";1;1;1;1;1;1;1;1;0;1;1;1;0,756;1
"clean";1;1;1;1;1;1;0;1;1;1;1;0,165;1;1
"beksinski";1;1;1;0;1;0,022;1;1;1;1;1;0;0,845;1
"simonetti";1;0;1;1;1;0,774;1;1;1;1;1;0,858;1;1
"putin";1;1;1;1;1;0,233;1;1;1;1;1;0;1;0,793
"paper";1;1;1;1;1;1;0,02;1;1;1;1;1;0;0,865
"marc";1;0;1;1;1;0,774;1;1;1;1;1;0,858;1;1
"house";1;1;1;1;0,877;0,723;0;1;1;1;1;0,054;1;1
"horror";1;1;1;1;0;0,822;1;1;0,291;1;1;0,931;1;1
"feature";0,011;1;1;1;1;0;1;1;1;1;1;0;1;1
"era";0;1;1;1;1;1;1;1;0,569;1;1;1;1;1
"crowd";1;1;1;1;0;0,869;1;1;1;1;1;0,003;1;1
"texture";0;1;1;1;1;1;0,02;1;0,25;1;1;0,01;1;1
"table";1;1;1;1;1;0,723;1;1;1;1;1;0,054;1;0
"scheme";1;1;1;1;1;1;0;1;0,989;1;1;1;1;1
"pustoviyt";0;1;1;1;1;1;1;1;1;1;1;1;1;1
"pattern";1;1;0;1;1;1;1;1;0,291;1;1;1;1;1
"paris";1;1;1;0,069;1;1;1;1;1;1;1;0,082;0;0,668
"movie";1;1;1;1;0;0,494;1;1;1;1;1;0,007;1;1
"havrylo";0;1;1;1;1;1;1;1;1;1;1;1;1;1
"green";1;1;1;1;1;1;1;1;0;1;1;0;1;1
"gradient";1;1;1;1;1;1;0,13;1;1;1;1;1;0;1
"deni";0;1;1;1;1;1;1;1;1;1;1;1;1;1
"wide";1;1;1;1;1;0;1;1;1;1;1;0;1;1
"university";1;0;1;1;1;1;1;1;1;1;1;1;1;1
"screenshot";1;1;0;1;1;1;1;1;1;1;1;1;1;1
"reichstag";1;1;1;1;0;1;1;1;1;1;1;1;1;1
"point";1;1;1;1;0;1;0,02;1;1;1;1;0,858;1;1
"neoclassical";1;1;1;0;1;1;1;1;1;0,954;1;0,369;1;1
"low";1;1;1;0;0;1;1;1;1;1;1;1;1;1
"horse";1;1;1;0;1;0,115;1;1;1;1;1;1;1;1
"god";1;1;1;0,022;1;0,091;1;1;0;1;1;0,704;1;1
"glorious";1;1;1;1;1;1;1;1;1;1;1;0;1;1
"environment";1;1;1;1;1;0;1;1;1;1;1;0,369;1;1
"detailded";1;1;1;0;0;1;1;1;1;1;1;1;1;1
"depict";1;1;1;1;1;1;0,101;1;0,02;0,132;1;0,21;1;1
"colorful";1;1;1;1;0,93;1;0,001;1;1;1;1;0;1;0,865
"chest";1;1;1;1;1;1;1;1;1;0;1;1;1;1
"berlin";1;1;1;1;0,04;0,02;1;1;1;1;1;0,22;1;1
"app";1;1;0;1;1;1;0;1;1;1;1;0,704;1;1
"tall";1;1;1;0;1;1;1;1;0,21;1;1;0,782;1;1
"skyline";1;1;1;1;0;1;1;1;1;1;1;1;1;1
"shinkai";1;1;1;1;1;0;1;1;1;1;1;1;1;1
"planet";1;1;1;1;1;0,723;0,119;1;1;1;1;0,271;1;0
"ocean";1;1;1;0;1;1;0,523;1;0,886;1;1;0,782;1;0,275
"makoto";1;1;1;1;1;0;1;1;1;1;1;1;1;1
"life";1;0;1;1;1;1;1;1;1;1;1;0,054;1;1
"hopper";1;1;1;1;1;0;1;1;1;1;1;0;1;1
"grim";1;1;1;1;0;1;1;1;1;1;1;0,782;1;1
"geometric";1;1;1;1;1;0;0;1;0,886;1;1;1;1;1
"dragon";1;1;1;1;0;1;1;1;0,77;1;1;1;1;0,024
"david";1;1;1;0;1;0,431;1;1;0;1;1;1;1;1
"crystal";1;1;1;1;0;1;1;1;0,001;1;1;1;1;1
"circle";1;1;1;1;1;0,051;1;1;0;1;1;0,538;1;1
"astronaut";1;1;1;0;0,877;1;1;1;1;1;1;1;1;1
"ussr";1;1;1;1;1;1;1;1;0,041;1;1;0,002;1;1
"small";1;0,573;1;1;1;1;1;1;1;1;1;0;1;0,089
"meet";1;1;1;1;1;0;1;1;1;1;1;1;1;0
"machine";1;1;1;1;1;1;0,13;1;1;1;1;0,22;0,014;1
"large";1;1;1;1;0,102;1;1;1;1;1;1;0;1;0,014
"kingdom";0;1;1;1;1;1;1;1;1;1;1;1;1;0
"jonathan";1;0;1;1;1;1;1;1;0,83;1;1;1;1;1
"iconic";1;1;1;1;1;1;0;1;0,83;1;1;1;0,607;1
"heraldic";1;1;1;1;0;1;0,09;1;1;1;1;1;1;1
"grey";1;1;1;1;1;1;1;1;1;1;1;0;1;1
"foreground";1;1;1;1;1;1;1;0;0,83;1;1;0,704;1;1
"edward";1;1;1;1;1;0;1;1;1;1;1;0;1;1
"composition";1;1;1;1;1;0;1;1;1;1;1;0;1;1
"top";1;1;1;1;1;0,366;1;1;0,035;1;1;0;1;1
"symmetry";1;1;1;1;1;0,233;1;1;0,336;0,662;1;0,007;0,197;1
"solter";1;0;1;1;1;1;1;1;1;1;1;1;1;1
"rembrandt";1;1;1;0,381;0;1;1;1;1;1;1;1;1;1
"palace";1;1;1;0;1;0;1;1;1;1;1;1;1;1
"jordan";1;1;1;0,381;0;1;1;1;1;1;1;1;1;1
"historical";1;1;1;1;0;0,002;1;1;1;1;1;1;1;1
"gurney";1;0;1;1;1;0,002;1;1;0;1;1;1;1;1
"ground";1;0;1;1;1;1;1;1;1;1;1;1;1;1
"great";1;1;1;1;1;0,069;1;1;1;1;0;0,168;1;1
"global";1;1;1;1;1;0,003;1;1;0,336;1;1;0,788;0,197;0,143
"film";1;1;1;1;1;1;1;1;0,078;1;1;0;0,024;1
"emblem";1;0,699;1;1;0,007;0,614;0;1;1;1;1;1;1;1
"dress";0,28;1;1;1;1;0,107;1;0,288;1;1;1;0,526;0,086;1
"deco";1;1;1;1;1;1;0;1;1;0,464;1;0,622;1;1
"artwork";1;1;0,934;1;1;1;1;1;1;1;1;0;0,036;0,127
"work";1;0;1;0,335;1;1;1;1;1;1;1;1;0,498;0,014
"vibrant";1;1;0,934;1;1;0,555;1;1;1;1;1;0;1;1
"universalis";0;1;1;1;1;1;1;1;1;1;1;1;1;1
"school";1;1;1;1;0;0,3;0,703;1;1;1;1;1;0,258;1
"rule";1;1;1;1;1;0,001;1;1;1;1;1;1;1;0
"roman";1;1;1;1;1;1;1;1;0,054;1;1;1;1;0
"ralph";1;1;1;1;0;1;1;1;0,707;1;1;1;1;1
"mobile";1;1;1;1;1;1;0;1;1;1;1;1;1;1
"mm";1;1;1;1;0;1;1;1;1;1;1;0;1;1
"minimal";1;1;1;1;1;1;0;1;1;1;1;1;0,036;1
"mcquarrie";1;1;1;1;0;1;1;1;0,707;1;1;1;1;1
"illustrate";1;1;1;1;1;0,3;1;1;1;1;1;0,21;0;1
"illumination";1;1;1;1;1;0,001;0,488;1;0,254;1;1;0,664;0,139;1
"heraldry";1;1;1;1;0;1;1;1;1;1;1;1;1;1
"heavy";1;1;1;1;1;1;1;1;1;1;0,018;0;1;1
"hdr";1;1;1;1;1;0;1;1;0,054;1;1;0;1;1
"godrays";1;1;1;1;0;1;1;1;1;1;1;1;1;1
"glow";1;1;1;0,335;0,698;1;1;1;0,707;1;0,934;0;1;1
"europa";0;1;1;1;1;1;1;1;1;1;1;1;1;1
"deviantart";1;1;1;1;1;1;1;1;1;1;1;0;1;0,089
"de";1;1;1;1;1;0,107;1;1;0,001;0,42;1;0,526;1;1
"contest";1;1;0;1;1;1;1;1;0,707;1;1;1;1;1
"capital";1;0,002;1;0;1;1;1;1;1;1;1;1;1;1
"visual";1;1;1;1;1;0;1;1;1;1;1;1;1;1
"victory";1;0;1;1;0,052;1;1;1;1;1;1;1;1;1
"ultrawide";1;1;1;0;1;1;1;1;1;1;1;1;1;1
"sunny";1;1;0;1;1;1;1;1;1;1;1;0,007;1;0,459
"skyscraper";1;1;1;1;1;1;1;1;0,174;1;1;0;1;1
"sketch";1;1;1;1;1;1;0;1;1;1;1;1;1;1
"river";1;1;1;0;1;1;1;1;1;1;1;1;1;1
"reddit";1;1;0;1;1;1;1;1;1;1;1;1;1;1
"proletariat";1;0;1;1;1;1;1;1;1;1;1;1;1;1
"minimalistic";1;1;0;1;1;1;1;1;1;1;1;0,453;1;1
"magic";1;1;0,862;0,287;0;0,494;1;1;0,64;1;1;1;0,44;1
"lense";1;1;1;0;1;1;1;1;1;1;1;1;1;1
"legacy";1;1;0;1;1;1;1;1;1;1;1;1;1;1
"knight";1;1;1;1;1;0;1;1;0;1;0;1;1;1
"inside";1;1;1;0,287;1;1;1;1;0;1;1;1;1;1
"impossibly";1;1;1;0;1;1;1;1;1;1;1;1;1;1
"hope";1;0;1;1;1;1;1;1;1;1;1;1;1;1
"historic";1;1;1;1;1;1;1;1;1;1;1;0;1;0,018
"head";1;1;1;0;0,002;1;1;1;1;1;1;0,087;1;1
"hammer";1;1;0;1;1;1;1;1;1;1;1;1;1;1
"half";1;1;1;1;0;1;1;1;0,1;1;1;0,376;1;1
"gustave";1;1;1;1;1;1;1;1;1;0,42;1;0,526;1;0,001
"graphic";1;1;0,19;1;1;1;0,001;1;0,64;1;1;0,007;1;1
"gloomy";1;1;1;1;0;1;1;1;1;1;1;1;1;1
"german";1;1;1;1;0,033;0;1;1;1;1;1;0,999;1;1
"frame";1;1;1;1;0;1;1;1;1;1;1;1;1;1
"foggy";1;1;1;1;0;1;1;1;1;1;1;1;1;1
"exquisite";1;1;1;0;1;1;1;1;1;1;1;1;1;1
"day";1;1;1;1;1;1;1;1;1;1;1;1;1;0
"ancient";1;1;1;0,287;1;0,494;1;1;0;1;1;1;1;0,459
"accurate";1;1;1;1;1;1;1;1;1;1;0;1;1;0,089
"watercolor";1;1;1;1;1;1;0;1;1;1;1;0,017;1;1
"third";1;1;1;1;1;0;1;1;1;1;1;1;1;0
"temple";1;1;1;0,003;1;1;1;1;0;1;1;1;0,38;1
"society";1;1;1;1;1;1;1;1;1;1;1;1;1;0
"side";1;1;1;1;1;1;1;0,764;0;1;1;1;0,38;0,058
"sickle";1;1;0;1;1;1;1;1;1;1;1;1;1;1
"retro";1;1;1;1;0,033;0,366;1;1;0;1;1;0,287;1;1
"promotional";1;1;1;1;0;1;1;1;1;1;1;1;1;1
"pixiv";1;1;1;1;1;0;1;1;1;1;1;1;0,38;1
"perfect";1;1;1;1;1;0,168;1;1;0,004;1;1;0,002;1;1
"origami";1;1;1;1;1;1;0;1;1;1;1;1;1;1
"ominous";1;1;1;0;1;1;1;1;1;1;1;1;1;1
"night";1;1;1;0;1;1;1;1;1;1;1;0,526;1;1
"military";1;1;1;1;1;0,056;1;1;1;1;1;0,013;1;0,379
"louis";1;1;1;1;1;1;1;1;0;1;1;1;1;1
"lake";1;1;1;1;1;1;1;1;1;1;1;0;1;1
"human";1;1;1;1;1;1;1;0,003;1;0;1;0,287;1;1
"group";1;1;1;1;1;0;1;1;1;1;1;0;1;1
"grain";1;1;1;1;1;1;1;1;1;1;1;0;1;0,379
"federation";1;1;1;1;1;0;1;1;1;1;1;1;0,139;1
"empty";1;1;1;1;1;0,056;1;1;1;1;1;0;1;1
"dystopian";0,751;1;1;1;0;0,431;1;1;1;1;1;1;0,38;1
"dome";1;1;1;0;1;1;1;1;1;1;1;0;1;1
"destroy";1;1;1;0,194;0,487;1;1;1;1;1;0,7;0,287;0,319;0,034
"cyan";1;1;0;1;1;1;1;1;1;1;1;1;1;1
"cover";1;1;1;1;1;1;1;1;1;1;1;0;0;1
"chan";0;1;1;1;1;1;1;1;1;1;1;1;1;1
"brutalist";1;1;1;0;1;0;1;1;0,569;1;1;1;1;1
"baroque";1;1;1;1;1;0;1;1;1;1;1;0,287;1;1
"artist";1;1;1;1;1;1;1;1;1;1;1;1;1;0
"arrow";1;1;0,008;1;1;1;0;1;1;1;1;0,369;1;1
"armor";1;1;1;1;1;0,431;1;1;0;0,954;1;0,004;1;1
"wear";1;1;1;1;1;0,013;1;1;0,495;1;1;0;1;1
"unite";0;0,023;1;1;1;1;1;1;1;1;1;1;1;1
"tree";1;1;1;1;1;1;1;1;0;1;1;1;0,197;1
"tom";1;0;1;0,194;1;0,366;1;0,003;1;1;1;1;1;1
"time";1;1;1;1;1;1;1;1;0,254;1;1;0,664;1;0
"text";0,001;1;1;1;1;1;0,101;1;0,417;1;1;1;0,258;0,904
"shadow";1;1;1;1;1;1;0,009;1;1;1;1;0;1;1
"sengai";1;1;0;1;1;1;1;1;1;1;1;1;1;1
"seethe";0;1;1;1;1;1;1;1;1;1;1;1;1;1
"scape";1;0;1;1;1;1;1;1;1;1;1;1;1;1
"sacrifice";1;0;1;1;1;1;0,797;1;1;1;1;1;1;1
"round";1;1;1;1;1;1;1;1;1;1;1;0,999;1;0
"rectangular";1;0;1;1;1;1;1;1;1;1;1;1;1;1
"production";1;0;1;1;1;1;1;1;1;1;1;1;1;1
"pencil";1;1;1;1;1;1;0;1;1;1;1;0,376;1;1
"parliament";1;1;1;1;1;0,107;1;1;1;1;1;0,526;0;0,53
"orcs";1;1;1;1;1;0,3;1;1;1;0,769;1;1;0,258;0
"mystical";1;1;1;0;1;0,013;1;1;0,495;1;1;0,999;1;1
"mean";1;0;1;1;1;1;1;1;1;1;1;1;1;1
"letterism";1;1;0;1;1;1;1;1;1;1;1;1;1;1
"lee";1;1;1;0;1;1;1;1;1;1;1;0,999;0;1
"key";1;1;1;1;1;0;1;1;1;1;1;1;1;1
"hell";1;1;1;1;1;0,168;1;1;1;1;1;0,082;1;0,002
"hand";1;1;1;1;1;0,366;0,797;1;0;1;1;0,287;1;1
"government";1;1;1;1;0,04;1;1;1;1;1;1;0,22;1;0,222
"flame";1;1;1;0;1;0,3;1;1;1;1;1;1;1;1
"electric";1;1;0;1;1;1;1;1;1;1;1;0,999;1;1
"dead";1;1;1;1;1;1;1;1;1;1;1;0;0,043;1
"cut";1;1;1;1;1;1;1;1;0,02;1;1;1;0;1
"contrast";1;1;1;1;1;1;0,149;1;1;1;1;0,033;0,319;0,034
"conflict";1;0;1;1;1;1;1;1;1;1;1;1;1;1
"computer";0;1;1;1;1;1;1;1;0,035;1;1;1;1;1
"collage";1;1;1;1;1;1;0,101;1;1;1;1;0,21;0;1
"cell";1;1;1;0,194;1;0;1;1;1;1;1;1;1;1
"budapest";1;1;1;1;1;1;1;0,089;1;0,001;1;1;1;1
"attack";1;1;1;1;1;1;1;1;1;1;0;0,22;1;1
"wayne";1;1;1;1;1;0;1;0,591;1;1;1;1;1;1
"warhammer";1;1;1;1;1;0,007;1;0,591;1;0,769;1;0;1;1
"warcraft";1;1;1;1;1;1;1;1;1;1;1;1;1;0
"universe";1;1;1;1;1;0,02;1;1;0,041;1;1;1;0,014;1
"underwater";1;1;1;0;0,41;1;1;1;0,417;1;1;1;1;1
"ultramarine";1;1;1;1;1;1;0;1;1;1;1;0,9;0,258;1
"sweden";1;1;1;1;1;1;1;1;1;1;1;1;1;0
"surrealism";1;1;1;1;1;0;1;1;1;1;1;0,21;1;1
"station";1;1;1;1;1;1;0,703;1;0,02;0,769;1;0;1;1
"shield";1;1;1;1;0;1;1;1;1;1;1;0,21;1;1
"rim";1;1;1;1;1;1;1;1;0,417;0;1;0,017;1;1
"renaissance";1;1;1;1;1;0;1;1;1;1;1;1;1;1
"ray";1;1;1;1;1;1;1;1;0;1;1;0,21;0,258;1
"ratio";1;1;1;1;1;0,007;1;1;0;1;1;0,9;1;1
"product";1;1;1;1;1;1;1;1;0;0,769;1;1;1;1
"print";0,579;1;1;1;1;1;0,004;1;1;1;1;0,21;1;0,213
"power";0,579;1;1;1;1;0,3;1;1;1;1;1;0,21;1;0
"political";1;1;0,609;1;1;1;0,703;1;1;1;1;0,017;1;0,018
"pixel";1;1;0;1;1;1;1;1;1;1;1;1;1;1
"panel";1;1;0;1;1;1;1;1;1;1;1;1;1;0,904
"news";0;1;1;1;1;1;0,13;1;1;1;1;1;1;1
"napoleon";1;1;1;1;1;1;1;1;0;1;1;1;1;1
"long";1;1;1;0,149;1;0,007;1;1;1;1;1;0;1;1
"lonely";1;1;1;0;1;1;1;1;1;1;1;1;1;1
"laser";1;1;0;1;1;1;1;1;1;1;1;1;1;1
"ink";1;1;1;1;1;1;0,703;1;1;1;1;0,017;0,258;0,018
"grand";1;1;1;1;1;0;1;1;1;1;1;0,22;1;1
"glass";1;1;1;1;1;0;1;1;0,417;1;1;0,21;0,258;1
"gate";1;1;1;1;0;1;1;1;1;1;1;0,788;1;1
"fully";1;1;1;1;0;1;1;1;1;1;1;1;1;1
"fractal";1;1;1;0;1;1;1;1;0,417;1;1;1;1;1
"fog";1;1;1;0;1;1;1;1;0,02;1;1;0,9;1;1
"floor";1;1;1;0;1;0,007;1;1;0,417;1;1;1;1;1
"fish";0,579;1;1;0;0,41;1;1;1;1;1;1;0,9;1;1
"equiped";1;1;1;1;0;1;1;1;1;1;1;1;1;1
"dynamic";1;1;1;1;1;1;0,004;1;1;1;1;0;1;1
"direct";1;1;1;1;0;0,3;1;1;1;1;1;0,9;1;0,904
"cubby";1;1;1;1;1;1;0;1;1;1;1;1;1;1
"continent";1;1;0,512;1;1;1;1;1;0,336;1;1;0;1;1
"company";1;0,013;1;1;1;1;0;1;1;1;1;1;1;1
"century";0,579;0,013;1;1;1;1;0,703;1;0,417;1;1;0,21;1;0,904
"captain";1;1;1;1;1;0;1;1;1;1;0,007;0,526;1;1
"building";1;1;1;1;1;0;1;1;1;1;1;0,007;1;1
"british";1;1;1;1;0,009;0;1;1;1;1;1;0,14;1;1
"barlowe";1;1;1;1;1;0;1;0,591;1;1;1;1;1;1
"atmospheric";1;1;1;0;1;1;1;1;0,417;1;1;0,9;1;1
"archipelago";1;1;1;1;1;1;1;1;1;1;1;0,082;1;0
"year";1;1;1;1;1;1;1;1;1;0,662;1;0;1;1
"weather";1;1;0;1;1;1;1;1;1;1;1;1;1;0,793
"water";1;1;1;1;1;1;1;1;0;1;1;1;0;1
"wall";1;1;1;1;1;0,233;1;1;0;1;1;0,788;1;1
"vintage";0,032;1;1;1;1;1;1;1;0;1;1;0,14;1;1
"vexillogy";1;1;0;1;1;1;1;1;1;1;1;1;1;1
"unique";1;1;0;1;1;1;1;1;1;1;1;1;1;1
"tricolor";1;1;0;1;1;1;1;1;1;1;1;1;1;1
"tooth";1;1;1;1;1;1;0,13;1;0,041;1;1;0,22;1;1
"tone";1;1;1;1;1;1;0;1;1;1;1;1;1;1
"swedish";1;1;1;1;0,04;1;1;1;1;1;1;1;1;0,002
"swan";1;1;1;1;1;1;0;1;0,336;1;1;1;1;1
"submarine";1;1;1;0;1;1;0,6;1;1;1;1;1;1;1
"strong";0,484;1;1;1;1;0,233;0,6;1;1;0,662;1;0,007;1;1
"rozalski";1;1;1;1;1;1;1;1;0,041;1;0;1;1;1
"robert";1;1;0,038;0,107;1;1;1;1;1;1;1;1;0;1
"ride";1;1;1;0;1;0,233;1;1;1;1;1;1;1;1
"ready";1;1;1;1;1;1;0,001;0;0,336;1;1;1;1;1
"plasma";1;1;0;1;1;1;1;1;1;1;1;1;1;1
"pennington";1;1;1;1;1;0;1;1;1;1;1;1;1;1
"official";1;1;1;1;0,009;0,233;1;1;0,336;1;1;0,788;0,197;0,793
"minimalism";1;1;1;1;1;1;0;1;0,336;1;1;0,788;1;1
"marble";1;1;1;1;1;0,003;1;1;0;1;1;1;1;1
"leader";1;1;1;1;1;1;1;1;1;1;1;1;1;0
"johnson";1;1;1;0;1;1;1;1;1;0,662;1;1;1;1
"jakub";1;1;1;1;1;1;1;1;0,041;1;0;1;1;1
"insanely";1;1;1;1;1;1;1;0,495;1;1;1;0;1;1
"hazard";1;1;0;1;1;1;1;1;1;1;1;1;1;1
"google";1;1;0;1;1;1;1;1;1;1;1;1;1;0,793
"good";1;1;1;1;1;0,233;1;1;1;1;1;1;1;0
"giger";1;1;1;1;1;1;1;1;1;1;1;0;1;1
"float";1;1;1;1;1;1;1;1;1;0,662;1;0,007;0;1
"eye";1;1;1;1;1;0;0,6;1;1;0,662;1;0,14;1;1
"evil";1;1;1;0,107;1;0,233;1;1;1;1;1;1;1;0
"dirty";1;1;1;1;1;1;1;1;0;1;1;1;1;1
"desert";1;1;1;0;1;0,233;1;1;0,336;1;1;1;1;1
"demonstration";1;1;1;1;0;1;1;1;1;1;1;1;1;1
"definition";1;1;1;1;0,001;1;0,37;1;1;1;1;0,039;1;1
"crate";1;1;1;1;1;1;0;1;1;1;1;1;1;1
"cosmic";1;1;1;0,107;1;1;0;1;0,336;1;1;0,788;1;1
"corporate";1;1;1;1;1;1;0;1;1;1;1;1;1;1
"cool";1;1;0;1;1;1;0,6;1;1;1;1;0,14;1;1
"cnc";1;1;0;1;1;1;1;1;1;1;1;1;1;1
"civilization";1;1;1;1;1;1;1;1;1;1;1;1;0;0,008
"cartoon";1;1;1;1;1;1;0,062;1;1;1;1;1;0;1
"bruce";1;1;1;1;1;0;1;1;1;1;1;1;1;1
"brandenburg";1;1;1;1;0;1;1;1;1;1;1;0,788;1;1
"bizarre";1;1;0;1;1;0,168;1;1;1;1;1;1;1;1
"bay";1;1;0;1;0,009;1;1;1;1;1;1;1;1;1
"advance";1;1;1;1;1;0,233;1;1;1;1;0,512;1;0;1
"zodiac";1;1;0;1;1;1;1;1;1;1;1;1;0;1
"zdzis";1;1;1;0;1;1;1;1;1;1;1;0,082;1;1
"wooden";1;1;1;1;0;1;0,488;1;1;1;1;1;1;0,668
"vladimir";1;1;1;1;1;0,168;1;1;1;0,546;1;0;1;1
"visible";1;1;1;0;1;1;1;1;1;1;1;1;1;1
"visibility";1;1;1;0;1;1;1;1;1;1;1;1;1;1
"uniform";1;1;1;1;1;0;1;1;1;0,42;1;0,039;1;1
"tim";1;1;1;1;1;0;1;1;1;1;1;0,664;1;1
"theme";1;1;0;1;0,249;1;1;1;1;1;1;1;1;1
"technology";1;1;1;1;1;0,168;1;1;1;1;0;1;0,139;1
"symbolism";0,001;1;1;1;1;1;1;1;1;1;1;0,013;1;1
"surreal";1;1;1;1;1;1;1;1;1;1;1;0;1;0,084
"south";1;1;0,001;1;1;1;1;1;1;1;1;1;1;0,014
"smith";1;1;1;1;1;1;1;1;1;1;1;0;1;1
"sculpture";1;1;1;1;1;0;0,488;1;1;1;1;1;1;0,668
"robot";1;1;1;1;1;1;1;1;1;0,288;0,001;1;0,043;1
"rob";1;1;1;1;1;1;0,488;1;1;1;1;0,664;0,139;0,002
"put";0;1;1;0,069;1;1;1;1;1;1;1;1;1;1
"post";1;1;1;1;1;1;0,013;1;1;1;1;0;1;1
"plain";1;1;1;1;1;1;1;1;0;1;1;0,082;1;1
"pixar";1;1;1;0,038;1;0;1;1;1;1;1;0,039;1;1
"pictorial";1;1;1;1;1;1;0;1;1;1;1;1;1;1
"nolan";1;1;1;0;0,249;1;1;1;1;1;1;1;1;1
"national";1;1;0;1;1;1;1;0,394;1;0,546;1;0,664;1;1
"moon";0,28;1;1;1;0,17;1;1;1;0,174;1;1;0,039;1;1
"moebius";1;1;1;1;1;0;1;1;1;1;1;0,664;1;1
"mist";1;1;1;1;1;1;0;1;1;1;1;0,664;1;1
"miguel";0,015;0;1;1;1;1;1;1;1;1;1;1;1;1
"michael";1;1;1;1;0,004;1;1;1;1;0,546;1;0,664;0,139;0,668
"mapporn";1;1;1;1;1;1;1;1;1;1;1;1;1;0
"kyiv";1;1;1;1;1;1;1;1;1;1;1;1;1;0
"jean";1;1;1;1;1;0;1;1;1;1;1;1;1;1
"iv";0;1;1;1;1;1;1;1;1;1;1;1;1;1
"islamic";1;0;1;1;1;1;1;1;0,254;1;1;1;1;1
"instal";1;1;1;1;1;1;1;0;1;1;1;1;1;1
"hill";1;1;0,194;1;1;1;0,247;1;0,1;1;1;1;0,043;1
"hildebrandt";1;1;1;1;1;0;1;1;1;1;1;0,664;1;1
"hero";1;1;1;1;1;1;1;1;1;1;0;0,664;1;1
"heaven";1;1;1;1;1;0,168;1;1;1;1;1;0,082;1;0,002
"fortress";1;0,213;1;0;1;1;1;1;1;1;1;1;1;1
"footage";1;1;1;1;0;1;1;1;1;1;1;0,664;1;1
"favicon";1;1;0;1;1;1;1;1;1;1;1;1;1;1
"element";1;1;1;1;0,249;1;0;1;1;1;1;0,664;0,139;1
"eiffel";1;1;1;0;1;1;1;1;1;1;1;1;1;1
"disney";1;1;1;1;1;1;1;1;1;1;1;1;1;0
"diamond";1;1;1;1;1;1;1;1;0;1;1;1;1;1
"darkness";1;1;1;1;1;0,107;1;1;1;1;1;0,526;1;0,001
"cyberpunk";1;0,213;1;1;1;1;1;0,016;1;1;1;0,002;1;1
"communism";1;0;1;1;1;1;1;1;1;1;1;1;1;1
"clown";0;1;1;1;1;1;1;1;1;1;1;0,664;1;1
"close";0,383;1;1;1;1;0,168;1;1;1;1;1;0,664;0;1
"class";1;0;1;1;1;1;1;1;1;1;1;1;1;1
"christopher";1;1;1;0;0,249;1;1;1;1;1;1;1;1;1
"cheese";0,383;1;1;1;1;1;0,032;1;0,254;1;1;0,664;1;0,668
"character";1;1;1;1;1;0,001;0,488;1;1;1;1;0,002;1;1
"blunt";1;1;1;1;1;1;1;1;1;1;1;1;1;0
"banner";1;1;1;1;1;1;0;1;1;1;1;0,082;1;0,668
"baltics";0;1;1;1;1;1;1;1;1;1;1;1;1;1
"balkan";1;1;1;1;1;1;1;1;1;1;1;1;1;0
"bagshaw";1;0;1;0,069;1;0,168;1;1;1;1;1;1;1;1
"aw";1;1;1;0;1;1;1;1;1;1;1;0,082;1;1
"average";0;1;1;1;1;1;1;1;1;1;1;1;1;1
"artistic";1;1;1;1;1;1;1;1;1;1;1;0;1;1
"apocalypse";1;1;1;1;1;1;1;1;1;1;1;0;1;1
"zabrocki";1;1;1;1;1;1;1;1;1;1;1;1;1;0
"york";1;1;1;1;0,097;0,056;1;1;1;0,006;1;1;1;1
"yell";0;1;1;1;1;1;1;1;1;1;1;1;0,086;1
"wyeth";1;1;1;1;1;0;1;1;1;1;1;1;1;1
"write";1;0,142;1;1;1;1;1;1;0;1;1;1;1;1
"william";1;1;1;0;1;0,107;1;1;1;1;1;0,526;1;1
"widely";1;1;0;1;1;1;1;1;1;1;1;1;1;1
"wave";0,28;1;1;1;1;1;1;1;1;1;1;1;0;1
"volcano";1;1;1;1;1;1;1;1;0;1;1;0,039;1;1
"victorian";1;1;1;1;0,097;1;1;1;1;1;1;0,013;1;0,379
"unusual";1;1;0;1;1;1;1;1;1;1;1;1;1;1
"ultrarrealistic";0;1;1;1;1;1;1;1;1;1;1;1;1;1
"uk";1;1;1;1;1;1;1;1;1;1;1;1;1;0
"tyler";1;1;1;1;1;1;1;1;1;1;1;0;1;1
"titanium";1;1;1;1;1;1;0;1;1;1;1;1;1;1
"tile";1;1;1;1;1;1;1;1;0;1;1;0,039;1;1
"thunder";1;1;0;1;1;1;1;1;1;1;1;1;1;1
"tarot";1;1;1;0;1;1;1;1;1;1;1;1;1;1
"symetrical";1;1;1;1;1;1;0;1;0,001;1;1;1;1;1
"sunset";1;0,142;1;1;1;0,107;1;1;1;1;1;0;1;1
"stun";1;1;1;1;1;1;1;1;1;1;1;0;1;1
"structure";1;1;1;1;1;0,107;1;1;0;1;1;1;1;1
"stone";1;1;1;0,038;1;1;1;1;0;1;1;1;1;1
"starry";1;1;1;0;1;1;1;1;1;1;1;0,526;1;1
"sport";1;1;1;1;1;1;0,013;1;1;1;1;1;0;1
"spain";1;1;1;1;1;1;1;1;1;1;1;1;1;0
"soft";1;1;1;1;1;1;1;1;0,174;1;1;1;0;1
"simplistic";1;1;0,301;1;1;1;1;1;1;1;1;1;1;0
"simon";1;1;1;1;1;1;1;1;1;1;1;0;1;1
"sign";1;1;1;1;1;0;1;1;0,174;1;1;1;0;1
"shusei";1;1;1;1;1;0;1;1;1;1;1;1;1;1
"selfie";1;1;1;1;1;1;1;0;1;1;1;1;1;1
"select";1;1;0;1;1;1;1;1;1;1;1;1;1;1
"salvador";1;1;1;1;1;0,056;1;1;1;1;1;0,376;1;0,014
"represent";1;1;1;1;1;1;1;1;0,1;1;1;0,013;1;0,379
"rene";1;1;1;1;1;1;1;1;1;1;1;0;1;0,53
"razumov";1;1;1;0;1;1;1;1;1;1;1;1;1;1
"professionally";1;1;1;1;1;1;1;1;1;1;1;1;1;0
"portray";1;1;1;1;1;1;0;1;1;1;1;1;1;1
"pinterest";1;1;1;1;1;1;1;1;0;1;1;0,039;1;1
"peace";1;1;1;1;1;0,107;0,37;1;0,174;1;1;1;0,086;0,53
"pastel";1;1;1;1;1;1;1;1;1;1;1;0;0;1
"overwatch";1;1;1;1;1;0;1;1;1;1;1;0,376;1;1
"organic";1;1;1;1;1;1;1;1;0;1;1;0,376;1;1
"odd";1;1;0;1;1;1;1;1;1;1;1;1;1;1
"norwegian";1;1;1;1;1;1;1;1;1;1;1;1;1;0
"norway";0;1;1;1;1;1;1;1;1;1;1;1;1;1
"noah";1;1;1;1;1;1;1;1;1;1;1;1;1;0
"network";1;1;1;1;1;1;0;1;1;1;1;1;1;1
"neoclassicism";1;1;1;1;1;0;1;1;1;1;1;1;1;1
"nazi";1;1;1;1;0;0,056;1;1;1;1;1;0,376;1;1
"natural";1;1;1;1;1;1;1;1;0;1;1;1;1;0,222
"nagaoka";1;1;1;1;1;0;1;1;1;1;1;1;1;1
"moody";1;1;1;1;1;1;1;1;0,001;1;1;0,039;0,086;1
"mismatch";1;1;0;1;1;1;1;1;1;1;1;1;1;1
"martin";1;1;1;0;1;1;1;1;1;1;1;1;0,086;1
"mark";1;1;1;1;1;1;0;1;1;1;1;0,039;1;1
"mandelbrot";1;1;1;0;1;1;1;1;0,174;1;1;1;1;1
"lord";1;1;1;1;1;1;0;1;1;1;1;1;1;0,379
"leg";1;1;1;0;1;1;1;1;1;1;1;1;1;1
"leave";1;1;1;1;1;1;0;0,288;1;1;1;1;1;1
"land";1;1;1;1;1;0,107;1;1;1;1;1;1;1;0
"konstantin";1;1;1;0;1;1;1;1;1;1;1;1;1;1
"king";0,28;1;1;1;1;1;1;1;1;1;1;1;1;0
"karl";1;1;1;1;1;1;0;1;1;1;1;1;1;1
"julius";1;1;1;1;1;1;1;1;1;1;1;1;1;0
"interstellar";1;1;1;0;1;1;1;1;1;1;1;1;1;1
"inspire";1;1;1;1;1;1;1;1;1;1;1;0;1;1
"include";1;1;1;1;1;1;0,013;1;1;1;1;1;1;0,001
"imax";1;1;1;1;0;1;1;1;1;1;1;1;1;1
"ilya";1;1;1;1;1;0;1;1;1;1;1;0,039;1;1
"horizon";1;1;1;1;1;1;1;0,184;0,1;1;1;0,013;1;1
"heroic";1;1;1;1;1;1;1;1;1;1;1;0;1;0,53
"gilleard";1;1;1;1;1;0;1;1;1;1;1;1;1;1
"giancola";1;1;1;1;1;0;1;1;1;1;1;1;1;1
"gather";1;1;1;0,038;0;1;1;1;1;1;1;1;1;1
"fusion";1;1;1;1;1;1;0;1;1;1;1;1;1;1
"friedrich";1;1;1;0;1;1;1;1;0,174;1;1;1;1;1
"french";1;1;1;1;1;0,02;1;1;1;1;1;0,002;1;1
"fountain";1;1;1;0;1;1;1;1;1;1;1;1;1;1
"form";1;1;1;1;1;0;1;1;0;1;1;1;1;1
"fine";1;1;1;1;1;1;1;1;1;1;1;0,039;0;1
"fictional";1;1;1;1;1;1;0;1;1;1;1;1;1;1
"fascist";0;1;1;1;1;0,107;1;1;1;1;1;0,526;1;1
"england";1;1;1;0;1;0,056;1;1;1;1;1;1;1;0,379
"embroided";1;1;1;1;0;1;1;1;1;1;1;1;1;1
"edge";1;1;1;1;1;1;1;1;1;1;1;0,526;0;1
"dore";1;1;1;1;1;1;1;1;1;0,42;1;0,526;1;0,001
"donato";1;1;1;1;1;0;1;1;1;1;1;1;1;1
"defeat";0;1;1;1;1;0;1;1;1;1;1;1;1;1
"death";1;1;1;1;1;1;1;1;1;1;1;0;1;1
"darek";1;1;1;1;1;1;1;1;1;1;1;1;1;0
"cute";1;1;0,194;1;0,097;1;0,003;1;1;1;1;1;1;1
"curve";1;1;1;1;1;1;0;1;1;1;1;0,526;1;1
"cross";1;1;1;1;0;1;1;1;1;1;1;1;1;1
"craig";1;1;1;1;1;1;1;1;1;1;1;0;1;1
"coronation";1;1;1;1;1;1;1;1;0;0,019;1;1;1;1
"comic";1;1;1;1;1;1;1;1;1;1;1;0;0;1
"collapse";1;1;1;1;1;1;0;1;0,174;1;1;0,526;1;1
"cold";0;1;1;1;1;1;1;1;1;1;1;1;1;1
"clear";1;1;1;1;1;1;1;1;0,001;1;1;0,526;1;0,04
"classic";1;1;1;1;1;1;1;1;0;1;1;1;1;1
"chiaroscuro";1;1;1;0;1;1;1;1;1;1;1;0,039;1;1
"change";1;1;1;1;1;1;1;1;1;1;1;1;1;0
"castle";1;1;1;1;1;0,107;1;0,288;1;1;1;0;1;1
"caspar";1;1;1;0;1;1;1;1;0,174;1;1;1;1;1
"card";1;1;1;0;1;1;1;1;1;1;1;1;1;1
"camaraderie";1;0;1;1;1;1;1;1;1;1;1;1;1;1
"cake";1;1;0;1;1;1;1;1;1;1;1;0,22;1;1
"caesar";1;1;1;1;1;1;1;1;1;1;1;1;1;0
"bradley";1;1;1;1;1;1;1;1;1;1;1;1;1;0
"bold";1;1;1;1;1;1;0;1;1;1;1;1;1;1
"bokeh";1;0;1;1;1;1;1;1;1;1;1;0,526;1;1
"blender";1;1;1;1;1;1;1;1;1;1;1;0,526;0;1
"bird";1;1;0;1;1;0,107;1;1;1;1;1;0,526;1;1
"baltic";0;1;1;1;1;1;1;1;1;1;1;1;0,043;1
"asset";1;1;0;1;1;1;1;1;0,174;1;1;1;1;1
"amaze";1;1;1;1;1;1;0,37;1;1;0,42;1;0;1;1
"alert";0;1;1;1;1;1;1;1;1;1;1;1;1;1
"air";1;1;1;1;1;1;1;1;1;1;1;0;1;1
"zoom";1;1;1;1;1;1;1;1;1;1;1;0;1;1
"zaha";1;1;1;1;1;1;1;1;0;1;1;1;1;1
"young";1;1;1;1;1;0;1;1;1;1;1;0,013;1;1
"ww";1;1;1;1;1;1;1;1;1;1;1;0;1;1
"wlop";1;1;1;1;1;0;1;1;1;1;1;0,376;1;1
"washington";1;1;1;1;1;1;1;1;1;1;1;0;1;1
"walk";1;1;1;1;1;1;1;1;0;1;1;0,013;1;1
"vexilology";1;1;1;0;0,097;1;1;1;1;1;1;0,376;1;1
"value";1;1;1;1;0;1;1;1;1;1;1;1;1;1
"ureal";1;1;1;1;1;1;1;1;0;1;1;1;1;1
"unit";1;1;1;1;1;1;1;0;1;1;1;1;1;1
"turkey";0,001;1;1;1;1;1;0,003;1;1;1;1;1;1;1
"trace";1;1;1;1;1;1;1;1;1;1;1;0;0,043;1
"town";1;0,078;1;0,016;1;1;1;1;1;1;1;0,013;1;1
"tor";1;1;1;1;1;0;1;1;1;1;1;1;1;1
"tilt";1;1;1;1;1;1;1;1;0;1;1;1;1;1
"tattoo";1;1;1;1;1;1;0;1;1;1;1;1;1;1
"suit";1;1;1;1;1;0,056;1;1;1;1;1;0,376;0;1
"strand";1;1;1;1;1;1;1;1;1;1;1;0;1;1
"storm";1;1;0;1;1;1;1;1;1;1;1;0,22;1;1
"sticker";1;1;1;1;1;1;0;1;1;1;1;1;1;1
"steven";1;1;1;0;1;1;1;1;1;1;1;1;1;1
"steampunk";1;1;1;1;1;0,056;1;0,184;1;1;1;0,013;1;1
"spire";1;1;1;0;1;1;1;1;1;1;1;0,013;1;1
"sparkle";1;1;0,001;1;1;1;1;1;1;1;1;0,013;1;1
"southern";1;1;1;1;0;1;1;1;1;1;1;1;1;1
"shrimp";0;1;1;1;1;1;1;1;1;1;1;1;1;1
"shift";1;1;1;1;1;1;1;1;0;1;1;1;1;1
"secret";1;1;1;1;1;0,056;1;1;1;1;1;0,376;1;0,014
"sea";1;1;1;1;1;1;1;1;1;1;1;1;1;0
"scary";0,001;1;1;0,016;1;1;1;1;1;1;1;0,376;1;1
"scandinavia";1;1;1;1;1;1;1;1;1;1;1;1;1;0
"scan";1;1;1;1;1;1;0,003;1;1;1;1;1;0;1
"room";1;1;1;1;1;1;1;1;1;1;1;0;1;1
"rise";1;1;1;1;1;1;1;1;1;1;1;0;1;1
"rios";1;1;1;0;1;1;1;1;1;1;1;1;1;1
"rifle";1;1;1;1;1;0;1;1;1;1;1;1;1;1
"region";1;1;1;1;1;1;1;1;1;1;1;1;1;0
"raphael";1;1;1;1;1;1;1;1;1;1;1;0;1;1
"random";1;1;1;1;1;1;1;1;1;1;1;0,376;0;1
"private";1;1;1;1;0;1;1;1;1;1;1;1;1;1
"police";1;1;1;1;1;0,056;1;1;1;0,288;1;0,013;1;1
"plateau";1;1;1;0;1;1;1;1;1;1;1;1;1;1
"plant";1;1;1;1;1;1;1;1;0,1;1;1;0;1;1
"photoshop";1;1;1;1;0;1;1;1;1;1;1;1;1;1
"peter";1;1;1;1;1;0,056;1;1;1;1;1;0;1;1
"pantoja";1;0;1;1;1;1;1;1;1;1;1;1;1;1
"neon";1;1;1;1;1;1;1;1;0;1;1;0,376;1;1
"mountain";1;1;1;1;1;1;0,247;1;1;1;1;0,013;1;0,379
"mordor";1;1;1;1;1;0,056;1;1;1;1;1;1;1;0
"monochrome";1;1;1;1;1;1;0;1;1;1;1;1;1;1
"metropolis";1;1;1;1;1;1;1;1;0;1;1;0,376;1;1
"megalopolis";1;1;1;0;1;1;1;1;1;1;1;1;1;1
"medium";1;1;1;1;1;1;1;1;1;1;1;0,002;1;0,222
"massive";1;1;1;0,016;1;1;1;1;0;1;1;1;0,043;1
"manna";1;1;1;1;0;1;1;1;1;1;1;1;1;1
"maid";1;1;1;1;1;0;1;1;1;1;1;1;1;1
"magritte";1;1;1;1;1;1;1;1;1;1;1;0;1;0,379
"madgwick";1;1;1;0;1;1;1;1;1;1;1;1;1;1
"macro";1;1;1;1;1;1;0;1;0,1;1;1;1;1;1
"laurie";1;1;1;1;1;1;1;0;1;1;1;0,376;1;1
"kuvshinov";1;1;1;1;1;0;1;1;1;1;1;0,376;1;1
"knife";1;1;1;1;1;0;1;1;1;1;1;1;1;1
"joseph";1;1;1;0;1;0,056;0,247;1;1;1;1;1;1;1
"johannes";1;1;1;1;1;1;1;1;0;1;1;0,376;1;1
"jamie";1;1;1;1;1;0;1;1;1;1;1;1;1;1
"jag";1;1;1;1;1;1;0;1;1;1;1;1;1;0,379
"ivan";1;1;1;1;1;0;0,247;1;1;1;1;0,376;1;1
"isolate";1;1;1;0;1;1;1;1;1;1;1;1;1;1
"intense";1;1;1;1;1;1;1;1;1;1;0;0,22;1;1
"insigne";1;0;1;1;1;1;1;1;1;1;1;1;1;1
"independence";1;1;1;1;1;0,056;1;1;1;1;1;1;1;0
"ilustration";1;1;1;1;1;1;0,247;1;1;1;1;0,013;0,043;1
"ice";1;1;1;1;1;0;1;1;0,1;1;1;1;1;1
"hodas";1;0;1;1;1;1;1;1;1;1;1;1;1;1
"history";1;1;1;1;1;0;1;1;1;1;1;0,376;1;0,379
"heade";1;1;1;0;1;1;1;1;1;1;1;1;1;1
"hat";1;1;1;1;0;1;1;1;1;1;1;1;0;1
"hadid";1;1;1;1;1;1;1;1;0;1;1;1;1;1
"greek";1;1;1;1;1;0,02;1;1;1;1;1;0,002;1;1
"greasley";1;1;1;1;1;1;1;0;1;1;1;0,376;1;1
"gorgeous";1;1;1;1;1;0,056;1;1;0;1;1;1;1;1
"gerstner";1;1;1;1;1;1;0;1;1;1;1;1;1;1
"geof";1;0;1;1;1;1;1;1;1;1;1;1;1;1
"gemini";1;1;1;1;1;1;0,247;1;1;1;1;1;0;1
"frank";1;1;1;1;1;1;1;1;0;1;1;0,376;0,043;1
"filip";1;0;1;1;1;1;1;1;1;1;1;1;1;1
"ferreira";1;1;1;0;1;1;1;1;1;1;1;1;1;1
"female";1;1;1;1;1;0;1;1;1;1;1;0,013;1;1
"fanbox";1;1;1;1;1;0;1;1;1;1;1;1;1;1
"fanart";1;1;1;1;1;1;1;1;0;1;1;0,22;1;1
"explosion";1;1;1;1;1;1;1;1;1;1;1;0;1;1
"enjoy";1;1;1;1;1;1;1;0;1;1;1;1;1;1
"elf";1;1;1;1;1;0,056;1;1;1;1;1;1;1;0
"edlin";1;1;1;1;1;1;1;1;1;1;1;0;1;1
"eagle";1;1;1;1;0;1;1;1;1;1;1;1;1;1
"dream";1;1;1;1;1;0,056;1;1;0,1;1;1;0,013;1;1
"dnd";1;1;1;1;1;1;0,13;1;1;1;1;0,22;1;0,222
"district";1;1;1;0;1;1;1;1;1;1;1;1;1;1
"darrow";1;0;1;1;1;1;1;1;1;1;1;1;1;1
"danish";0;1;1;1;1;1;1;1;1;1;1;1;1;1
"dalo";1;1;1;1;1;0,02;1;1;1;1;1;1;1;0,002
"crown";1;1;1;1;1;1;0;1;1;1;1;1;0,043;1
"crackle";1;1;1;1;1;1;1;1;1;1;1;1;0;1
"covid";0;1;1;1;1;1;1;1;1;1;1;0,376;1;1
"council";1;1;1;1;1;0;1;1;1;1;1;1;1;1
"combine";0;1;1;1;1;1;1;1;1;1;1;1;1;1
"coin";1;1;1;1;1;1;1;1;0,1;1;1;0,376;0;1
"cloudy";1;1;1;1;1;1;1;1;0,1;0;1;1;1;1
"climate";1;1;1;1;1;1;1;1;1;1;1;1;1;0
"cape";1;1;1;1;1;1;1;1;1;1;1;0;1;1
"brandenburger";1;1;1;1;1;0;1;1;1;1;1;1;1;1
"boris";1;1;1;0;1;0,056;1;1;1;0,288;1;1;1;1
"billy";1;1;1;1;1;1;0;1;1;1;1;0,376;1;1
"benoit";1;1;1;0;1;1;1;1;1;1;1;1;1;1
"belledin";1;1;1;0;1;1;1;1;1;1;1;1;1;1
"badge";1;1;1;1;0;1;1;1;1;1;1;1;1;1
"atlas";1;1;1;1;1;1;1;1;1;1;1;1;1;0
"astrophotography";1;1;1;1;1;1;1;1;1;1;1;1;0;1
"ariel";1;1;1;1;1;1;1;1;1;1;1;0;1;1
"animal";0,001;1;1;1;1;1;1;1;1;1;1;0,013;1;1
"angry";0;1;1;1;1;1;1;1;1;1;1;1;0,043;1
"alandia";1;0;1;1;1;1;1;1;1;1;1;1;1;1
"alan";1;1;1;0,016;1;1;1;1;1;1;1;0;1;1
"action";0,177;1;1;1;1;0;0,247;1;1;1;1;1;1;1
"acrylic";1;1;1;1;1;0;1;1;1;1;1;1;0;1
"zombie";1;1;1;0,004;1;1;1;1;1;1;1;0,002;1;1
"zdzislaw";1;1;1;1;1;1;1;1;1;1;1;0;1;1
"yugoslavia";1;1;1;1;1;1;1;1;1;1;0;1;1;1
"wood";1;1;1;1;1;1;1;1;1;1;1;0;1;1
"window";1;1;1;1;1;1;1;1;1;1;1;0;1;1
"wheel";1;1;1;1;1;1;1;1;1;1;1;1;0;0,222
"whalen";1;1;1;1;1;1;1;0;1;1;1;1;1;1
"waterfall";1;1;1;1;1;1;1;1;0,041;1;1;0,002;1;1
"warn";0,085;1;1;1;1;1;1;1;1;1;1;0,002;1;1
"warhol";1;1;1;1;1;1;0;1;1;1;1;1;1;1
"wallpaper";1;1;1;0,004;1;1;1;0,089;1;1;1;0,22;1;1
"voss";1;1;1;1;1;1;1;1;0;1;1;1;1;1
"village";1;1;1;1;1;1;1;1;1;1;1;0,22;1;0,002
"van";1;1;1;1;1;0,02;1;1;1;1;1;0,002;1;1
"usa";0;1;0,095;1;1;1;1;1;1;1;1;1;1;1
"urban";1;1;1;1;1;0,02;1;1;1;1;1;0,22;1;0,222
"update";1;1;1;1;0;1;1;1;1;1;1;1;1;1
"uhd";1;1;1;1;1;1;0;1;1;1;1;1;1;0,222
"turtle";1;1;1;0;1;1;1;1;1;1;1;1;1;0,222
"tribal";1;1;1;1;1;1;1;1;1;1;1;1;1;0
"tread";1;1;1;1;1;1;1;0;1;1;1;1;1;1
"tiny";1;1;1;1;1;1;1;1;1;1;1;0,22;0;1
"teo";1;1;1;1;0;1;1;1;1;1;1;1;1;1
"tarsila";1;0;1;1;1;1;1;1;1;1;1;1;1;1
"tanaka";1;1;1;1;1;1;0;1;1;1;1;1;1;1
"tactic";1;1;1;1;1;1;1;1;1;1;1;1;1;0
"symbolic";1;1;1;1;1;1;0;1;1;1;1;1;1;1
"surround";1;1;1;1;1;1;1;1;0,041;1;1;0,002;1;1
"sunbeam";1;1;1;0,004;1;1;1;1;0;1;1;1;1;1
"stormwind";1;1;1;1;1;1;1;1;1;1;1;1;1;0
"statistic";1;1;1;1;1;1;1;1;1;1;1;1;1;0
"stalenhag";1;1;1;1;1;1;1;1;1;1;1;0;1;1
"stack";1;1;1;1;1;1;0,13;1;0,041;1;1;1;1;0,222
"split";1;1;1;1;1;1;1;1;1;1;1;0,22;1;0,002
"splash";1;1;1;1;1;1;0,13;1;0,041;1;1;0,22;1;1
"spider";1;1;1;1;1;0,02;1;1;1;1;0;1;1;1
"speed";1;1;1;0,004;1;1;1;1;1;1;1;1;1;0,002
"solidity";1;1;1;1;1;0;1;1;1;1;1;1;1;1
"solid";1;1;1;1;1;1;0,13;1;0,041;1;1;1;0,014;1
"snail";1;1;1;1;1;1;0;1;1;1;1;1;1;1
"simplify";1;1;1;1;1;1;0;1;1;1;1;1;0,014;1
"silhouette";1;1;1;1;1;1;0,13;1;1;1;1;0,22;0,014;1
"sid";1;1;1;1;1;1;1;1;1;1;1;1;1;0
"shiny";1;1;1;1;0,04;1;1;1;0;1;1;1;1;1
"shallow";1;1;1;1;1;1;1;1;0,041;1;1;0,22;0,014;1
"scientist";1;1;1;1;1;1;1;1;1;1;1;0;1;1
"sao";1;0;1;1;1;1;1;1;1;1;1;1;1;1
"rough";1;1;1;1;1;1;0;1;1;1;1;1;1;1
"romance";1;0;1;1;1;1;1;1;1;1;1;1;1;1
"rhads";1;1;1;1;1;0;1;1;1;1;1;1;1;1
"repetitive";1;1;1;1;1;1;1;1;1;1;1;1;1;0
"renowned";1;1;1;1;1;1;1;1;1;1;1;1;1;0
"renewel";1;1;1;1;1;1;1;1;1;1;1;1;1;0
"regional";1;1;1;1;1;1;1;1;1;1;1;1;1;0
"reflection";1;1;1;1;1;1;1;1;0;1;1;1;1;1
"recursive";1;1;1;1;1;1;1;1;1;1;1;1;1;0
"rectangle";1;1;1;1;1;1;1;1;1;1;1;0,002;0,014;1
"realm";1;1;1;1;1;1;1;1;1;1;1;1;1;0
"protest";1;1;1;1;1;0,02;1;1;1;1;1;0,22;1;0,222
"projection";1;1;1;1;1;1;1;1;1;1;1;1;1;0
"progresso";1;1;1;1;1;1;1;1;0;1;1;1;1;1
"program";1;1;1;1;1;1;0;1;1;1;1;0,22;1;1
"process";1;1;1;1;1;1;1;1;1;0,157;1;0,002;1;1
"pro";0;1;1;1;1;1;1;1;1;1;1;1;1;1
"powerful";1;1;1;1;1;0;1;1;1;1;1;0,22;1;1
"postprocessing";1;1;1;0;1;1;1;1;1;1;1;1;1;1
"polynesian";1;1;1;0,004;1;1;0;1;1;1;1;1;1;1
"politician";1;1;1;1;1;1;1;1;1;1;1;0;1;1
"plastic";1;1;1;1;1;1;1;1;0;1;1;1;1;1
"pj";1;1;1;1;1;1;1;1;1;1;1;0;1;1
"pike";1;1;1;1;1;1;0;1;1;1;1;1;1;1
"phrase";0;1;1;1;1;1;1;1;1;1;1;1;1;1
"petros";1;1;1;1;1;1;1;0;1;1;1;1;1;1
"paulo";1;0;1;1;1;1;1;1;1;1;1;1;1;1
"paul";1;1;1;1;1;1;0;1;1;1;1;1;1;1
"particle";1;1;1;1;1;1;0;1;1;1;1;1;1;1
"pantheon";1;1;1;1;1;1;1;1;0;1;1;1;0,014;1
"pallet";1;1;0;1;1;1;1;1;1;1;1;1;1;1
"pack";1;1;1;1;1;1;0;1;0,041;1;1;1;1;1
"pac";1;1;1;1;1;1;1;1;1;1;1;0;1;1
"outline";1;1;1;1;1;1;0;1;1;1;1;1;1;1
"ordem";1;1;1;1;1;1;1;1;0;1;1;1;1;1
"orange";0,085;1;1;1;1;1;1;1;1;1;1;0,002;1;1
"opossum";0;1;1;1;1;1;1;1;1;1;1;1;1;1
"object";1;1;1;1;1;1;1;1;1;0,157;1;0,22;0,014;1
"nightmare";1;1;1;1;1;1;1;1;1;1;1;0;1;1
"neural";1;1;1;1;1;1;0;1;1;1;1;1;1;1
"mute";1;1;1;1;1;1;1;1;1;1;1;0,22;0;1
"mullins";1;1;1;1;1;1;1;1;1;1;1;0;1;1
"movement";1;0,03;1;1;1;1;1;1;1;1;1;1;0;1
"moore";1;1;1;1;1;0,02;1;1;1;1;1;0,002;1;1
"moonlight";1;1;1;1;1;1;1;0,089;1;1;1;0,002;1;1
"monstrous";0;1;1;1;1;1;1;1;1;1;1;1;1;1
"monster";1;1;1;1;1;1;1;1;1;1;0,095;0,002;1;1
"mohrbacher";1;1;1;1;1;0,02;1;1;1;1;1;0,002;1;1
"mix";1;1;1;1;1;1;1;1;1;0,157;1;0,002;1;1
"misty";1;1;1;1;1;1;1;1;0;1;1;1;1;1
"miss";1;1;1;1;1;1;1;1;1;1;1;1;1;0
"mike";1;1;1;1;1;1;1;1;1;1;1;0;1;1
"midnight";1;1;1;1;1;1;0,13;1;1;1;1;0,002;1;1
"midle";1;1;1;1;1;1;1;1;0;1;1;1;1;1
"meier";1;1;1;1;1;1;1;1;1;1;1;1;1;0
"mega";1;1;1;1;1;1;1;1;1;1;0;1;1;1
"material";1;1;0,095;1;1;1;1;1;0,041;1;1;1;0,014;1
"manga";1;1;1;1;1;1;1;1;1;1;1;1;1;0
"male";0;1;1;1;1;1;1;1;1;1;1;1;1;1
"magical";1;1;0;1;1;1;1;1;1;1;1;1;1;1
"madwick";1;1;1;1;1;1;1;1;1;1;1;1;0;1
"lovecraft";1;1;1;1;1;0;1;1;1;1;1;1;1;1
"longshot";1;1;1;1;1;1;1;1;1;1;1;1;0;1
"live";1;1;1;1;1;1;1;1;1;1;1;0;1;1
"lithuania";1;1;1;1;1;1;1;1;1;1;1;0;1;1
"lit";1;1;1;1;1;0,02;1;1;1;1;1;0,002;1;1
"leyendecker";1;1;0,095;1;1;0,02;1;1;1;1;1;1;0,014;1
"lenin";1;1;1;1;1;1;1;1;1;0,157;1;0,002;1;1
"lecouffe";1;1;1;1;1;1;1;1;1;1;1;1;0;1
"kojima";1;1;1;1;1;0;1;1;1;1;1;1;1;1
"khreschatyk";1;1;1;1;1;1;1;1;1;1;1;1;1;0
"keyshot";1;1;1;1;1;1;1;1;0;1;1;1;1;1
"jorge";1;1;1;1;1;1;1;1;1;1;1;0;1;1
"jim";1;1;1;1;1;1;0,13;1;1;1;1;1;1;0,002
"japanese";1;1;1;1;1;0,02;0,13;1;1;1;1;0,22;1;1
"jacques";1;1;1;1;1;1;1;1;0;1;1;1;1;1
"jacinto";1;1;1;1;1;1;1;1;1;1;1;0;1;1
"italy";1;1;1;1;1;1;0,13;1;1;1;1;1;1;0,002
"ireland";1;1;1;1;1;1;1;1;0,041;1;1;1;1;0,002
"iphone";0;1;1;1;1;1;1;1;1;1;1;1;1;1
"invade";1;1;1;0,004;1;1;1;1;1;0,001;1;1;1;1
"intricately";1;1;1;1;1;1;1;1;1;1;1;1;1;0
"impressive";1;1;1;1;1;1;1;1;1;1;1;0;1;1
"important";1;1;1;1;1;0;1;1;1;1;1;1;1;1
"impact";1;1;1;1;1;0;1;1;1;1;1;1;1;0,222
"hubert";1;1;1;1;1;1;1;1;1;1;1;1;0;1
"holy";1;1;1;1;1;1;1;1;1;1;1;0;1;1
"hide";1;1;1;1;1;0,02;1;1;1;1;1;1;0,014;0,222
"heavenly";1;1;1;1;1;1;1;1;1;1;1;1;1;0
"heat";1;1;1;1;1;0,02;1;1;0;1;1;1;1;1
"guild";1;1;1;1;1;1;0;1;1;1;1;1;1;1
"grass";0;1;1;1;0,04;1;1;1;1;1;1;1;1;1
"grant";1;1;1;1;1;1;1;1;1;1;1;0;1;1
"gonsalves";1;1;1;1;1;1;1;1;1;1;1;0,22;1;0,002
"gondor";1;1;1;1;1;1;1;1;0;1;1;1;1;1
"glory";1;1;0,095;1;1;1;1;1;0;1;1;1;1;1
"gadsden";1;1;1;1;1;1;1;0;1;1;1;1;1;1
"futurism";1;1;1;1;1;1;1;1;0,041;1;1;1;0;1
"forest";1;1;0,095;1;1;0,02;1;1;0,041;1;1;1;1;1
"font";1;1;1;1;1;1;0,13;1;0;1;1;1;1;1
"fo";1;1;1;1;1;1;0;1;1;1;1;1;1;1
"fat";1;1;1;1;1;1;1;1;1;0,001;1;1;1;0,222
"fall";1;1;1;1;1;1;1;1;1;1;1;0;1;1
"fake";1;1;1;1;1;0;1;1;1;1;1;1;1;1
"extreme";1;1;1;1;1;0;1;1;1;1;1;0,22;1;1
"export";1;1;1;1;1;1;1;1;1;1;1;1;1;0
"even";1;1;1;0,004;1;0,02;1;1;1;1;1;0,22;1;1
"eternity";1;1;1;1;1;0;1;1;1;1;1;1;1;1
"establish";1;1;1;1;1;1;1;1;1;1;1;0;1;1
"escher";1;1;1;0,004;1;1;0,13;1;1;1;1;0,22;1;1
"erase";1;1;1;1;1;1;1;1;1;1;1;1;1;0
"emperor";1;1;1;1;1;0,02;0,13;1;1;1;1;0,22;1;1
"eat";1;1;1;0;1;1;1;1;1;1;1;1;1;0,222
"dynasty";1;1;1;1;1;1;1;1;0;1;1;1;1;1
"dubai";1;1;1;1;1;1;1;1;1;0,001;1;0,22;1;1
"drive";1;1;1;0;1;0,02;1;1;1;1;1;1;1;1
"divide";1;1;1;1;1;1;1;1;0,041;1;1;0,002;1;1
"disc";1;1;1;1;1;1;1;1;1;1;1;1;0;1
"developer";0;1;1;1;1;1;1;1;1;1;1;1;1;1
"delville";1;1;1;1;1;0;1;1;1;1;1;1;1;1
"deharme";1;1;1;1;1;1;1;1;1;1;1;1;0;1
"deep";1;1;1;1;1;0;1;1;0,041;1;1;1;1;1
"cthulhu";0,085;1;1;1;1;0,02;1;1;1;1;1;1;0,014;1
"cryptocurrency";1;1;1;1;1;1;1;1;1;1;1;0;1;1
"crook";1;1;1;1;1;1;1;1;1;1;1;0;1;1
"creepy";1;1;1;1;1;1;1;1;1;1;1;0;1;1
"control";1;1;1;1;1;1;1;1;1;1;1;0;1;1
"condition";1;1;1;1;1;1;1;1;1;1;1;1;1;0
"common";1;1;1;1;1;1;0,13;1;1;1;1;0,22;1;0,222
"colffue";1;1;1;1;1;1;1;1;1;1;1;1;1;0
"clip";1;1;0;1;1;1;1;1;1;1;1;0,22;1;1
"cinema";1;1;1;1;1;1;1;1;0,041;1;1;0,22;0,014;1
"child";1;1;1;1;1;1;1;1;1;1;1;1;0,014;0,002
"centre";0,085;1;1;1;1;1;0,13;1;1;1;1;0,22;1;1
"cave";1;1;1;1;1;1;1;1;0;1;1;1;0,014;1
"carry";1;1;1;1;1;1;1;1;1;1;1;0;1;1
"call";1;1;1;1;1;1;0,13;1;1;0,157;1;0,22;1;1
"caliphate";1;1;1;1;1;1;1;1;1;1;0;1;1;1
"butch";1;1;1;1;1;1;0;1;1;1;1;1;1;1
"business";1;1;1;1;1;1;0,13;1;1;1;1;0,22;0,014;1
"buckingham";1;1;1;1;1;0;1;1;1;1;1;1;1;1
"brush";1;1;1;0,004;1;0;1;1;1;1;1;1;1;1
"brom";1;1;1;1;1;1;1;1;0,041;1;1;0,002;1;1
"breathtaking";1;1;1;1;1;1;1;1;1;1;1;0;1;1
"brand";1;1;1;1;1;1;0,13;1;1;1;1;1;1;0,002
"box";0;1;1;1;1;1;1;1;1;1;1;1;1;1
"bottom";1;1;1;0,004;1;1;1;1;1;1;1;1;0;1
"bosch";1;1;0,095;1;1;1;1;1;1;1;1;0,22;0,014;1
"book";1;1;0,095;1;1;1;1;1;1;1;1;1;0,014;0,222
"boardroom";1;1;1;1;1;1;1;1;1;1;1;0;1;1
"block";0,085;1;0,095;1;1;1;0,13;1;1;1;1;1;1;1
"bitcoin";1;1;1;1;1;1;1;1;1;1;1;0;1;1
"bastien";1;1;1;1;1;1;1;1;1;1;1;1;0;1
"banana";1;1;1;1;1;1;1;1;0;1;1;0,22;1;1
"ayami";1;1;1;1;1;0;1;1;1;1;1;1;1;1
"avoid";0;1;1;1;1;1;1;1;1;1;1;1;1;1
"australian";1;1;1;1;0;1;1;1;1;1;1;1;1;1
"auburn";1;1;1;1;0;1;1;1;1;1;1;1;1;1
"atlantis";1;1;1;1;1;1;1;1;0;1;1;1;1;1
"asian";1;1;1;1;0;1;1;1;1;1;1;1;1;1
"argue";1;1;1;1;1;1;1;1;1;1;1;0;1;1
"antique";1;1;1;1;1;1;1;1;1;1;1;1;1;0
"andy";1;1;1;1;1;1;0;1;1;1;1;1;1;1
"amaral";1;0;1;1;1;1;1;1;1;1;1;1;1;1
"alphabet";1;1;0,095;0,004;1;1;1;1;1;1;1;0,22;1;1
"alliance";1;1;1;1;1;1;1;1;1;1;1;1;1;0
"alley";1;1;1;1;1;1;1;1;0;1;1;1;1;1
"alien";1;1;1;1;1;0,02;0,13;1;1;1;1;1;1;0,222
"alex";0;1;1;1;1;1;1;1;1;1;1;0,22;1;1
"ak";0;1;1;1;1;1;1;1;1;1;1;1;1;1
"ai";1;1;1;1;1;1;0;1;1;1;1;0,22;1;1
"age";1;1;1;1;1;0;1;1;1;1;1;0,22;1;1
"afshar";1;1;1;1;1;1;1;0;1;1;1;1;1;1
"advertise";0,085;1;1;1;1;1;1;1;1;1;1;0,22;1;0,222
"abbasid";1;1;1;1;1;1;1;1;1;1;0;1;1;1
"2d";1;1;1;1;1;0;1;1;0,041;1;1;1;1;1
"1930s";0,085;1;1;1;1;1;1;1;1;1;0;1;1;1
"*truc_0";1;1;1;1;1;1;1;1;1;1;1;1;1;1
