detail;0;28;44;16;162;47;14;53;27;298
art;43;3;2;11;169;37;17;48;29;187
paint;6;2;36;12;166;46;27;44;32;201
artstation;59;19;13;0;152;46;39;107;2;190
light;22;7;47;22;39;0;15;103;20;173
highly;0;2;5;0;154;46;7;12;1;120
concept;43;9;0;4;159;37;9;36;1;87
city;25;3;1;7;55;1;16;9;24;202
greg;25;15;0;0;78;33;22;48;36;102
digital;12;2;0;1;145;37;12;39;0;99
rutkowski;5;15;0;0;84;2;22;48;36;92
trend;36;22;13;0;6;46;30;41;1;132
beautiful;61;1;0;18;27;10;28;23;7;110
cinematic;0;0;29;0;14;1;1;40;12;102
medieval;64;4;0;4;28;0;26;9;12;81
render;0;1;6;0;13;36;6;16;12;105
illustration;43;4;0;2;130;0;2;9;0;51
high;0;5;47;0;3;0;7;26;4;107
intricate;0;8;0;0;95;31;9;11;1;70
fantasy;0;20;0;0;28;0;0;6;12;124
octane;0;0;6;0;19;36;3;16;9;101
sharp;0;0;0;3;144;0;0;11;7;53
view;0;4;34;12;53;0;7;13;24;48
focus;0;0;0;0;144;0;0;11;0;55
color;38;14;18;1;55;0;10;16;0;46
realistic;0;15;1;0;6;0;16;7;0;115
street;0;0;24;6;9;0;23;11;11;51
town;0;0;0;0;20;33;17;7;16;41
matte;0;1;0;1;45;37;0;5;23;35
engine;0;0;0;0;6;36;15;6;12;78
unreal;0;0;0;0;6;36;15;6;12;78
volumetric;22;7;0;0;13;0;0;66;5;49
map;17;112;0;0;3;0;0;2;6;13
style;0;19;0;2;16;0;8;12;0;97
tower;0;0;21;0;3;0;0;46;4;43
sky;0;0;0;0;59;1;15;8;0;43
masterpiece;0;1;47;0;0;1;11;1;17;37
mucha;5;0;0;0;110;0;0;4;12;4
8k;0;1;2;0;1;0;0;58;3;53
village;37;0;0;10;4;11;9;6;5;29
artgerm;28;0;0;0;61;1;7;7;3;20
alphonse;5;0;0;0;106;0;0;4;12;3
mountain;1;5;0;0;1;0;14;5;2;44
river;0;0;0;0;45;0;17;11;4;30
hd;0;3;0;10;5;0;0;35;0;26
ultra;0;0;0;0;0;0;0;25;19;35
castle;1;0;0;0;10;0;9;3;2;76
hyper;0;14;0;0;2;0;5;6;0;71
atmosphere;51;0;0;0;2;0;0;15;0;23
elegant;0;0;0;0;95;0;0;2;0;16
cgsociety;0;15;0;0;0;0;0;68;0;20
bridge;43;0;0;11;11;0;4;0;0;12
smooth;0;0;0;4;79;1;0;5;0;19
hyperdetailed;0;1;0;0;0;0;0;58;13;13
landscape;16;0;0;6;2;0;0;0;0;71
james;13;0;19;0;0;0;31;3;2;36
oil;6;0;0;0;13;0;0;1;0;47
night;0;0;2;7;34;6;0;10;0;30
dramatic;0;0;0;0;0;0;0;36;7;24
rain;43;0;0;0;8;0;1;1;0;14
photorealistic;0;1;7;0;2;0;0;21;16;36
contrast;0;13;52;10;0;0;0;2;0;9
sunny;0;0;27;0;2;33;4;10;4;15
gothic;0;0;3;0;0;0;0;31;9;34
composition;0;1;45;0;4;0;0;4;0;27
ancient;0;6;26;3;23;1;0;4;1;28
background;17;3;0;6;5;0;13;7;0;29
small;2;0;0;4;2;2;21;11;4;26
full;0;4;31;0;36;0;0;0;0;11
dark;0;0;25;0;0;0;4;4;2;40
flower;58;0;0;0;0;0;0;2;1;5
stone;0;0;0;3;0;0;5;1;0;54
paris;4;0;0;0;38;0;0;13;0;17
photo;0;3;2;0;1;0;19;17;3;26
architecture;0;0;3;1;4;0;9;0;20;37
epic;0;0;0;1;3;0;0;3;1;42
building;0;1;0;0;2;6;4;6;0;49
shoot;15;0;0;0;16;7;0;2;7;20
wide;0;1;0;0;0;0;0;39;4;27
angle;0;0;0;0;0;0;0;44;0;13
vibrant;0;0;27;0;0;0;1;10;0;20
smoke;43;0;0;0;11;0;0;0;0;7
day;0;0;27;0;3;11;4;11;0;11
4k;0;3;0;0;19;0;0;4;0;41
thomas;5;0;0;2;16;0;1;0;6;18
world;0;51;3;0;1;0;0;3;0;5
water;2;0;0;4;0;0;0;13;0;17
studio;0;0;0;16;0;9;0;1;7;19
soft;0;0;0;22;2;0;7;0;2;25
blue;7;0;0;0;18;1;0;12;1;20
victorian;0;0;0;0;0;37;0;4;0;19
tree;0;0;0;0;2;2;15;7;0;26
person;4;1;0;0;6;0;11;2;1;24
magical;0;2;0;0;3;37;0;0;0;10
flood;0;0;50;0;0;0;0;1;2;5
house;0;0;0;0;3;1;27;4;0;23
gurney;0;0;0;0;0;0;31;3;2;23
ghibli;0;0;0;16;0;9;0;1;7;16
build;0;3;0;0;2;0;0;2;4;38
win;0;0;12;0;0;0;0;0;12;22
simonetti;33;0;0;0;0;0;0;3;10;11
ornate;51;1;0;2;0;0;0;0;0;4
marc;33;0;0;0;0;0;0;3;10;11
inspire;0;0;0;1;0;37;0;0;8;11
krenz;0;0;0;0;51;0;0;5;1;0
forest;43;1;0;0;1;0;4;1;0;6
cushart;0;0;0;0;51;0;0;5;1;0
shadow;0;0;28;10;1;0;0;0;0;7
red;28;0;0;2;14;0;0;0;0;7
award;0;0;12;0;0;0;0;0;12;21
vibe;51;0;0;0;0;0;0;0;0;4
tall;0;0;0;7;0;7;4;0;5;29
glass;36;0;0;0;1;0;0;7;0;10
european;0;4;0;13;7;1;7;1;5;14
center;3;0;0;0;0;1;7;0;5;9
summer;0;0;0;0;0;0;38;0;0;10
mist;43;0;0;0;0;0;0;0;0;8
great;0;0;43;0;0;0;0;0;0;10
wlop;22;0;0;0;7;0;0;10;0;13
surround;0;0;0;1;0;0;0;3;0;17
ray;0;0;0;0;8;0;3;0;0;38
jean;13;0;0;0;1;0;0;3;0;11
hyperrealistic;0;4;2;0;0;0;0;1;0;27
bright;0;1;0;0;12;0;0;0;0;26
amsterdam;0;0;0;0;1;38;0;0;0;9
valley;0;0;0;5;0;0;0;0;0;6
resolution;0;1;0;0;5;0;0;8;0;33
lush;42;0;0;1;2;0;0;0;0;2
demura;0;0;0;0;50;0;0;0;0;0
artem;0;0;0;0;50;0;0;0;0;0
magritte;0;0;47;0;0;0;0;0;0;2
green;36;0;0;0;0;0;0;8;0;5
chimney;43;0;0;0;0;0;0;0;0;6
ice;42;0;0;0;0;0;0;0;0;6
flag;0;3;0;2;30;0;0;0;0;6
eternal;0;0;0;0;0;0;0;0;0;5
eiffel;0;0;0;0;0;0;0;33;0;8
anime;0;0;1;18;2;0;1;0;7;16
white;4;3;1;0;15;0;0;0;1;20
wet;42;0;0;0;0;0;0;0;0;5
quality;0;5;0;0;7;0;0;4;0;20
large;1;2;0;0;5;0;12;1;0;24
colorful;2;2;22;0;1;1;0;0;0;16
waterfall;37;0;0;0;0;0;0;0;0;8
realism;0;0;0;4;12;4;0;0;0;18
pristine;43;0;0;0;0;0;0;0;0;3
cloud;0;0;0;0;2;0;0;3;2;34
vivid;0;0;4;0;13;0;0;12;0;16
spitzweg;0;0;44;0;0;0;0;0;0;1
snow;43;0;0;0;0;0;0;0;0;2
rene;0;0;44;0;0;0;0;0;0;1
game;0;1;0;0;6;6;0;2;4;19
carl;0;0;41;0;0;0;0;0;0;2
simon;0;0;31;0;0;0;0;7;1;4
scene;0;0;0;0;1;0;4;19;0;11
roman;0;15;0;3;0;0;0;3;0;9
puddle;43;0;0;0;0;0;0;0;0;1
mullins;0;0;0;0;0;33;0;4;0;7
extremely;0;0;6;0;11;0;0;3;0;18
craig;0;0;0;0;0;33;0;4;0;7
aerial;0;0;0;0;2;0;0;0;34;3
photography;0;0;0;0;0;0;0;0;26;11
england;0;0;0;0;0;37;0;0;0;2
empty;0;1;24;0;6;0;0;4;0;7
sunset;0;0;0;5;0;0;15;7;1;14
page;38;0;0;0;2;0;0;0;0;0
melt;42;0;0;0;0;0;0;0;0;0
huge;0;0;0;0;11;0;0;8;0;18
drip;42;0;0;0;0;0;0;0;0;0
creek;42;0;0;0;0;0;0;0;0;0
lake;0;1;0;0;1;0;0;20;4;14
star;0;0;0;0;29;0;0;0;0;4
stalenhag;0;0;34;0;0;0;0;1;1;2
stain;36;0;0;0;1;0;0;0;0;2
shinkai;0;0;0;13;2;0;0;2;2;12
rossdraws;23;0;0;0;1;0;0;0;0;4
europe;0;30;0;0;0;0;0;0;0;4
yellow;18;0;0;0;16;0;0;2;0;2
tattoo;0;0;0;0;38;0;0;0;0;0
riabovitchev;35;0;0;0;0;0;0;0;0;3
prague;0;0;0;0;31;0;0;1;1;3
makoto;0;0;0;13;2;0;0;2;2;11
french;17;0;0;10;0;0;0;0;5;6
andrei;35;0;0;0;0;0;0;0;0;3
neo;0;0;0;0;0;0;0;31;0;0
garden;4;0;0;0;0;0;0;2;0;13
design;0;2;2;1;4;0;1;0;0;5
carcassonne;21;0;0;0;1;0;0;0;0;0
weather;0;4;0;0;0;24;0;0;0;8
wall;0;0;0;0;0;1;9;0;1;20
stand;2;1;0;0;21;0;0;0;0;11
rome;0;0;16;0;2;0;0;1;0;13
close;3;0;0;7;1;7;0;3;0;7
artwork;1;17;6;0;0;0;0;1;0;9
venice;0;0;0;0;28;0;0;3;0;4
symmetry;0;0;28;0;0;0;0;0;0;1
kinkade;0;0;0;0;1;0;0;0;6;15
giant;0;5;0;0;1;0;0;4;0;11
alp;2;0;0;0;1;0;0;13;4;5
stanley;28;0;0;0;2;0;0;0;0;1
ruin;0;7;1;1;6;1;0;1;0;11
futuristic;0;1;0;4;0;0;0;4;1;20
dynamic;0;0;0;0;0;0;0;1;0;18
black;0;4;3;0;1;1;0;0;3;13
road;2;0;14;0;0;0;1;0;0;9
lau;28;0;0;0;1;0;0;0;0;1
draw;0;9;0;0;2;0;0;4;0;9
cart;33;0;0;0;0;0;0;0;0;0
canal;0;0;0;0;9;0;0;0;0;12
super;0;0;0;1;18;0;0;4;0;4
rutkwowski;0;0;0;0;0;30;0;0;0;2
photograph;0;1;0;2;0;0;0;6;0;12
heavy;0;0;0;0;0;0;0;0;2;5
hdr;0;0;0;0;3;0;0;18;0;10
future;0;2;0;0;15;0;0;0;0;3
berlin;0;0;0;0;3;0;0;16;0;4
length;0;0;31;0;0;0;0;0;0;0
fountain;0;0;0;0;2;0;0;0;0;4
colour;0;0;0;0;3;0;0;0;0;23
watercolor;0;0;3;0;0;0;24;0;0;2
station;0;1;0;0;0;0;9;11;0;8
long;16;0;0;0;0;0;0;0;0;9
historic;0;15;0;0;0;0;0;0;0;0
frank;23;0;0;0;0;0;0;0;0;5
deviantart;0;16;0;0;0;0;0;3;0;7
cobblestone;0;0;0;0;0;0;1;0;8;9
cathedral;0;0;3;0;8;0;0;0;0;15
trace;0;0;0;0;0;0;0;0;0;28
syd;0;0;22;0;0;0;0;1;0;5
skyscraper;0;0;0;0;0;0;4;0;1;4
single;0;0;15;0;6;0;0;0;0;4
orange;27;1;0;0;0;0;0;0;0;0
grind;0;0;0;0;1;0;0;0;0;13
grim;0;0;0;0;3;0;0;17;0;4
golden;0;0;0;1;4;0;0;3;3;9
arch;0;0;19;0;0;0;0;0;0;8
soldier;0;0;0;1;21;0;0;0;0;1
serene;0;7;0;12;0;0;0;0;0;8
rockwell;2;0;19;0;2;0;0;0;0;1
resemble;0;0;0;0;27;0;0;0;0;0
peter;0;0;0;0;0;0;0;20;0;6
norman;2;0;19;0;2;0;0;0;0;1
mead;0;0;22;0;0;0;0;1;0;4
3d;0;3;2;0;0;0;0;4;0;17
warm;0;1;0;0;0;0;0;8;0;11
nouveau;0;0;0;0;11;0;0;1;0;8
kingdom;0;19;0;3;0;0;0;0;0;4
distance;2;0;1;4;3;1;0;0;0;14
ultrawide;0;0;0;0;0;0;0;0;13;0
photorealism;0;0;0;0;5;0;0;5;0;6
perfect;0;0;2;10;0;0;1;0;0;7
marble;0;0;0;0;0;0;0;0;0;12
jordan;0;0;0;0;0;0;0;17;1;3
hopper;0;0;20;0;0;0;0;0;0;4
scenery;0;0;0;12;0;0;0;1;0;11
palace;0;0;0;0;0;0;0;4;2;0
middle;0;4;0;0;0;0;0;1;12;7
island;0;6;0;0;0;0;0;0;2;13
image;1;1;0;0;1;0;0;0;0;10
frazetta;23;0;0;0;0;0;0;0;0;1
field;3;0;0;0;0;0;0;0;7;12
edward;0;0;20;0;0;0;0;0;0;3
crowd;0;1;0;0;3;0;0;0;0;17
coherent;0;0;23;0;0;0;0;0;0;1
canvas;0;0;0;0;9;0;0;0;0;14
artist;0;23;0;0;0;0;1;0;0;0
tranding;23;0;0;0;0;0;0;0;0;0
sunbeam;22;0;0;0;0;0;0;0;0;1
square;0;0;0;0;6;0;0;0;6;8
mystical;0;0;0;0;0;0;0;2;0;3
movie;0;0;0;0;2;0;0;1;0;14
kuvshinov;0;0;0;0;1;0;0;5;0;1
ilya;0;0;0;0;1;0;0;5;0;1
god;0;0;0;0;0;0;0;0;1;13
extreme;0;0;0;0;5;0;0;4;0;14
dome;0;0;0;0;1;0;0;9;0;2
cyberpunk;0;0;3;0;6;0;0;0;0;11
church;0;0;0;0;3;0;0;2;7;10
walk;0;0;0;0;3;0;11;0;1;7
tom;0;0;0;0;20;0;0;0;2;0
texture;0;0;0;3;0;0;0;1;1;13
shop;0;0;0;3;0;0;0;0;0;15
rozalski;0;0;0;0;1;0;0;0;0;4
professional;0;2;0;0;6;0;0;4;1;9
perspective;0;0;2;12;0;0;0;0;1;7
particle;22;0;0;0;0;0;0;0;0;0
low;0;0;0;10;0;0;0;4;0;8
life;0;0;0;0;0;0;0;1;0;3
lens;0;3;0;0;0;0;0;8;0;11
land;0;11;0;0;4;0;0;1;0;6
jakub;0;0;0;0;1;0;0;0;0;4
clear;0;0;0;10;5;0;0;1;0;5
triumph;0;0;0;0;3;0;0;0;0;0
stun;0;0;0;1;0;0;0;2;0;16
rutowski;20;0;0;0;0;0;0;0;0;1
rembrandt;2;0;0;0;15;0;0;0;0;4
lead;0;0;14;0;0;0;0;0;0;6
konstantin;0;0;0;0;0;0;0;0;0;3
john;0;0;0;0;14;0;1;0;0;5
inside;0;0;0;0;2;0;0;0;1;10
hell;0;0;0;0;1;0;0;0;0;4
gustave;0;12;0;0;0;0;0;3;0;5
grey;0;0;0;0;18;0;0;0;0;3
godrays;0;0;0;0;0;0;0;10;0;7
gilleard;0;0;19;0;0;0;0;0;0;2
fly;0;0;0;1;1;0;0;0;0;19
float;0;0;1;0;1;0;0;0;0;15
fire;8;0;0;0;3;0;0;0;0;4
eye;0;0;0;0;4;0;0;0;0;7
cover;0;0;0;0;6;0;0;1;0;12
bagshaw;0;0;0;0;19;0;0;0;2;0
atmospheric;0;0;0;0;0;1;0;2;0;14
abandon;0;3;0;0;1;0;0;3;0;10
yoshida;13;0;0;0;4;0;0;1;0;2
van;0;0;5;0;1;0;0;0;0;2
tone;17;0;0;0;0;0;0;1;0;2
statue;0;0;0;0;0;0;0;0;0;7
spire;0;0;0;7;0;0;0;0;2;11
port;0;0;0;0;9;0;0;1;0;10
morning;0;0;0;0;1;0;13;0;2;4
man;0;1;0;0;4;2;0;0;0;6
hyperrealism;0;0;0;0;0;0;0;0;12;6
hard;0;0;19;0;0;0;0;0;0;1
german;0;0;0;0;0;0;0;0;0;20
distant;0;0;0;0;9;0;0;0;0;11
country;0;8;0;0;3;0;0;2;0;0
border;0;15;0;0;3;0;0;1;0;1
baroque;0;0;0;0;0;0;0;1;0;13
windmill;17;0;0;0;0;0;0;0;0;1
surreal;0;7;5;0;0;0;0;0;0;5
society;0;16;0;0;0;0;0;0;0;2
run;0;1;0;0;2;0;0;0;0;12
raphael;0;0;0;0;10;0;0;0;0;5
ocean;0;8;0;0;0;0;0;1;0;10
narrow;0;0;0;0;0;0;0;1;0;10
minimalist;0;2;17;0;0;0;0;0;0;0
london;0;0;0;1;11;0;2;1;0;4
grand;0;0;0;0;0;1;0;0;0;9
fall;0;0;0;0;0;0;1;0;0;11
environment;0;0;0;0;1;0;0;0;0;12
cozy;0;0;0;0;0;0;7;0;0;9
cityscape;0;0;0;7;0;0;1;1;0;10
chiaroscuro;0;0;0;0;0;0;0;0;0;6
capital;0;0;0;0;2;0;0;0;7;10
boat;0;0;0;0;0;0;0;3;0;5
bird;0;0;2;0;0;0;0;0;0;11
work;0;14;0;0;1;0;0;0;0;3
union;0;3;0;11;0;0;0;1;0;1
train;0;0;0;0;0;0;0;8;0;1
temple;0;0;0;0;1;0;0;0;1;7
steampunk;0;0;0;0;0;0;0;0;0;11
spot;8;0;0;0;9;0;0;0;0;1
side;0;3;0;0;0;0;0;0;0;7
season;0;0;0;5;0;0;7;0;0;6
ring;0;0;0;0;0;0;0;0;0;5
peaceful;0;0;0;12;0;0;0;0;0;2
hill;0;0;0;1;0;0;1;0;0;11
destroy;0;2;0;0;0;0;0;6;0;6
burn;0;1;11;0;0;0;0;0;0;3
albert;0;0;0;1;2;0;0;0;0;8
zurich;0;0;0;0;0;0;0;17;0;0
year;0;1;0;0;1;0;0;0;2;7
wooden;0;1;5;0;4;0;0;0;0;6
war;0;10;0;0;1;0;0;1;0;0
wallpaper;0;0;0;0;2;9;0;1;0;4
switzerland;13;0;0;1;0;0;0;0;0;2
swiss;3;0;0;0;0;0;3;0;0;6
spring;2;0;0;5;0;0;0;0;0;5
skull;0;0;0;0;14;0;0;1;0;2
portrait;0;0;0;0;0;0;0;0;0;5
nestle;0;0;0;0;0;0;13;0;0;0
lee;0;0;0;0;10;0;0;0;1;2
horror;0;0;0;0;0;0;0;0;0;7
foreground;0;0;0;0;0;0;4;0;1;10
film;0;0;0;0;0;0;0;0;4;11
exquisite;0;0;0;0;0;0;1;0;14;2
dusk;0;0;0;0;10;0;4;0;0;3
dragon;0;1;0;5;0;0;0;0;0;6
belgium;1;1;0;15;0;0;0;0;0;0
animation;0;0;0;6;0;0;0;0;7;1
amaze;0;0;0;0;0;0;0;0;0;9
akihiko;13;0;0;0;1;0;0;1;0;2
yoshitaka;12;0;0;0;0;0;0;0;0;4
video;0;1;0;0;1;0;0;0;0;4
ultradetailed;0;0;7;0;0;9;0;0;0;0
top;0;0;0;0;0;0;0;0;0;16
time;0;2;0;0;0;6;0;0;0;8
sunlight;0;0;0;0;0;9;1;0;0;6
simple;0;2;8;0;0;0;0;0;0;2
russian;0;0;0;0;2;0;0;0;0;3
renowned;0;16;0;0;0;0;0;0;0;0
post;0;0;0;0;0;0;0;1;0;10
planet;0;6;0;0;0;0;0;1;0;4
painter;0;0;14;0;0;0;0;0;0;2
moody;0;0;0;0;0;0;0;0;0;10
lense;0;0;0;0;0;0;0;1;15;0
julius;0;16;0;0;0;0;0;0;0;0
illumination;0;0;0;0;1;0;0;0;0;4
glow;0;0;0;0;2;0;0;0;0;12
global;0;1;0;0;1;0;0;0;0;3
fish;0;0;0;0;0;0;0;2;0;7
fight;0;0;0;0;2;0;0;0;0;6
empire;0;5;0;0;0;0;0;0;0;4
disney;0;7;0;0;0;0;0;0;7;2
cliff;0;0;0;0;2;0;0;0;0;14
caesar;0;16;0;0;0;0;0;0;0;0
antique;0;15;1;0;0;0;0;0;0;0
amano;12;0;0;0;0;0;0;0;0;4
winter;0;0;0;0;10;0;0;0;0;3
wes;0;0;0;0;1;0;0;0;5;9
third;0;7;0;0;0;0;0;1;0;5
symmetrical;0;0;0;0;7;0;0;0;0;8
strong;0;0;0;0;0;0;0;1;0;7
stiavnica;0;0;0;0;0;0;15;0;0;0
spain;0;4;0;0;0;0;0;0;0;2
shape;0;3;0;0;0;0;0;0;11;1
rhads;0;0;0;0;1;0;0;0;0;6
renewel;0;15;0;0;0;0;0;0;0;0
pixar;0;0;0;0;1;0;0;0;7;4
neon;0;0;0;0;0;0;0;0;0;5
neoclassical;0;0;0;0;3;0;0;0;0;1
mohrbacher;0;0;0;0;0;0;0;13;0;1
market;0;0;0;0;0;0;0;1;0;3
londo;0;0;0;0;15;0;0;0;0;0
loish;2;0;0;0;6;0;0;4;0;0
line;0;0;0;0;0;0;1;0;0;10
incredible;0;0;0;13;0;0;0;0;0;2
flow;0;0;0;0;0;0;13;0;0;2
figure;0;0;0;0;11;0;0;0;0;2
dore;0;12;0;0;0;0;0;0;0;3
depth;0;0;0;0;0;0;0;0;2;12
breathtaking;0;0;0;0;12;0;0;1;0;2
behance;0;2;0;0;0;0;0;0;0;5
banska;0;0;0;0;0;0;15;0;0;0
anor;0;0;0;0;15;0;0;0;0;0
anderson;0;0;0;0;1;0;0;0;5;9
winner;0;2;0;0;10;0;0;0;0;2
tiny;0;0;0;4;2;0;0;3;0;1
sprawl;0;0;0;0;0;0;0;0;0;14
show;0;6;0;0;0;0;0;0;0;2
sense;0;0;14;0;0;0;0;0;0;0
sea;0;2;0;0;0;0;0;0;2;9
scale;0;0;0;0;0;0;0;0;0;4
rule;0;8;0;0;0;0;0;1;0;3
pile;0;0;0;0;14;0;0;0;0;0
mm;0;3;0;0;1;0;0;2;0;8
lacoste;0;0;0;0;10;0;0;0;0;0
king;0;2;0;0;6;0;0;0;0;6
jim;0;7;7;0;0;0;0;0;0;0
insanely;0;0;0;0;0;0;0;6;0;8
ink;0;6;0;0;0;0;0;0;0;6
good;0;13;0;0;0;0;0;0;0;0
gaston;0;0;0;0;0;0;0;10;0;4
desert;0;2;1;0;0;0;0;0;0;6
cross;0;1;0;0;1;0;5;3;0;0
century;0;1;0;0;0;0;1;0;0;12
busy;0;0;0;4;1;0;0;0;0;4
bussiere;0;0;0;0;0;0;0;10;0;4
zombie;0;0;0;0;0;0;0;7;0;2
window;0;0;0;0;1;0;0;0;0;10
uhd;0;0;0;0;0;0;0;0;0;3
sun;0;0;0;0;3;0;0;3;0;4
screenshot;0;0;0;0;0;0;0;5;0;2
ross;0;0;0;0;0;0;0;1;0;5
print;0;0;0;8;0;0;0;0;0;5
pixel;0;0;0;1;0;0;7;0;0;4
ominous;0;0;0;0;0;0;0;0;3;4
natural;0;0;0;0;0;0;0;0;0;13
mumford;0;0;0;0;0;0;0;5;0;8
moscow;0;0;1;0;3;0;0;2;4;2
majestic;0;0;0;0;0;0;9;0;0;4
lively;0;0;0;0;0;12;0;0;0;1
level;0;0;0;0;0;0;0;3;0;5
key;0;0;0;0;1;0;0;0;7;2
ivan;0;0;0;0;0;0;0;0;0;13
gorgeous;0;0;0;0;0;0;0;0;0;12
friedrich;0;1;1;0;0;0;0;0;0;11
festival;1;0;0;0;7;5;0;0;0;0
dan;0;0;0;0;0;0;0;5;0;8
cole;0;0;0;0;7;0;1;0;0;3
big;0;0;0;1;2;0;0;4;0;4
villeneuve;0;0;0;0;12;0;0;0;0;0
urban;0;0;0;0;0;0;0;0;0;5
ufo;0;3;0;0;0;0;1;8;0;0
tran;0;0;0;0;0;0;0;0;0;5
sword;0;0;0;0;10;0;0;0;0;2
seaside;0;0;0;0;0;11;0;0;0;1
roof;2;0;0;0;0;0;0;3;2;5
rob;0;8;0;0;0;0;0;0;0;1
open;1;2;0;0;0;0;0;0;5;4
mushroom;10;0;0;0;0;0;0;0;0;2
moebius;0;0;0;0;0;0;0;0;7;4
modern;0;5;0;0;0;0;0;0;0;3
maya;0;0;0;0;0;0;0;6;0;3
massive;0;0;0;0;0;0;0;4;1;6
magic;0;1;0;0;0;1;0;0;0;9
magali;0;0;0;0;12;0;0;0;0;0
jesper;0;0;0;0;0;0;0;1;0;2
jan;0;0;5;0;0;0;0;0;0;7
illustrate;0;0;0;0;0;0;0;9;0;3
gold;0;3;0;0;0;0;3;0;0;3
germany;0;0;0;0;0;0;0;0;4;8
gent;0;0;0;12;0;0;0;0;0;0
ejsing;0;0;0;0;0;0;0;1;0;2
dutch;10;0;0;0;0;0;0;0;0;0
david;0;1;1;0;0;0;0;0;0;10
colonial;0;0;0;0;0;0;0;0;0;5
cinema;0;0;0;0;7;0;0;4;0;1
body;0;5;0;0;6;0;0;0;0;0
blur;0;0;0;0;5;0;0;4;0;2
bierstadt;0;0;0;1;0;0;0;0;0;10
beeple;0;0;0;0;0;0;0;0;0;12
bavarian;0;0;0;0;0;0;0;0;4;0
autumn;5;0;0;0;0;0;0;0;5;2
wind;0;0;0;0;0;0;0;0;9;2
waterway;0;0;0;0;0;0;0;0;0;3
social;0;0;0;0;11;0;0;0;0;0
slow;0;0;0;0;0;11;0;0;0;0
sing;0;1;0;0;0;0;0;5;0;4
ruan;0;0;0;0;10;0;0;1;0;0
ride;0;0;0;0;0;0;0;0;0;3
region;0;10;0;0;0;0;0;1;0;0
ralph;0;0;2;0;0;0;0;0;0;2
quaint;0;0;0;0;0;0;0;0;10;1
pixiv;0;0;0;0;0;0;0;8;0;3
pennington;0;0;4;0;0;0;0;0;0;2
paper;0;4;0;0;2;0;0;0;1;1
otherworldly;0;0;0;0;0;0;0;0;0;5
nice;0;0;0;10;0;0;0;0;0;0
mcquarrie;0;0;2;0;0;0;0;0;0;2
masculine;0;0;0;0;11;0;0;0;0;0
magnificent;0;0;0;0;0;0;0;1;0;3
jia;0;0;0;0;10;0;0;1;0;0
gloomy;0;0;0;0;0;0;0;0;0;10
galata;0;0;0;0;0;0;0;11;0;0
flat;0;0;0;8;0;0;0;1;0;2
fallout;0;0;0;0;0;1;0;10;0;0
earth;0;6;0;0;0;0;0;0;2;3
dof;0;0;0;0;6;0;0;4;0;1
countryside;0;0;0;10;0;0;0;0;0;1
cottage;0;0;0;0;0;0;0;1;0;7
cosmic;0;0;0;0;0;0;0;1;0;4
caspar;0;1;1;0;0;0;0;0;0;9
bruce;0;0;4;0;0;0;0;0;0;2
beksinski;0;0;0;0;0;0;0;3;0;8
battle;0;0;0;0;5;0;0;0;0;0
apocalyptic;0;0;0;0;0;0;0;0;0;5
alexander;0;1;0;3;0;0;0;0;0;0
table;3;4;0;0;1;0;1;0;0;0
streetview;0;0;0;0;0;9;0;0;0;1
stefan;0;0;0;0;4;0;0;0;0;0
speckle;10;0;0;0;0;0;0;0;0;0
space;0;3;0;0;1;0;0;0;0;6
soviet;0;0;0;3;5;0;0;0;0;0
solter;0;0;0;0;0;0;0;0;10;0
skyline;0;0;0;0;0;0;1;0;0;9
sculpture;0;4;0;0;0;0;0;0;0;0
sci;0;0;0;0;0;1;0;0;0;9
process;0;0;0;0;0;0;0;1;0;8
poster;0;0;0;8;0;0;0;0;0;2
pokemon;0;0;0;0;9;0;0;0;0;1
pencil;0;1;0;0;0;0;7;0;0;2
organ;0;0;0;0;9;0;0;0;0;1
music;0;0;0;0;9;1;0;0;0;0
lot;0;1;0;0;2;0;0;1;0;6
lisbon;0;0;1;0;1;0;0;1;0;7
jonathan;0;0;0;0;0;0;0;0;10;0
hour;0;0;0;0;0;0;0;0;2;1
heartstone;0;0;0;0;0;0;0;0;0;3
hardturm;0;0;0;0;0;0;0;10;0;0
guard;0;0;0;0;3;0;0;0;0;1
grossmünster;0;0;0;0;0;0;0;10;0;0
fi;0;0;0;0;0;1;0;0;0;9
fae;0;0;0;0;0;0;0;0;0;3
duck;8;0;0;0;0;0;0;0;0;1
daylight;0;0;0;0;7;0;0;1;0;2
crystal;0;0;0;0;9;0;0;0;0;1
clean;0;0;0;0;1;0;2;0;0;0
chalet;0;0;0;0;0;0;10;0;0;0
budapest;0;0;0;0;4;0;0;1;0;4
bloom;0;0;0;0;1;0;0;0;4;2
bloodborne;0;0;0;0;0;0;0;3;0;6
alpine;0;0;0;0;0;0;10;0;0;0
alan;0;0;0;0;10;0;0;0;0;0
zdzis;0;0;0;0;0;0;0;0;0;9
vast;0;1;0;0;0;0;0;0;0;8
ukrainian;0;0;0;0;7;0;0;0;0;1
tooth;0;0;5;0;0;0;0;0;0;4
throne;0;0;0;0;5;0;0;0;0;3
symbol;0;0;0;0;9;0;0;0;0;0
steve;0;0;0;0;8;0;0;0;0;1
steam;0;0;0;0;3;0;0;0;0;0
starry;0;0;0;0;0;0;0;4;0;5
sheild;0;0;0;0;9;0;0;0;0;0
sargent;0;0;0;0;2;0;1;0;0;2
rural;0;0;0;0;0;0;0;0;4;4
rose;8;0;0;0;0;0;0;1;0;0
robert;0;0;0;0;0;0;0;0;1;3
pipe;0;0;0;0;9;0;0;0;0;0
peak;0;0;0;0;0;0;9;0;0;0
pastel;0;0;0;2;0;0;0;0;0;7
mediterranean;0;0;0;0;6;0;0;0;0;3
mark;0;0;0;0;0;0;0;0;0;3
lithuania;0;0;0;0;0;0;0;0;3;0
lit;0;0;0;0;1;0;0;0;0;8
lamp;0;0;0;0;1;0;0;0;0;8
instrument;0;0;0;0;9;0;0;0;0;0
human;0;0;0;0;0;0;0;0;0;3
grid;0;0;0;0;1;0;0;0;8;0
gouache;0;0;2;5;0;0;0;0;0;2
front;1;0;0;0;4;0;2;0;0;2
fog;0;0;0;0;0;0;0;1;0;8
farm;1;0;0;5;0;0;0;0;0;3
entertwined;0;0;0;0;9;0;0;0;0;0
drone;0;0;3;0;0;0;0;0;0;6
dieselpunk;0;0;0;0;6;0;0;0;0;0
curve;0;0;0;0;9;0;0;0;0;0
communist;0;0;0;3;0;0;0;0;0;0
choi;0;0;0;0;0;0;0;5;0;3
bell;0;0;0;0;4;0;0;0;1;4
back;0;0;1;0;0;0;0;1;0;7
aw;0;0;0;0;0;0;0;0;0;9
artistic;0;0;0;0;0;0;0;4;0;5
army;0;1;0;1;0;0;0;1;0;5
architectural;0;0;0;0;0;0;3;0;0;1
archdaily;0;0;0;0;0;9;0;0;0;0
accurate;0;8;0;0;0;0;0;0;0;1
wu;0;0;5;0;0;0;0;0;0;3
wood;0;0;0;0;3;0;0;0;0;1
woman;0;5;0;0;0;0;0;0;0;3
vladimir;0;0;0;0;0;0;0;0;0;4
vector;0;0;0;4;0;0;2;0;0;0
tudor;0;0;0;0;0;0;8;0;0;0
trident;0;0;0;0;8;0;0;0;0;0
tolkien;3;5;0;0;0;0;0;0;0;0
tile;0;0;0;0;0;0;0;0;2;5
stålenhag;0;0;0;0;0;0;0;6;0;2
stockholm;0;0;0;0;1;0;0;0;0;7
snowfall;0;0;0;0;0;0;0;0;8;0
scheme;0;0;1;0;0;0;0;0;0;7
rust;0;0;0;0;0;0;0;0;0;3
renaissance;0;0;0;0;0;0;0;2;1;3
reflection;1;0;0;0;0;0;0;0;0;2
point;0;3;0;0;0;0;0;0;0;5
play;3;0;0;0;0;0;0;0;0;2
panoramic;0;0;0;0;0;0;0;2;2;1
moon;0;0;0;0;0;0;0;0;0;5
mccurry;0;0;0;0;8;0;0;0;0;0
limmat;0;0;0;0;0;0;0;8;0;0
knight;0;0;0;0;0;2;0;0;0;2
kindkade;5;0;0;0;0;0;0;0;0;0
kincade;0;0;0;0;8;0;0;0;0;0
isometric;0;0;0;0;0;0;0;0;1;4
iron;0;0;0;0;0;0;0;0;0;8
imax;0;0;0;0;1;0;0;0;0;7
igor;0;7;0;0;0;0;0;0;0;1
howe;0;0;0;0;6;0;0;0;0;2
hildebrandt;0;0;0;0;0;0;0;0;0;4
heavenly;0;4;0;0;0;0;0;0;0;4
half;0;0;0;0;0;0;7;0;0;1
gate;0;0;0;0;0;0;0;1;0;7
galic;0;0;0;0;0;0;0;0;8;0
feature;0;0;0;0;0;0;0;1;0;7
ernst;0;0;6;0;0;0;0;0;0;2
end;0;0;0;0;0;0;0;0;0;8
effect;0;0;0;0;0;0;0;1;0;7
dungeon;0;0;1;0;0;0;0;0;0;2
dream;0;0;0;0;0;0;0;0;0;8
depict;0;0;0;0;1;0;0;0;0;5
definition;0;0;0;0;0;0;0;0;0;8
condition;0;7;0;0;0;0;0;0;0;1
civilization;0;3;0;0;0;0;0;0;0;0
calm;0;0;0;0;0;0;0;0;0;8
area;0;0;0;0;3;1;0;0;0;1
american;0;0;0;0;2;0;0;0;0;4
america;0;0;0;0;3;0;0;0;0;1
air;0;0;0;0;0;0;0;0;0;3
zbrush;0;0;0;0;0;0;0;5;0;2
young;1;0;0;0;0;1;2;0;0;3
warren;0;7;0;0;0;0;0;0;0;0
vintage;0;0;0;1;0;0;0;0;0;6
timber;0;0;0;0;0;0;7;0;0;0
ted;0;0;0;0;0;0;0;0;0;7
sunrise;0;0;0;0;0;0;0;4;0;3
storybook;0;0;0;5;0;0;0;0;0;2
storm;0;0;0;0;0;0;0;0;0;7
shiny;0;0;0;0;0;0;3;0;0;1
sand;0;0;1;0;0;0;0;1;0;2
romanticism;0;0;0;0;0;0;0;0;0;3
romantic;0;0;0;0;0;0;0;0;0;7
robot;0;0;0;0;1;0;0;1;0;5
regional;0;7;0;0;0;0;0;0;0;0
psychedelic;0;0;5;0;0;0;0;0;0;2
piranesi;0;0;1;0;0;0;0;0;0;5
overlook;0;0;0;0;0;0;0;0;0;7
nearby;7;0;0;0;0;0;0;0;0;0
nasmith;0;0;0;0;0;0;0;0;0;7
mysterious;0;1;0;0;1;0;0;0;0;5
morski;0;7;0;0;0;0;0;0;0;0
model;0;0;0;0;1;0;0;0;0;5
lovecraftian;0;0;0;0;0;0;0;0;0;4
lightning;0;0;0;0;2;0;0;1;0;1
levitan;0;0;0;0;0;0;0;0;0;3
imaginative;0;7;0;0;0;0;0;0;0;0
horse;4;0;0;0;0;0;0;0;0;2
gonsalves;0;7;0;0;0;0;0;0;0;0
fortress;0;0;0;0;0;0;0;0;2;2
foliage;0;0;0;0;2;0;0;0;0;5
elevate;0;0;0;0;0;0;0;0;4;0
dishonor;0;0;0;0;0;0;0;0;0;3
delicate;0;0;0;7;0;0;0;0;0;0
de;0;0;0;0;0;0;0;0;0;4
complex;0;0;0;0;0;0;0;0;0;7
colosseum;0;0;0;0;1;0;0;1;0;3
clock;0;0;0;0;0;0;3;0;0;4
canaletto;0;0;1;0;5;0;0;0;0;1
cafe;0;0;0;0;4;0;1;0;0;2
brussels;0;0;0;0;0;0;0;7;0;0
blunt;0;7;0;0;0;0;0;0;0;0
archipelago;0;4;0;0;0;0;0;0;0;3
aqueduct;0;0;0;0;2;0;0;3;0;0
alien;0;1;0;0;0;0;0;0;0;5
aivazovsky;0;0;0;0;0;0;0;0;0;7
afterlife;0;0;0;0;0;0;0;6;0;1
35mm;0;0;0;0;0;0;0;5;0;2
wave;0;0;0;0;0;0;0;5;0;1
viktor;0;0;0;3;1;0;0;0;0;2
treasure;0;4;0;0;0;0;0;1;0;1
toei;0;0;0;6;0;0;0;0;0;0
tictac;0;0;0;0;0;0;0;6;0;0
takeya;0;0;0;0;0;0;0;6;0;0
takayuki;0;0;0;0;0;0;0;6;0;0
stream;1;0;0;0;0;0;0;0;0;5
strange;0;0;0;0;0;0;0;0;0;5
shade;0;0;0;0;0;0;0;0;0;5
settlement;0;0;0;0;0;0;0;0;0;6
secret;1;1;0;0;0;0;0;0;0;3
sculpt;0;0;0;0;0;0;0;5;0;1
rococo;0;0;0;0;0;0;0;1;0;5
rock;0;0;0;0;1;0;0;0;0;5
ratio;0;0;0;1;0;0;0;3;0;1
range;0;0;0;0;0;0;0;0;0;6
rainbow;0;0;0;0;6;0;0;0;0;0
pumpkin;0;0;0;0;0;0;0;0;0;5
pond;0;0;0;0;0;0;0;0;0;3
political;0;6;0;0;0;0;0;0;0;0
plain;3;1;0;0;0;0;0;1;0;1
picture;0;4;0;0;0;0;0;1;0;1
path;0;0;0;0;0;0;0;2;0;4
overgrow;0;0;2;0;2;0;0;0;0;2
nighttime;0;0;0;0;0;0;0;0;0;5
michael;0;0;0;0;1;0;0;0;0;4
metropolis;0;0;0;0;0;0;0;0;0;6
max;0;0;5;0;0;0;0;1;0;0
main;0;0;0;0;2;0;0;0;0;2
lovecraft;0;0;0;0;0;0;0;4;0;2
lineart;0;0;5;0;0;0;0;0;0;1
lantern;0;0;0;0;6;0;0;0;0;0
intricately;0;4;0;0;0;0;0;0;0;1
instagram;0;0;0;0;0;0;0;5;0;1
imagery;0;0;0;0;0;0;0;2;0;4
hunter;0;0;0;6;0;0;0;0;0;0
houdini;0;0;0;0;0;0;0;5;0;1
hold;0;1;0;0;1;0;0;0;0;4
historical;0;1;0;0;3;0;0;1;0;1
heart;0;0;0;0;0;0;0;0;0;6
hand;0;5;0;0;0;0;0;0;0;1
grass;0;1;0;0;0;0;0;3;0;2
giger;0;0;0;0;0;0;0;0;0;6
geography;0;6;0;0;0;0;0;0;0;0
freeze;0;3;0;0;1;0;0;1;0;1
foggy;0;0;0;0;3;0;0;0;0;3
flare;0;0;0;0;0;0;0;0;0;6
fantastical;0;0;0;0;0;0;0;0;0;4
face;0;0;0;0;2;0;0;0;0;4
eyck;0;0;5;0;0;0;0;0;0;1
edge;0;0;0;3;0;0;0;0;0;3
dreamlike;0;0;0;0;0;4;0;0;0;2
doll;6;0;0;0;0;0;0;0;0;0
deep;0;0;0;0;2;0;0;0;0;3
crook;0;0;0;0;0;6;0;0;0;0
crash;0;0;0;0;0;0;0;6;0;0
courtyard;0;0;0;0;2;0;0;1;0;3
computer;0;0;0;0;0;0;0;0;0;3
colourful;0;0;0;0;0;0;0;0;4;1
cobble;0;0;0;0;0;0;0;1;0;5
channel;0;0;0;0;0;0;0;0;0;3
change;0;2;0;0;0;0;0;1;2;1
caravaggio;0;0;0;0;0;0;0;0;0;6
car;0;0;0;0;1;0;1;0;0;4
brushstrokes;0;0;0;0;0;0;0;0;0;6
brown;0;0;0;0;1;0;0;0;0;5
brand;0;6;0;0;0;0;0;0;0;0
beautifully;0;0;0;0;0;0;0;0;0;5
balkan;0;6;0;0;0;0;0;0;0;0
age;0;0;0;0;0;0;0;0;1;5
aesthetic;0;0;0;0;0;0;0;0;0;6
witcher;0;0;0;0;0;0;0;0;5;0
witch;0;0;0;0;1;4;0;0;0;0
watch;0;0;0;0;2;0;0;0;0;3
vine;0;0;0;0;2;0;0;0;0;3
villager;0;0;0;5;0;0;0;0;0;0
vfx;0;0;0;0;0;0;0;5;0;0
verehin;0;0;0;0;0;0;0;5;0;0
university;0;0;0;0;0;1;0;0;4;0
underground;0;0;0;0;0;0;0;0;0;4
ting;0;0;0;0;0;0;0;5;0;0
thick;0;0;5;0;0;0;0;0;0;0
study;0;0;0;0;0;0;0;0;0;5
steel;0;0;0;0;0;0;0;0;0;5
state;0;0;0;0;1;0;0;0;4;0
south;0;5;0;0;0;0;0;0;0;0
solarpunk;0;0;0;0;0;0;0;0;0;5
socialist;0;0;0;4;1;0;0;0;0;0
sketch;0;0;0;0;0;0;0;1;0;4
sit;0;0;0;0;2;1;0;0;0;1
silver;0;0;0;0;0;0;3;0;0;2
shine;0;0;0;0;3;0;0;0;0;0
sewer;0;0;0;0;2;0;0;0;0;3
school;0;1;0;0;0;0;0;0;0;3
rpg;0;1;0;0;0;0;0;1;0;3
rainy;0;0;0;0;0;0;0;0;1;4
projection;0;4;0;0;0;0;0;0;0;1
portra;0;0;0;0;0;0;0;2;0;3
palm;0;0;0;0;0;2;0;0;0;3
pain;0;0;0;0;0;0;0;0;0;5
north;0;4;0;0;0;0;0;0;0;1
nekro;0;0;0;0;0;0;0;5;0;0
naïve;0;0;0;5;0;0;0;0;0;0
national;0;1;0;0;1;0;0;0;0;3
miyazaki;0;0;0;0;0;0;0;0;0;5
maxim;0;0;0;0;0;0;0;5;0;0
marco;0;0;0;0;0;0;0;5;0;0
mapporn;0;5;0;0;0;0;0;0;0;0
manga;0;4;0;0;0;0;0;0;0;1
lviv;0;0;0;0;2;0;0;0;0;3
lose;0;0;0;0;0;0;0;1;0;4
landscale;5;0;0;0;0;0;0;0;0;0
konig;0;0;0;0;0;0;0;5;0;0
kodak;0;0;0;0;0;0;0;2;0;3
johnson;0;0;0;0;0;0;0;5;0;0
jar;0;0;0;0;4;0;0;0;0;0
invade;0;0;0;0;0;0;0;5;0;0
impossibly;0;0;0;0;0;0;0;0;5;0
impose;0;0;0;0;0;0;0;0;0;3
hayao;0;0;0;0;0;0;0;0;0;5
haunt;0;0;0;0;1;0;0;0;0;4
greek;0;0;0;0;0;0;0;0;0;4
graphic;0;0;0;0;0;0;0;0;0;4
galaxy;0;0;0;0;0;0;0;1;0;3
evil;0;0;0;0;0;0;0;1;1;3
establish;0;0;0;0;1;0;0;0;0;4
engrave;0;1;0;0;0;0;0;0;0;3
elaborate;0;3;0;0;0;0;0;0;0;2
donkey;5;0;0;0;0;0;0;0;0;0
dock;0;0;0;0;3;0;1;0;0;1
direct;0;0;0;0;1;0;0;0;0;4
diffuse;0;0;0;0;0;0;0;1;0;4
demon;0;0;0;0;1;0;0;0;0;4
deform;0;0;0;0;0;5;0;0;0;0
daytime;0;0;0;0;0;0;0;0;0;5
continent;0;2;0;0;0;0;0;0;0;2
climate;0;2;0;0;0;0;0;0;2;1
charles;0;1;0;0;0;0;0;0;0;4
bustle;0;0;0;0;0;1;0;0;0;4
british;0;0;0;0;0;0;1;0;0;4
beach;0;0;0;0;0;1;0;0;0;4
andreas;0;0;0;0;0;0;0;0;1;3
advertisement;0;0;0;0;0;0;0;4;0;0
adventure;0;0;0;0;0;0;0;0;0;4
18th;0;0;0;0;0;0;0;0;0;5
17th;0;0;0;0;0;0;0;0;0;5
wonderful;0;0;0;0;0;0;0;0;0;4
william;0;0;0;0;2;0;0;0;0;2
watercolour;0;0;0;0;0;0;0;0;0;4
warhammer;0;0;0;0;0;0;0;0;0;4
unite;0;0;0;3;0;0;0;0;0;1
tulip;4;0;0;0;0;0;0;0;0;0
terrace;0;0;0;0;4;0;0;0;0;0
tank;0;0;0;0;4;0;0;0;0;0
svg;0;2;0;0;0;0;2;0;0;0
statistic;0;4;0;0;0;0;0;0;0;0
solidity;0;0;0;0;0;0;0;4;0;0
ski;0;0;0;0;0;0;0;0;0;4
site;0;0;0;0;3;1;0;0;0;0
singer;0;0;0;0;2;0;1;0;0;1
silhouette;0;0;0;0;0;1;0;0;0;3
shield;3;0;0;0;0;0;0;0;0;1
sheet;0;0;2;0;0;0;0;0;0;2
scenic;0;0;0;0;0;0;0;1;0;2
roger;0;0;0;0;0;0;0;0;0;4
rocha;0;0;0;0;0;0;0;0;0;3
riverboat;0;0;0;0;0;0;4;0;0;0
rise;0;0;0;0;0;0;0;0;0;4
rim;0;0;0;0;0;0;0;2;0;1
reflect;0;0;0;0;0;0;0;0;0;4
realm;0;4;0;0;0;0;0;0;0;0
purple;0;0;0;0;0;0;0;0;0;3
professionally;0;3;0;0;0;0;0;0;0;1
picturesque;0;0;0;0;0;0;4;0;0;0
period;0;0;0;0;0;0;0;0;0;4
pc;0;0;0;0;0;0;0;0;4;0
part;0;0;0;0;0;0;0;0;0;4
parchment;0;4;0;0;0;0;0;0;0;0
paick;0;0;0;0;0;0;0;0;0;3
overcast;0;0;0;0;0;0;0;0;0;4
norwegian;0;3;0;0;0;0;0;0;0;1
mute;0;0;0;1;0;0;0;0;0;3
monster;0;1;0;0;0;0;0;0;0;3
minimal;0;0;0;0;0;0;2;0;0;2
mine;0;3;0;0;0;0;0;0;0;1
medium;0;0;0;0;0;0;0;1;3;0
luxemburg;0;0;4;0;0;0;0;0;0;0
lorenzo;0;0;0;4;0;0;0;0;0;0
lone;0;0;0;0;3;0;0;0;1;0
logo;0;0;0;2;1;0;0;0;0;1
layer;0;0;0;0;0;0;0;0;0;4
lava;0;0;0;0;0;0;0;0;0;3
lanfranconi;0;0;0;4;0;0;0;0;0;0
kremlin;0;0;0;0;3;0;0;1;0;0
koidl;0;0;0;0;4;0;0;0;0;0
kitezh;0;0;0;0;0;0;0;0;0;4
italy;0;1;0;0;0;0;0;0;0;3
istanbul;0;0;0;0;0;0;0;3;0;1
ismail;0;0;0;0;0;0;0;0;0;4
isaac;0;0;0;0;0;0;2;0;0;2
include;0;4;0;0;0;0;0;0;0;0
inceoglu;0;0;0;0;0;0;0;0;0;4
hyperborea;0;0;0;0;0;0;0;0;0;4
holiday;0;0;0;0;4;0;0;0;0;0
hole;0;0;0;0;0;0;0;0;0;3
hohenzollern;0;0;0;0;0;0;0;0;0;4
hodas;0;0;0;0;0;0;0;0;2;2
hobbit;4;0;0;0;0;0;0;0;0;0
highlight;0;0;0;0;0;0;1;0;0;3
group;1;1;0;0;0;0;0;0;0;2
glorious;0;0;0;0;0;0;0;0;0;4
giovanni;0;0;0;2;0;0;0;0;0;2
georgian;0;0;0;0;0;0;0;1;0;3
frog;0;0;0;0;0;0;0;0;1;3
frame;0;2;0;0;1;0;0;0;0;1
foot;0;0;0;0;0;0;4;0;0;0
florence;0;0;1;0;0;0;0;2;0;1
floor;0;0;0;0;0;0;0;0;0;4
finnstark;0;0;0;0;0;0;0;4;0;0
finely;0;0;0;0;0;0;0;0;0;4
fine;0;0;0;0;0;0;0;0;0;4
filip;0;0;0;0;0;0;0;0;2;2
extraterrestrial;0;4;0;0;0;0;0;0;0;0
explosion;0;0;0;0;0;0;0;0;0;3
eternity;0;0;0;0;0;0;0;4;0;0
enormous;0;0;0;0;0;0;0;0;0;4
element;0;0;0;0;0;0;0;0;0;3
eerie;0;0;0;0;0;0;0;0;0;4
eastern;0;0;0;0;0;0;0;2;0;2
detach;0;0;0;0;0;0;4;0;0;0
debris;0;0;0;0;2;0;0;0;0;2
czech;0;0;0;0;0;0;0;0;0;4
cute;0;0;0;0;0;0;0;1;0;3
cream;0;0;0;0;0;0;0;0;0;4
cracow;0;0;0;0;0;0;0;1;0;2
courbet;0;0;0;0;0;0;0;0;0;3
contest;0;2;0;0;0;0;0;0;0;2
construction;0;0;0;0;0;0;0;3;0;1
confluence;0;0;0;0;0;0;0;0;0;4
coast;0;0;0;0;2;0;0;0;0;1
cloudy;0;0;0;0;2;0;0;0;0;2
clay;0;0;3;0;0;0;0;0;0;1
cimbing;0;0;0;0;0;0;0;4;0;0
celtic;0;0;0;0;0;0;0;0;0;4
caribean;0;0;0;0;0;0;0;4;0;0
brutalist;0;0;0;0;0;0;0;0;0;4
botanical;4;0;0;0;0;0;0;0;0;0
beksi;0;0;0;0;0;0;0;0;0;4
beautifull;0;0;0;0;4;0;0;0;0;0
base;1;0;0;0;0;0;0;1;0;2
balcony;0;0;0;0;0;0;0;0;0;4
babylon;0;0;0;0;0;0;0;0;0;4
aztec;0;0;0;4;0;0;0;0;0;0
audubon;0;0;4;0;0;0;0;0;0;0
astronaut;3;0;0;0;0;0;0;0;0;1
arthur;0;0;1;0;2;0;0;0;0;1
armor;0;1;0;0;0;0;0;0;0;2
approach;0;0;0;4;0;0;0;0;0;0
apocalypse;0;0;0;0;0;0;0;0;0;3
angel;0;0;0;0;1;0;0;0;0;2
anato;0;0;0;0;0;0;0;4;0;0
ambiance;0;0;0;0;0;0;0;0;0;4
alsp;0;0;0;0;0;0;0;4;0;0
alley;0;0;0;0;1;0;0;0;0;3
afternoon;0;0;0;4;0;0;0;0;0;0
4d;0;0;0;0;0;0;0;4;0;0
zelensky;0;0;0;3;0;0;0;0;0;0
worth1000;0;0;0;0;0;0;0;3;0;0
worksite;0;0;0;0;0;0;0;3;0;0
wild;2;0;0;0;0;0;0;0;0;1
width;0;0;0;0;0;0;0;0;0;3
wholesome;0;0;0;0;0;0;0;0;3;0
whimsical;0;0;0;0;0;0;1;0;0;2
whelan;0;0;0;0;0;0;0;0;0;3
western;0;0;0;0;3;0;0;0;0;0
weep;0;3;0;0;0;0;0;0;0;0
wayne;0;0;0;0;0;0;0;0;0;3
waterhouse;0;0;0;0;3;0;0;0;0;0
warn;0;0;0;0;0;0;0;0;0;3
warcraft;0;3;0;0;0;0;0;0;0;0
volatile;0;3;0;0;0;0;0;0;0;0
visual;0;0;0;0;1;0;0;0;0;2
visible;0;0;0;0;0;1;0;0;0;2
victor;0;0;0;0;0;0;0;1;0;2
vibrante;0;0;0;0;0;0;0;0;0;3
vatican;0;1;0;0;0;0;0;0;0;2
vasnev;0;0;0;0;0;0;0;3;0;0
vasnetsov;0;0;0;0;0;0;0;0;0;3
ussr;0;0;0;1;2;0;0;0;0;0
ureal;0;0;0;0;0;0;0;0;0;3
unify;0;0;0;3;0;0;0;0;0;0
unforgiving;0;3;0;0;0;0;0;0;0;0
ultrarrealistic;0;0;0;3;0;0;0;0;0;0
ukranian;0;0;0;0;0;0;0;0;0;3
ue5;0;0;0;0;0;0;0;0;0;3
turn;0;0;1;0;2;0;0;0;0;0
turini;0;0;0;0;0;0;0;3;0;0
touch;0;0;0;2;0;0;0;0;1;0
teal;0;0;0;0;0;0;1;0;1;1
tarot;0;0;0;0;0;0;0;1;2;0
tardis;0;0;0;0;3;0;0;0;0;0
tag;0;0;0;0;0;0;3;0;0;0
tactic;0;3;0;0;0;0;0;0;0;0
svetlin;0;0;1;0;0;0;0;1;0;1
survivor;0;0;0;0;0;0;0;3;0;0
surrealistic;0;3;0;0;0;0;0;0;0;0
surrealism;0;0;0;0;0;0;0;1;0;2
surprise;0;0;0;0;3;0;0;0;0;0
strand;0;3;0;0;0;0;0;0;0;0
stew;3;0;0;0;0;0;0;0;0;0
staircase;0;0;0;0;0;0;0;0;0;3
somber;0;0;0;0;0;0;0;0;0;3
skyrim;0;1;0;0;0;0;0;0;0;2
situate;0;3;0;0;0;0;0;0;0;0
simplistic;0;3;0;0;0;0;0;0;0;0
sienkiewicz;0;0;0;0;3;0;0;0;0;0
sid;0;3;0;0;0;0;0;0;0;0
shoulder;0;0;0;0;1;0;0;0;0;2
shock;0;0;0;0;0;0;0;1;2;0
shishkin;0;0;0;0;0;0;0;0;0;3
sewage;0;0;0;0;0;0;0;0;0;3
set;0;0;0;0;0;0;0;0;0;3
sergey;0;0;0;0;0;0;0;3;0;0
scary;0;0;0;0;3;0;0;0;0;0
saturation;0;0;0;0;0;0;0;1;0;2
sail;0;0;0;0;0;0;0;3;0;0
ryan;0;0;0;0;0;0;0;0;0;3
ruysch;0;0;0;0;0;0;0;0;0;3
rubinkowski;0;0;0;0;0;0;0;0;0;3
rtx;0;0;0;0;0;0;0;0;0;3
roundabout;0;0;0;0;0;0;0;3;0;0
rossier;0;0;0;0;0;0;2;0;0;1
rolex;0;0;0;0;0;0;3;0;0;0
robinson;0;3;0;0;0;0;0;0;0;0
rich;0;0;0;0;0;0;0;0;0;3
retrofuture;0;3;0;0;0;0;0;0;0;0
reichstag;0;0;0;0;0;0;0;1;0;2
reconstruction;0;3;0;0;0;0;0;0;0;0
reapper;0;0;0;0;3;0;0;0;0;0
radiant;0;0;0;0;1;0;0;0;0;2
rachel;0;0;0;0;0;0;0;0;0;3
put;0;0;0;3;0;0;0;0;0;0
pustoviyt;0;0;0;3;0;0;0;0;0;0
pub;0;0;0;0;0;0;0;0;0;3
propaganda;0;0;0;3;0;0;0;0;0;0
precious;3;0;0;0;0;0;0;0;0;0
postprocessing;0;0;0;0;0;0;0;0;3;0
portsmouth;0;0;0;0;0;0;0;0;0;3
population;0;3;0;0;0;0;0;0;0;0
polity;0;3;0;0;0;0;0;0;0;0
poland;0;0;0;0;0;0;0;1;0;2
poke;0;0;0;0;0;0;0;0;0;3
petroleum;0;0;0;0;3;0;0;0;0;0
pastoral;0;0;0;0;1;0;0;0;0;2
pascal;0;0;0;0;0;0;0;0;0;3
palermo;0;0;0;1;2;0;0;0;0;0
overhead;0;0;0;0;0;0;0;0;0;3
otto;0;0;0;3;0;0;0;0;0;0
omega;0;0;0;0;0;0;3;0;0;0
odessa;0;0;0;0;0;0;0;0;0;3
norway;0;0;0;3;0;0;0;0;0;0
noise;0;0;0;0;0;0;0;0;0;3
nazi;0;0;0;0;0;0;0;0;0;3
nature;0;0;0;0;0;0;0;0;0;3
name;0;2;0;0;0;0;0;0;0;1
nag;0;0;0;0;0;0;0;0;0;3
musty;0;0;0;0;0;0;0;0;0;3
motherboard;0;0;0;0;0;0;0;0;0;3
moss;0;0;0;0;0;0;0;0;0;3
moonlight;0;0;0;0;0;0;0;0;0;3
mood;0;0;0;0;0;0;0;0;0;3
monastery;0;0;0;0;0;0;0;0;0;3
mohrhauser;0;0;0;0;0;0;0;3;0;0
mitchell;0;0;0;0;0;0;0;3;0;0
miss;0;3;0;0;0;0;0;0;0;0
miniature;0;0;0;0;0;0;0;0;0;3
metal;0;0;0;0;0;0;0;1;0;2
mercantile;0;3;0;0;0;0;0;0;0;0
meier;0;3;0;0;0;0;0;0;0;0
mattias;0;1;0;0;0;0;0;1;0;1
marcin;0;0;0;0;0;0;0;0;0;3
march;0;0;0;1;0;0;0;0;0;2
malevolent;0;0;0;0;0;0;0;0;0;3
mainz;0;0;0;0;3;0;0;0;0;0
madgwick;0;0;0;0;0;0;0;0;1;2
maciej;0;0;0;0;0;0;0;3;0;0
lyria;0;0;0;0;0;0;0;0;3;0
luxury;0;0;0;0;0;0;0;3;0;0
lumen;0;0;0;0;0;0;0;0;0;3
loaf;3;0;0;0;0;0;0;0;0;0
lisa;0;0;0;0;0;0;0;0;0;3
lifelike;0;0;0;0;2;0;0;0;0;1
liberty;0;0;0;0;0;0;0;0;0;3
leg;3;0;0;0;0;0;0;0;0;0
kuciara;0;0;0;0;0;0;0;3;0;0
jurgens;0;0;0;0;2;0;0;0;0;1
jungle;0;0;0;0;0;0;0;0;0;3
joy;0;0;0;0;0;0;0;0;0;3
jewel;0;0;0;0;0;0;3;0;0;0
jessica;0;0;0;0;0;0;2;0;0;1
jeremy;0;0;0;0;1;0;0;1;0;1
jag;0;3;0;0;0;0;0;0;0;0
jacob;0;0;0;0;0;0;3;0;0;0
international;0;0;0;0;0;0;0;0;0;3
interest;0;0;0;0;0;0;0;0;0;3
incredibly;0;3;0;0;0;0;0;0;0;0
imperious;0;0;0;0;0;0;0;0;0;3
ilsted;0;0;0;0;0;0;0;1;0;2
illuminate;0;0;0;0;0;0;0;0;0;3
humongous;0;0;0;0;0;0;0;2;0;1
hospitable;0;3;0;0;0;0;0;0;0;0
horizon;0;0;0;0;0;0;0;0;0;3
holy;0;1;0;0;0;1;0;0;0;1
history;0;1;0;0;0;0;0;0;0;2
hiroshi;0;0;0;0;3;0;0;0;0;0
hilly;0;0;0;0;0;0;0;0;0;3
higer;0;0;0;0;0;0;0;0;0;3
heur;0;0;0;0;0;0;3;0;0;0
heem;0;0;0;0;0;0;0;0;0;3
head;3;0;0;0;0;0;0;0;0;0
hazy;0;0;0;0;0;0;0;0;0;3
havrylo;0;0;0;3;0;0;0;0;0;0
harrison;0;0;1;0;2;0;0;0;0;0
happy;0;0;0;0;1;0;0;0;0;2
hans;0;1;0;0;0;0;0;0;0;2
hampshire;0;0;0;0;0;0;0;0;0;3
halle;0;0;0;0;0;0;0;0;0;3
haeckel;0;0;1;0;0;0;0;0;0;2
habitable;0;3;0;0;0;0;0;0;0;0
gustav;0;0;0;0;0;0;0;0;0;3
grotesque;0;0;0;0;0;0;0;0;0;3
grimdark;0;0;0;0;0;0;0;0;0;3
gondola;0;0;0;0;3;0;0;0;0;0
girod;0;0;0;0;0;0;0;0;0;3
girl;1;0;0;0;2;0;0;0;0;0
gigantic;0;1;0;0;0;0;0;0;0;2
giancola;0;0;0;0;2;0;0;0;0;1
giacomo;0;0;0;0;0;0;0;0;0;3
ghailan;0;0;0;0;0;0;0;1;0;2
george;0;0;0;2;0;0;0;0;0;1
gdansk;0;0;0;0;0;0;0;0;0;3
gabriele;0;0;0;3;0;0;0;0;0;0
froud;0;1;0;0;0;0;0;0;0;2
frederic;0;0;0;0;0;0;0;0;0;3
france;0;2;0;0;0;0;0;0;0;1
fort;0;0;0;0;2;0;0;0;0;1
ford;0;0;1;0;0;0;0;0;0;2
flash;0;0;0;0;0;0;0;0;2;1
fishpond;0;0;0;0;0;0;0;3;0;0
finland;0;2;0;0;0;0;0;0;0;1
figurine;0;0;0;0;0;0;0;0;0;3
export;0;3;0;0;0;0;0;0;0;0
even;0;0;0;0;0;0;0;0;0;3
eu;0;0;0;0;3;0;0;0;0;0
erase;0;3;0;0;0;0;0;0;0;0
era;0;0;0;1;0;0;0;0;0;2
equator;0;3;0;0;0;0;0;0;0;0
edwin;0;0;0;0;0;0;0;0;0;3
eat;0;0;0;0;1;0;0;0;0;2
early;0;0;0;0;0;0;0;0;0;3
doré;0;0;0;0;0;0;0;3;0;0
donato;0;0;0;0;2;0;0;0;0;1
district;0;0;0;0;0;0;0;0;3;0
distort;0;0;3;0;0;0;0;0;0;0
discover;0;0;0;0;3;0;0;0;0;0
dimly;0;0;0;0;0;0;0;0;0;3
dim;0;0;0;0;0;0;0;0;0;3
dieces;3;0;0;0;0;0;0;0;0;0
dice;3;0;0;0;0;0;0;0;0;0
devil;0;0;0;0;3;0;0;0;0;0
desaturated;0;0;0;2;0;0;0;0;0;1
deni;0;0;0;3;0;0;0;0;0;0
delville;0;0;0;0;0;0;0;3;0;0
dell;0;0;0;3;0;0;0;0;0;0
decorate;0;0;0;0;0;0;0;0;0;3
dean;0;0;0;0;0;0;0;0;0;3
davidsz;0;0;0;0;0;0;0;0;0;3
darrow;0;0;0;0;0;0;0;0;2;1
cumulonimbus;0;0;0;0;0;0;0;0;0;3
crumble;0;0;0;0;3;0;0;0;0;0
create;0;2;0;0;0;0;0;0;0;1
count;0;0;0;0;0;0;0;0;0;3
cool;0;0;0;0;0;0;0;0;0;3
concrete;0;0;0;0;0;0;0;0;0;3
complimentary;0;0;0;0;0;0;0;0;0;3
colums;0;3;0;0;0;0;0;0;0;0
coastline;0;3;0;0;0;0;0;0;0;0
coastal;0;1;0;0;0;1;0;0;0;1
clown;0;0;0;0;0;0;0;3;0;0
clothe;0;0;0;2;1;0;0;0;0;0
circuit;0;0;0;0;0;0;0;0;0;3
churn;0;3;0;0;0;0;0;0;0;0
christmas;0;0;0;0;0;0;0;1;0;2
child;0;2;0;0;0;0;0;1;0;0
chain;0;1;0;0;1;0;0;0;0;1
central;0;0;0;0;0;0;0;0;0;3
catedral;0;0;0;0;3;0;0;0;0;0
cat;0;0;0;0;0;1;1;0;0;1
cast;0;0;0;0;0;0;0;0;0;3
cartoony;0;0;0;0;0;0;0;0;0;3
card;0;0;0;0;0;0;0;1;2;0
bury;0;1;0;0;0;0;0;0;0;2
burattini;0;0;0;0;0;0;0;0;0;3
brian;0;1;0;0;0;0;0;0;0;2
breitling;0;0;0;0;0;0;3;0;0;0
bologna;0;0;0;0;0;0;0;0;0;3
blood;0;0;3;0;0;0;0;0;0;0
block;0;0;0;3;0;0;0;0;0;0
biomes;0;3;0;0;0;0;0;0;0;0
bill;0;0;0;0;3;0;0;0;0;0
bike;0;1;0;0;0;0;1;0;0;1
beer;1;0;0;0;0;0;0;0;0;2
battista;0;0;0;2;0;0;0;0;0;1
ayan;0;0;0;0;0;0;0;0;0;3
aublet;0;0;0;0;2;0;0;0;0;1
atlas;0;3;0;0;0;0;0;0;0;0
atey;0;0;0;0;0;0;0;1;0;2
astrophotography;0;0;0;2;0;0;0;0;0;1
ariel;0;0;0;0;0;0;0;0;3;0
antiquity;0;1;0;0;0;0;0;0;0;2
animate;0;0;0;0;0;0;0;0;0;3
andrew;0;0;1;0;0;0;0;0;0;2
anarchy;0;0;3;0;0;0;0;0;0;0
amstel;0;0;0;0;3;0;0;0;0;0
allyway;0;0;0;0;0;0;0;1;0;2
alienate;0;0;0;0;0;0;0;0;0;3
alert;0;0;0;3;0;0;0;0;0;0
aivazovski;0;0;0;0;0;0;0;0;0;3
adrien;0;0;0;0;0;0;0;0;0;3