"V1";"V2";"V3";"V4";"V5";"V6"
"***";"nb classes";"10";"***";"";""
"**";"classe";"1";"**";"";""
"****";"84";"1551";"5.42";"****";""
"58";" 66";" 87.88";"915.084";"flower";"5.161397e-201"
"51";" 55";" 92.73";"848.592";"vibe";"1.470932e-186"
"51";" 58";" 87.93";"800.870";"ornate";"3.491335e-176"
"42";" 42";"100.00";"753.916";"melt";"5.649790e-166"
"42";" 42";"100.00";"753.916";"drip";"5.649790e-166"
"42";" 42";"100.00";"753.916";"creek";"5.649790e-166"
"43";" 44";" 97.73";"753.314";"puddle";"7.634099e-166"
"43";" 45";" 95.56";"735.099";"snow";"6.974393e-162"
"43";" 46";" 93.48";"717.676";"pristine";"4.285799e-158"
"43";" 49";" 87.76";"669.678";"chimney";"1.174053e-147"
"42";" 47";" 89.36";"666.767";"lush";"5.041881e-147"
"42";" 47";" 89.36";"666.767";"wet";"5.041881e-147"
"42";" 48";" 87.50";"651.518";"ice";"1.044406e-143"
"38";" 40";" 95.00";"643.256";"page";"6.543860e-142"
"43";" 51";" 84.31";"640.819";"mist";"2.217225e-141"
"36";" 39";" 92.31";"589.653";"stain";"2.980761e-130"
"33";" 33";"100.00";"588.850";"cart";"4.456734e-130"
"43";" 56";" 76.79";"577.700";"forest";"1.186748e-127"
"35";" 38";" 92.11";"571.482";"riabovitchev";"2.672433e-126"
"35";" 38";" 92.11";"571.482";"andrei";"2.672433e-126"
"37";" 45";" 82.22";"533.713";"waterfall";"4.396772e-118"
"43";" 61";" 70.49";"524.941";"smoke";"3.560997e-116"
"51";" 91";" 56.04";"483.724";"atmosphere";"3.306728e-107"
"43";" 67";" 64.18";"472.040";"rain";"1.153301e-104"
"28";" 30";" 93.33";"461.603";"lau";"2.153268e-102"
"27";" 28";" 96.43";"461.093";"orange";"2.780401e-102"
"36";" 49";" 73.47";"457.460";"green";"1.716230e-101"
"28";" 31";" 90.32";"445.172";"stanley";" 8.104912e-99"
"36";" 54";" 66.67";"409.752";"glass";" 4.149635e-91"
"23";" 23";"100.00";"407.725";"tranding";" 1.146533e-90"
"22";" 22";"100.00";"389.743";"particle";" 9.417264e-87"
"23";" 24";" 95.83";"389.048";"frazetta";" 1.334076e-86"
"43";" 81";" 53.09";"379.135";"bridge";" 1.919689e-84"
"22";" 23";" 95.65";"371.102";"sunbeam";" 1.077160e-82"
"21";" 22";" 95.45";"353.183";"carcassonne";" 8.591349e-79"
"20";" 21";" 95.24";"335.291";"rutowski";" 6.768355e-75"
"23";" 28";" 82.14";"327.703";"rossdraws";" 3.041347e-73"
"23";" 28";" 82.14";"327.703";"frank";" 3.041347e-73"
"33";" 57";" 57.89";"318.141";"simonetti";" 3.680352e-71"
"33";" 57";" 57.89";"318.141";"marc";" 3.680352e-71"
"17";" 18";" 94.44";"281.783";"windmill";" 3.068919e-63"
"64";"228";" 28.07";"267.795";"medieval";" 3.431105e-60"
"28";" 51";" 54.90";"252.099";"red";" 9.053473e-57"
"17";" 20";" 85.00";"250.515";"tone";" 2.005172e-56"
"37";"111";" 33.33";"181.903";"village";" 1.862251e-41"
"13";" 16";" 81.25";"181.496";"switzerland";" 2.284465e-41"
"10";" 10";"100.00";"175.776";"dutch";" 4.052417e-40"
"10";" 10";"100.00";"175.776";"speckle";" 4.052417e-40"
"61";"285";" 21.40";"174.223";"beautiful";" 8.847365e-40"
"16";" 25";" 64.00";"170.244";"long";" 6.544781e-39"
"13";" 17";" 76.47";"169.409";"akihiko";" 9.961631e-39"
"12";" 16";" 75.00";"152.812";"yoshitaka";" 4.210268e-35"
"12";" 16";" 75.00";"152.812";"amano";" 4.210268e-35"
"10";" 12";" 83.33";"143.330";"mushroom";" 4.977252e-33"
"22";" 52";" 42.31";"142.951";"wlop";" 6.023887e-33"
"13";" 20";" 65.00";"140.424";"yoshida";" 2.150004e-32"
"18";" 38";" 47.37";"133.841";"yellow";" 5.920536e-31"
" 8";"  9";" 88.89";"123.134";"duck";" 1.303704e-28"
" 8";"  9";" 88.89";"123.134";"rose";" 1.303704e-28"
" 7";"  7";"100.00";"122.804";"nearby";" 1.539089e-28"
"17";" 38";" 44.74";"117.576";"french";" 2.146932e-27"
" 6";"  6";"100.00";"105.193";"doll";" 1.108202e-24"
"13";" 28";" 46.43";" 93.631";"jean";" 3.801278e-22"
" 5";"  5";"100.00";" 87.604";"kindkade";" 7.996926e-21"
" 5";"  5";"100.00";" 87.604";"landscale";" 7.996926e-21"
" 5";"  5";"100.00";" 87.604";"donkey";" 7.996926e-21"
"43";"241";" 17.84";" 86.014";"illustration";" 1.787083e-20"
"38";"198";" 19.19";" 84.090";"color";" 4.728028e-20"
"28";"127";" 22.05";" 74.692";"artgerm";" 5.500719e-18"
" 4";"  4";"100.00";" 70.038";"tulip";" 5.817976e-17"
" 4";"  4";"100.00";" 70.038";"hobbit";" 5.817976e-17"
" 4";"  4";"100.00";" 70.038";"botanical";" 5.817976e-17"
" 8";" 15";" 53.33";" 67.891";"fire";" 1.727656e-16"
" 8";" 18";" 44.44";" 54.153";"spot";" 1.854775e-13"
" 3";"  3";"100.00";" 52.494";"stew";" 4.314783e-13"
" 3";"  3";"100.00";" 52.494";"precious";" 4.314783e-13"
" 3";"  3";"100.00";" 52.494";"loaf";" 4.314783e-13"
" 3";"  3";"100.00";" 52.494";"leg";" 4.314783e-13"
" 3";"  3";"100.00";" 52.494";"head";" 4.314783e-13"
" 3";"  3";"100.00";" 52.494";"dieces";" 4.314783e-13"
" 3";"  3";"100.00";" 52.494";"dice";" 4.314783e-13"
" 4";"  6";" 66.67";" 44.114";"horse";" 3.098626e-11"
"17";" 80";" 21.25";" 41.285";"background";" 1.315751e-10"
"15";" 67";" 22.39";" 39.377";"shoot";" 3.493801e-10"
" 3";"  4";" 75.00";" 37.907";"shield";" 7.420924e-10"
" 3";"  4";" 75.00";" 37.907";"astronaut";" 7.420924e-10"
"43";"385";" 11.17";" 33.088";"concept";" 8.807396e-09"
"59";"627";"  9.41";" 32.775";"artstation";" 1.034630e-08"
" 5";" 12";" 41.67";" 31.024";"autumn";" 2.547997e-08"
" 3";"  5";" 60.00";" 29.176";"play";" 6.610730e-08"
"16";" 95";" 16.84";" 25.793";"landscape";" 3.801416e-07"
"36";"327";" 11.01";" 25.306";"trend";" 4.890789e-07"
"22";"162";" 13.58";" 23.539";"volumetric";" 1.224147e-06"
" 3";"  6";" 50.00";" 23.373";"plain";" 1.334568e-06"
" 2";"  3";" 66.67";" 22.014";"wild";" 2.706622e-06"
" 3";"  8";" 37.50";" 16.160";"tolkien";" 5.822246e-05"
" 3";"  9";" 33.33";" 13.773";"table";" 2.062525e-04"
"13";"104";" 12.50";" 10.921";"james";" 9.507695e-04"
"17";"153";" 11.11";" 10.748";"map";" 1.043806e-03"
"43";"546";"  7.88";"  9.951";"art";" 1.607344e-03"
" 4";" 19";" 21.05";"  9.182";"garden";" 2.444698e-03"
" 3";" 12";" 25.00";"  9.055";"swiss";" 2.620098e-03"
" 7";" 59";" 11.86";"  4.979";"blue";" 2.565840e-02"
" 1";"  3";" 33.33";"  4.573";"reflection";" 3.247419e-02"
" 1";"  3";" 33.33";"  4.573";"girl";" 3.247419e-02"
" 1";"  3";" 33.33";"  4.573";"beer";" 3.247419e-02"
"25";"343";"  7.29";"  3.015";"city";" 8.248534e-02"
" 1";"  4";" 25.00";"  3.003";"group";" 8.312847e-02"
" 1";"  4";" 25.00";"  3.003";"base";" 8.312847e-02"
" 2";" 12";" 16.67";"  2.988";"spring";" 8.386400e-02"
" 2";" 12";" 16.67";"  2.988";"loish";" 8.386400e-02"
" 2";" 12";" 16.67";"  2.988";"roof";" 8.386400e-02"
" 3";" 22";" 13.64";"  2.944";"field";" 8.619698e-02"
" 5";" 48";" 10.42";"  2.418";"thomas";" 1.199344e-01"
"25";"359";"  6.96";"  2.185";"greg";" 1.393638e-01"
" 3";" 25";" 12.00";"  2.150";"center";" 1.425372e-01"
" 1";"  5";" 20.00";"  2.083";"secret";" 1.489664e-01"
"*****";"*";"*";"*";"*";"*"
"35";" 35";"100.00";"625.362";"well";"5.099830e-138"
"62";"496";" 12.50";" 71.438";"on";" 2.861061e-17"
" 5";"  7";" 71.43";" 59.818";"there";" 1.040475e-14"
" 3";"  3";"100.00";" 52.494";"using";" 4.314783e-13"
" 3";"  3";"100.00";" 52.494";"same";" 4.314783e-13"
" 3";"  4";" 75.00";" 37.907";"my";" 7.420924e-10"
"17";" 93";" 18.28";" 31.958";"4";" 1.575169e-08"
" 3";"  5";" 60.00";" 29.176";"they";" 6.610730e-08"
" 4";"  9";" 44.44";" 26.918";"his";" 2.122256e-07"
" 3";"  6";" 50.00";" 23.373";"j";" 1.334568e-06"
"13";"105";" 12.38";" 10.666";"very";" 1.091242e-03"
" 3";" 14";" 21.43";"  7.071";"r";" 7.832085e-03"
" 3";" 14";" 21.43";"  7.071";"few";" 7.832085e-03"
"36";"466";"  7.73";"  6.936";"in";" 8.448204e-03"
" 4";" 25";" 16.00";"  5.557";"are";" 1.840933e-02"
" 3";" 19";" 15.79";"  4.041";"near";" 4.440944e-02"
" 3";" 25";" 12.00";"  2.150";"up";" 1.425372e-01"
" 1";"  5";" 20.00";"  2.083";"outside";" 1.489664e-01"
"*";"*";"*";"*";"*";"*"
"**";"classe";"2";"**";"";""
"****";"149";"1551";"9.61";"****";""
"112";"153";" 73.20";"790.576";"map";"6.039243e-174"
" 51";" 63";" 80.95";"384.923";"world";" 1.054704e-85"
" 30";" 34";" 88.24";"247.489";"europe";" 9.160775e-56"
" 23";" 24";" 95.83";"208.716";"artist";" 2.617957e-47"
" 16";" 16";"100.00";"152.120";"renowned";" 5.966076e-35"
" 16";" 16";"100.00";"152.120";"julius";" 5.966076e-35"
" 16";" 16";"100.00";"152.120";"caesar";" 5.966076e-35"
" 15";" 15";"100.00";"142.519";"historic";" 7.487583e-33"
" 15";" 15";"100.00";"142.519";"renewel";" 7.487583e-33"
" 16";" 18";" 88.89";"131.820";"society";" 1.637855e-30"
" 15";" 16";" 93.75";"131.811";"antique";" 1.645618e-30"
" 13";" 13";"100.00";"123.356";"good";" 1.165401e-28"
" 19";" 26";" 73.08";"122.672";"kingdom";" 1.645367e-28"
" 15";" 20";" 75.00";" 99.775";"border";" 1.707196e-23"
" 14";" 18";" 77.78";" 97.461";"work";" 5.492225e-23"
" 12";" 15";" 80.00";" 86.430";"dore";" 1.447833e-20"
" 10";" 11";" 90.91";" 84.330";"region";" 4.188139e-20"
" 16";" 26";" 61.54";" 82.124";"deviantart";" 1.278046e-19"
" 10";" 12";" 83.33";" 75.699";"war";" 3.303067e-18"
"  7";"  7";"100.00";" 66.164";"warren";" 4.148408e-16"
"  7";"  7";"100.00";" 66.164";"regional";" 4.148408e-16"
"  7";"  7";"100.00";" 66.164";"morski";" 4.148408e-16"
"  7";"  7";"100.00";" 66.164";"imaginative";" 4.148408e-16"
"  7";"  7";"100.00";" 66.164";"gonsalves";" 4.148408e-16"
"  7";"  7";"100.00";" 66.164";"blunt";" 4.148408e-16"
"  8";"  9";" 88.89";" 65.526";"rob";" 5.736639e-16"
"  8";"  9";" 88.89";" 65.526";"accurate";" 5.736639e-16"
" 17";" 34";" 50.00";" 65.315";"artwork";" 6.383327e-16"
" 12";" 20";" 60.00";" 59.252";"gustave";" 1.387346e-14"
" 15";" 30";" 50.00";" 57.479";"roman";" 3.415496e-14"
"  6";"  6";"100.00";" 56.676";"political";" 5.139674e-14"
"  6";"  6";"100.00";" 56.676";"geography";" 5.139674e-14"
"  6";"  6";"100.00";" 56.676";"brand";" 5.139674e-14"
"  6";"  6";"100.00";" 56.676";"balkan";" 5.139674e-14"
"  7";"  8";" 87.50";" 56.186";"igor";" 6.594145e-14"
"  7";"  8";" 87.50";" 56.186";"condition";" 6.594145e-14"
"  5";"  5";"100.00";" 47.199";"south";" 6.412867e-12"
"  5";"  5";"100.00";" 47.199";"mapporn";" 6.412867e-12"
"  8";" 12";" 66.67";" 45.343";"rule";" 1.654095e-11"
" 11";" 22";" 50.00";" 41.931";"land";" 9.455335e-11"
"  8";" 13";" 61.54";" 40.715";"country";" 1.761324e-10"
"  6";"  8";" 75.00";" 39.600";"show";" 3.117354e-10"
"  4";"  4";"100.00";" 37.735";"sculpture";" 8.104155e-10"
"  4";"  4";"100.00";" 37.735";"statistic";" 8.104155e-10"
"  4";"  4";"100.00";" 37.735";"realm";" 8.104155e-10"
"  4";"  4";"100.00";" 37.735";"parchment";" 8.104155e-10"
"  4";"  4";"100.00";" 37.735";"include";" 8.104155e-10"
"  4";"  4";"100.00";" 37.735";"extraterrestrial";" 8.104155e-10"
"  5";"  6";" 83.33";" 37.703";"hand";" 8.238983e-10"
"  7";" 13";" 53.85";" 29.547";"third";" 5.458828e-08"
"  4";"  5";" 80.00";" 28.624";"intricately";" 8.790441e-08"
"  4";"  5";" 80.00";" 28.624";"projection";" 8.790441e-08"
"  4";"  5";" 80.00";" 28.624";"north";" 8.790441e-08"
"  4";"  5";" 80.00";" 28.624";"manga";" 8.790441e-08"
"  3";"  3";"100.00";" 28.283";"civilization";" 1.048182e-07"
"  3";"  3";"100.00";" 28.283";"weep";" 1.048182e-07"
"  3";"  3";"100.00";" 28.283";"warcraft";" 1.048182e-07"
"  3";"  3";"100.00";" 28.283";"volatile";" 1.048182e-07"
"  3";"  3";"100.00";" 28.283";"unforgiving";" 1.048182e-07"
"  3";"  3";"100.00";" 28.283";"tactic";" 1.048182e-07"
"  3";"  3";"100.00";" 28.283";"surrealistic";" 1.048182e-07"
"  3";"  3";"100.00";" 28.283";"strand";" 1.048182e-07"
"  3";"  3";"100.00";" 28.283";"situate";" 1.048182e-07"
"  3";"  3";"100.00";" 28.283";"simplistic";" 1.048182e-07"
"  3";"  3";"100.00";" 28.283";"sid";" 1.048182e-07"
"  3";"  3";"100.00";" 28.283";"robinson";" 1.048182e-07"
"  3";"  3";"100.00";" 28.283";"retrofuture";" 1.048182e-07"
"  3";"  3";"100.00";" 28.283";"reconstruction";" 1.048182e-07"
"  3";"  3";"100.00";" 28.283";"population";" 1.048182e-07"
"  3";"  3";"100.00";" 28.283";"polity";" 1.048182e-07"
"  3";"  3";"100.00";" 28.283";"miss";" 1.048182e-07"
"  3";"  3";"100.00";" 28.283";"mercantile";" 1.048182e-07"
"  3";"  3";"100.00";" 28.283";"meier";" 1.048182e-07"
"  3";"  3";"100.00";" 28.283";"jag";" 1.048182e-07"
"  3";"  3";"100.00";" 28.283";"incredibly";" 1.048182e-07"
"  3";"  3";"100.00";" 28.283";"hospitable";" 1.048182e-07"
"  3";"  3";"100.00";" 28.283";"habitable";" 1.048182e-07"
"  3";"  3";"100.00";" 28.283";"export";" 1.048182e-07"
"  3";"  3";"100.00";" 28.283";"erase";" 1.048182e-07"
"  3";"  3";"100.00";" 28.283";"equator";" 1.048182e-07"
"  3";"  3";"100.00";" 28.283";"colums";" 1.048182e-07"
"  3";"  3";"100.00";" 28.283";"coastline";" 1.048182e-07"
"  3";"  3";"100.00";" 28.283";"churn";" 1.048182e-07"
"  3";"  3";"100.00";" 28.283";"biomes";" 1.048182e-07"
"  3";"  3";"100.00";" 28.283";"atlas";" 1.048182e-07"
"  7";" 14";" 50.00";" 26.544";"jim";" 2.575427e-07"
"  5";"  8";" 62.50";" 25.908";"modern";" 3.581648e-07"
"  5";"  8";" 62.50";" 25.908";"woman";" 3.581648e-07"
"  5";"  8";" 62.50";" 25.908";"tolkien";" 3.581648e-07"
"  6";" 11";" 54.55";" 25.764";"planet";" 3.857975e-07"
"  6";" 11";" 54.55";" 25.764";"earth";" 3.857975e-07"
"  8";" 19";" 42.11";" 23.395";"ocean";" 1.319170e-06"
"  6";" 12";" 50.00";" 22.723";"ink";" 1.871320e-06"
"  4";"  6";" 66.67";" 22.583";"spain";" 2.012293e-06"
"  4";"  6";" 66.67";" 22.583";"treasure";" 2.012293e-06"
"  4";"  6";" 66.67";" 22.583";"picture";" 2.012293e-06"
"  5";"  9";" 55.56";" 22.009";"empire";" 2.713160e-06"
"  9";" 24";" 37.50";" 21.841";"draw";" 2.961994e-06"
"  7";" 16";" 43.75";" 21.703";"disney";" 3.182617e-06"
"  3";"  4";" 75.00";" 19.749";"professionally";" 8.832445e-06"
"  3";"  4";" 75.00";" 19.749";"norwegian";" 8.832445e-06"
"  3";"  4";" 75.00";" 19.749";"mine";" 8.832445e-06"
"  7";" 17";" 41.18";" 19.727";"surreal";" 8.931687e-06"
"  4";"  7";" 57.14";" 18.298";"archipelago";" 1.889210e-05"
"  5";" 11";" 45.45";" 16.395";"body";" 5.143335e-05"
"  4";"  8";" 50.00";" 15.109";"paper";" 1.014634e-04"
"  4";"  8";" 50.00";" 15.109";"heavenly";" 1.014634e-04"
"  3";"  5";" 60.00";" 14.669";"elaborate";" 1.281213e-04"
"  4";"  9";" 44.44";" 12.652";"table";" 3.751642e-04"
"  3";"  6";" 50.00";" 11.317";"freeze";" 7.678871e-04"
"  2";"  3";" 66.67";" 11.270";"name";" 7.878026e-04"
"  2";"  3";" 66.67";" 11.270";"france";" 7.878026e-04"
"  2";"  3";" 66.67";" 11.270";"finland";" 7.878026e-04"
"  2";"  3";" 66.67";" 11.270";"create";" 7.878026e-04"
"  2";"  3";" 66.67";" 11.270";"child";" 7.878026e-04"
"  6";" 21";" 28.57";"  8.817";"island";" 2.984331e-03"
"  7";" 27";" 25.93";"  8.427";"serene";" 3.696671e-03"
"  7";" 28";" 25.00";"  7.781";"ruin";" 5.280538e-03"
"  2";"  4";" 50.00";"  7.535";"continent";" 6.050819e-03"
"  2";"  4";" 50.00";"  7.535";"svg";" 6.050819e-03"
"  2";"  4";" 50.00";"  7.535";"frame";" 6.050819e-03"
"  2";"  4";" 50.00";"  7.535";"contest";" 6.050819e-03"
"  3";"  8";" 37.50";"  7.205";"point";" 7.270692e-03"
"  3";"  9";" 33.33";"  5.869";"gold";" 1.541369e-02"
"  2";"  5";" 40.00";"  5.336";"climate";" 2.088915e-02"
"  5";" 21";" 23.81";"  4.945";"giant";" 2.616421e-02"
"  3";" 10";" 30.00";"  4.820";"side";" 2.812660e-02"
"  3";" 10";" 30.00";"  4.820";"space";" 2.812660e-02"
"  2";"  6";" 33.33";"  3.905";"change";" 4.814910e-02"
"  3";" 12";" 25.00";"  3.300";"ufo";" 6.928214e-02"
" 13";" 86";" 15.12";"  3.183";"contrast";" 7.442092e-02"
" 15";"103";" 14.56";"  3.121";"cgsociety";" 7.728629e-02"
"  2";"  7";" 28.57";"  2.912";"behance";" 8.790323e-02"
" 14";" 98";" 14.29";"  2.637";"hyper";" 1.043769e-01"
"  3";" 14";" 21.43";"  2.274";"mm";" 1.315880e-01"
"*****";"*";"*";"*";"*";"*"
"  6";"  6";"100.00";"56.676";"not";"5.139674e-14"
"  8";" 11";" 72.73";"50.829";"each";"1.007539e-12"
"  8";" 14";" 57.14";"36.762";"r";"1.334423e-09"
"  8";" 14";" 57.14";"36.762";"but";"1.334423e-09"
"  3";"  3";"100.00";"28.283";"somewhere";"1.048182e-07"
"  3";"  3";"100.00";"28.283";"every";"1.048182e-07"
"  7";" 15";" 46.67";"23.956";"new";"9.857176e-07"
" 12";" 36";" 33.33";"23.893";"s";"1.018637e-06"
"107";"824";" 12.99";"23.110";"of";"1.529873e-06"
" 10";" 32";" 31.25";"17.625";"2";"2.689657e-05"
"  5";" 12";" 41.67";"14.314";"out";"1.546864e-04"
" 11";" 45";" 24.44";"11.750";"0";"6.085540e-04"
"  3";"  6";" 50.00";"11.317";"more";"7.678871e-04"
"  3";"  6";" 50.00";"11.317";"j";"7.678871e-04"
"  3";"  6";" 50.00";"11.317";"than";"7.678871e-04"
"  3";"  6";" 50.00";"11.317";"any";"7.678871e-04"
"  2";"  3";" 66.67";"11.270";"their";"7.878026e-04"
"  7";" 24";" 29.17";"10.740";"as";"1.048373e-03"
"  4";" 10";" 40.00";"10.707";"where";"1.067505e-03"
"  4";" 11";" 36.36";" 9.134";"or";"2.509468e-03"
"  3";"  7";" 42.86";" 8.953";"this";"2.770831e-03"
"  3";"  7";" 42.86";" 8.953";"along";"2.770831e-03"
"  7";" 28";" 25.00";" 7.781";"make";"5.280538e-03"
" 70";"594";" 11.78";" 5.258";"the";"2.184708e-02"
"  2";"  7";" 28.57";" 2.912";"has";"8.790323e-02"
"  3";" 13";" 23.08";" 2.739";"it";"9.790851e-02"
"*";"*";"*";"*";"*";"*"
"**";"classe";"3";"**";"";""
"****";"77";"1551";"4.96";"****";""
"47";" 49";" 95.92";"887.187";"magritte";"5.986560e-195"
"44";" 45";" 97.78";"846.164";"spitzweg";"4.960288e-186"
"44";" 45";" 97.78";"846.164";"rene";"4.960288e-186"
"50";" 58";" 86.21";"842.908";"flood";"2.531003e-185"
"41";" 43";" 95.35";"765.773";"carl";"1.491910e-168"
"43";" 53";" 81.13";"674.763";"great";"9.201686e-149"
"31";" 31";"100.00";"605.531";"length";"1.048785e-133"
"52";" 86";" 60.47";"594.433";"contrast";"2.720478e-131"
"34";" 38";" 89.47";"589.657";"stalenhag";"2.975580e-130"
"28";" 29";" 96.55";"525.412";"symmetry";"2.812615e-116"
"45";" 81";" 55.56";"463.619";"composition";"7.838542e-103"
"23";" 24";" 95.83";"426.628";"coherent";" 8.808522e-95"
"31";" 43";" 72.09";"422.404";"simon";" 7.314750e-94"
"19";" 20";" 95.00";"348.120";"hard";" 1.087688e-77"
"22";" 27";" 81.48";"340.990";"mead";" 3.884573e-76"
"47";"115";" 40.87";"339.392";"masterpiece";" 8.657071e-76"
"20";" 23";" 86.96";"332.655";"edward";" 2.537856e-74"
"19";" 21";" 90.48";"329.933";"gilleard";" 9.940307e-74"
"22";" 28";" 78.57";"327.448";"syd";" 3.456518e-73"
"20";" 24";" 83.33";"317.326";"hopper";" 5.538012e-71"
"28";" 46";" 60.87";"314.029";"shadow";" 2.893863e-70"
"17";" 19";" 89.47";"291.172";"minimalist";" 2.761944e-65"
"19";" 24";" 79.17";"284.480";"rockwell";" 7.930513e-64"
"19";" 24";" 79.17";"284.480";"norman";" 7.930513e-64"
"14";" 14";"100.00";"270.441";"sense";" 9.094306e-61"
"19";" 27";" 70.37";"249.149";"arch";" 3.981025e-56"
"24";" 42";" 57.14";"249.108";"empty";" 4.063881e-56"
"14";" 16";" 87.50";"233.421";"painter";" 1.069794e-52"
"27";" 58";" 46.55";"220.869";"vibrant";" 5.846181e-50"
"31";" 82";" 37.80";"197.904";"full";" 5.987485e-45"
"22";" 44";" 50.00";"194.669";"colorful";" 3.043314e-44"
"27";" 67";" 40.30";"185.299";"day";" 3.377057e-42"
"14";" 20";" 70.00";"181.636";"lead";" 2.129010e-41"
"47";"199";" 23.62";"168.363";"high";" 1.685450e-38"
"15";" 25";" 60.00";"163.124";"single";" 2.350340e-37"
"11";" 15";" 73.33";"150.059";"burn";" 1.682622e-34"
"16";" 32";" 50.00";"140.459";"rome";" 2.113051e-32"
"25";" 75";" 33.33";"134.432";"dark";" 4.394382e-31"
"14";" 26";" 53.85";"133.919";"road";" 5.691429e-31"
"27";" 95";" 28.42";"118.015";"sunny";" 1.721022e-27"
"26";" 92";" 28.26";"112.501";"ancient";" 2.775838e-26"
" 8";" 12";" 66.67";" 97.587";"simple";" 5.155218e-23"
" 5";"  5";"100.00";" 96.024";"thick";" 1.135084e-22"
" 6";"  8";" 75.00";" 83.600";"ernst";" 6.056745e-20"
" 5";"  6";" 83.33";" 78.407";"max";" 8.384342e-19"
" 5";"  6";" 83.33";" 78.407";"lineart";" 8.384342e-19"
" 5";"  6";" 83.33";" 78.407";"eyck";" 8.384342e-19"
" 4";"  4";"100.00";" 76.769";"luxemburg";" 1.921301e-18"
" 4";"  4";"100.00";" 76.769";"audubon";" 1.921301e-18"
"34";"195";" 17.44";" 73.527";"view";" 9.924525e-18"
" 5";"  7";" 71.43";" 65.837";"psychedelic";" 4.897526e-16"
" 7";" 14";" 50.00";" 60.731";"jim";" 6.543092e-15"
" 3";"  3";"100.00";" 57.540";"distort";" 3.311977e-14"
" 3";"  3";"100.00";" 57.540";"blood";" 3.311977e-14"
" 3";"  3";"100.00";" 57.540";"anarchy";" 3.311977e-14"
" 5";"  8";" 62.50";" 56.421";"van";" 5.849580e-14"
" 5";"  8";" 62.50";" 56.421";"wu";" 5.849580e-14"
" 7";" 16";" 43.75";" 51.546";"ultradetailed";" 6.993171e-13"
"24";"135";" 17.78";" 51.456";"street";" 7.322200e-13"
" 5";"  9";" 55.56";" 49.108";"tooth";" 2.422518e-12"
" 4";"  6";" 66.67";" 48.604";"pennington";" 3.132615e-12"
" 4";"  6";" 66.67";" 48.604";"bruce";" 3.132615e-12"
"12";" 45";" 26.67";" 46.264";"award";" 1.033670e-11"
"21";"117";" 17.95";" 45.218";"tower";" 1.762631e-11"
"12";" 46";" 26.09";" 44.829";"win";" 2.150518e-11"
"29";"199";" 14.57";" 44.670";"cinematic";" 2.331663e-11"
"19";"104";" 18.27";" 41.824";"james";" 9.988937e-11"
" 3";"  4";" 75.00";" 41.692";"clay";" 1.068447e-10"
"47";"448";" 10.49";" 40.781";"light";" 1.703031e-10"
" 5";" 12";" 41.67";" 34.528";"jan";" 4.201487e-09"
" 5";" 16";" 31.25";" 23.675";"wooden";" 1.140546e-06"
" 5";" 17";" 29.41";" 21.774";"surreal";" 3.067953e-06"
" 2";"  4";" 50.00";" 17.240";"ralph";" 3.295038e-05"
" 2";"  4";" 50.00";" 17.240";"mcquarrie";" 3.295038e-05"
" 2";"  4";" 50.00";" 17.240";"sheet";" 3.295038e-05"
" 3";"  9";" 33.33";" 15.441";"drone";" 8.510267e-05"
" 6";" 34";" 17.65";" 11.851";"artwork";" 5.763324e-04"
" 2";"  6";" 33.33";" 10.274";"overgrow";" 1.348970e-03"
" 6";" 38";" 15.79";"  9.675";"extremely";" 1.868116e-03"
"18";"198";"  9.09";"  8.191";"color";" 4.209258e-03"
" 2";"  9";" 22.22";"  5.714";"gouache";" 1.682636e-02"
"44";"689";"  6.39";"  5.310";"detail";" 2.120703e-02"
" 1";"  3";" 33.33";"  5.127";"dungeon";" 2.355386e-02"
" 1";"  3";" 33.33";"  5.127";"turn";" 2.355386e-02"
" 1";"  3";" 33.33";"  5.127";"svetlin";" 2.355386e-02"
" 1";"  3";" 33.33";"  5.127";"harrison";" 2.355386e-02"
" 1";"  3";" 33.33";"  5.127";"haeckel";" 2.355386e-02"
" 1";"  3";" 33.33";"  5.127";"ford";" 2.355386e-02"
" 1";"  3";" 33.33";"  5.127";"andrew";" 2.355386e-02"
" 3";" 20";" 15.00";"  4.325";"cyberpunk";" 3.755849e-02"
" 1";"  4";" 25.00";"  3.412";"sand";" 6.472195e-02"
" 1";"  4";" 25.00";"  3.412";"florence";" 6.472195e-02"
" 1";"  4";" 25.00";"  3.412";"arthur";" 6.472195e-02"
"36";"572";"  6.29";"  3.393";"paint";" 6.546257e-02"
" 2";" 13";" 15.38";"  3.017";"bird";" 8.239551e-02"
" 3";" 25";" 12.00";"  2.666";"black";" 1.025301e-01"
" 3";" 26";" 11.54";"  2.422";"cathedral";" 1.196311e-01"
" 2";" 15";" 13.33";"  2.248";"design";" 1.337529e-01"
" 7";" 83";"  8.43";"  2.237";"photorealistic";" 1.347463e-01"
"*****";"*";"*";"*";"*";"*"
"14";" 16";"87.50";"233.421";"best";"1.069794e-52"
"14";" 29";"48.28";"117.499";"all";"2.232351e-27"
"75";"781";" 9.60";" 71.741";"by";"2.453487e-17"
"23";"105";"21.90";" 68.503";"very";"1.267168e-16"
"14";" 59";"23.73";" 45.771";"to";"1.328915e-11"
"14";" 73";"19.18";" 32.802";"for";"1.020398e-08"
"*";"*";"*";"*";"*";"*"
"**";"classe";"4";"**";"";""
"****";"58";"1551";"3.74";"****";""
"15";" 17";" 88.24";"340.911";"belgium";"4.040701e-76"
"12";" 12";"100.00";"311.305";"gent";"1.134799e-69"
"13";" 15";" 86.67";"289.362";"incredible";"6.849142e-65"
"12";" 14";" 85.71";"263.732";"peaceful";"2.637228e-59"
"10";" 10";"100.00";"259.084";"nice";"2.717279e-58"
"10";" 11";" 90.91";"233.856";"countryside";"8.596979e-53"
"22";" 58";" 37.93";"195.683";"soft";"1.828179e-44"
"11";" 16";" 68.75";"189.813";"union";"3.492642e-43"
" 7";"  7";"100.00";"181.007";"delicate";"2.921777e-41"
"18";" 45";" 40.00";"169.279";"anime";"1.063458e-38"
" 8";" 10";" 80.00";"162.609";"poster";"3.045716e-37"
"12";" 22";" 54.55";"160.026";"perspective";"1.116557e-36"
" 6";"  6";"100.00";"155.048";"toei";"1.366746e-35"
" 6";"  6";"100.00";"155.048";"hunter";"1.366746e-35"
" 8";" 11";" 72.73";"146.475";"flat";"1.022114e-33"
"12";" 24";" 50.00";"144.924";"scenery";"2.231508e-33"
"13";" 30";" 43.33";"133.228";"makoto";"8.061848e-31"
" 5";"  5";"100.00";"129.123";"villager";"6.373833e-30"
" 5";"  5";"100.00";"129.123";"na√Øve";"6.373833e-30"
"13";" 31";" 41.94";"128.204";"shinkai";"1.012943e-29"
"12";" 27";" 44.44";"126.480";"serene";"2.414800e-29"
" 8";" 13";" 61.54";"121.667";"print";"2.729651e-28"
"10";" 20";" 50.00";"120.454";"perfect";"5.031043e-28"
"16";" 49";" 32.65";"117.510";"ghibli";"2.219357e-27"
"10";" 21";" 47.62";"113.867";"clear";"1.393226e-26"
"16";" 52";" 30.77";"109.202";"studio";"1.465359e-25"
"10";" 22";" 45.45";"107.882";"low";"2.853105e-25"
" 4";"  4";"100.00";"103.232";"lorenzo";"2.981495e-24"
" 4";"  4";"100.00";"103.232";"lanfranconi";"2.981495e-24"
" 4";"  4";"100.00";"103.232";"aztec";"2.981495e-24"
" 4";"  4";"100.00";"103.232";"approach";"2.981495e-24"
" 4";"  4";"100.00";"103.232";"afternoon";"2.981495e-24"
" 5";"  7";" 71.43";" 89.502";"storybook";"3.062516e-21"
" 4";"  5";" 80.00";" 81.041";"socialist";"2.210338e-19"
" 3";"  3";"100.00";" 77.374";"communist";"1.414798e-18"
" 3";"  3";"100.00";" 77.374";"zelensky";"1.414798e-18"
" 3";"  3";"100.00";" 77.374";"unify";"1.414798e-18"
" 3";"  3";"100.00";" 77.374";"ultrarrealistic";"1.414798e-18"
" 3";"  3";"100.00";" 77.374";"put";"1.414798e-18"
" 3";"  3";"100.00";" 77.374";"pustoviyt";"1.414798e-18"
" 3";"  3";"100.00";" 77.374";"propaganda";"1.414798e-18"
" 3";"  3";"100.00";" 77.374";"otto";"1.414798e-18"
" 3";"  3";"100.00";" 77.374";"norway";"1.414798e-18"
" 3";"  3";"100.00";" 77.374";"havrylo";"1.414798e-18"
" 3";"  3";"100.00";" 77.374";"gabriele";"1.414798e-18"
" 3";"  3";"100.00";" 77.374";"deni";"1.414798e-18"
" 3";"  3";"100.00";" 77.374";"dell";"1.414798e-18"
" 3";"  3";"100.00";" 77.374";"block";"1.414798e-18"
" 3";"  3";"100.00";" 77.374";"alert";"1.414798e-18"
"13";" 52";" 25.00";" 67.561";"european";"2.042806e-16"
" 5";"  9";" 55.56";" 67.520";"gouache";"2.085342e-16"
" 5";"  9";" 55.56";" 67.520";"farm";"2.085342e-16"
" 4";"  6";" 66.67";" 66.259";"vector";"3.953517e-16"
" 6";" 14";" 42.86";" 60.055";"animation";"9.226000e-15"
" 7";" 19";" 36.84";" 58.555";"cityscape";"1.976569e-14"
" 3";"  4";" 75.00";" 56.574";"alexander";"5.413052e-14"
" 3";"  4";" 75.00";" 56.574";"unite";"5.413052e-14"
"10";" 38";" 26.32";" 55.156";"french";"1.113063e-13"
" 7";" 20";" 35.00";" 55.004";"spire";"1.202900e-13"
" 5";" 11";" 45.45";" 53.556";"valley";"2.513826e-13"
" 5";" 12";" 41.67";" 48.327";"spring";"3.607372e-12"
" 5";" 12";" 41.67";" 48.327";"dragon";"3.607372e-12"
"10";" 46";" 21.74";" 42.667";"shadow";"6.488854e-11"
" 4";"  9";" 44.44";" 41.668";"busy";"1.081813e-10"
" 4";" 10";" 40.00";" 36.763";"tiny";"1.333921e-09"
" 3";"  6";" 50.00";" 35.809";"viktor";"2.176551e-09"
" 3";"  6";" 50.00";" 35.809";"edge";"2.176551e-09"
" 7";" 28";" 25.00";" 35.806";"close";"2.180132e-09"
" 2";"  3";" 66.67";" 33.065";"touch";"8.910992e-09"
" 2";"  3";" 66.67";" 33.065";"george";"8.910992e-09"
" 2";"  3";" 66.67";" 33.065";"desaturated";"8.910992e-09"
" 2";"  3";" 66.67";" 33.065";"clothe";"8.910992e-09"
" 2";"  3";" 66.67";" 33.065";"battista";"8.910992e-09"
" 2";"  3";" 66.67";" 33.065";"astrophotography";"8.910992e-09"
" 5";" 18";" 27.78";" 29.234";"season";"6.415358e-08"
" 3";"  8";" 37.50";" 25.462";"soviet";"4.512334e-07"
" 2";"  4";" 50.00";" 23.842";"logo";"1.045911e-06"
" 2";"  4";" 50.00";" 23.842";"giovanni";"1.045911e-06"
"11";" 81";" 13.58";" 22.992";"bridge";"1.627100e-06"
"10";" 79";" 12.66";" 18.394";"hd";"1.796455e-05"
"10";" 86";" 11.63";" 15.739";"contrast";"7.269922e-05"
" 7";" 52";" 13.46";" 14.127";"tall";"1.708381e-04"
" 4";" 25";" 16.00";" 10.611";"distance";"1.124295e-03"
"10";"111";"  9.01";"  9.222";"village";"2.390701e-03"
" 2";"  9";" 22.22";"  8.591";"pastel";"3.378548e-03"
" 3";" 18";" 16.67";"  8.454";"texture";"3.641602e-03"
" 3";" 18";" 16.67";"  8.454";"shop";"3.641602e-03"
" 5";" 42";" 11.90";"  7.995";"sunset";"4.689383e-03"
" 4";" 30";" 13.33";"  7.822";"futuristic";"5.161195e-03"
" 1";"  3";" 33.33";"  7.313";"ussr";"6.845492e-03"
" 1";"  3";" 33.33";"  7.313";"palermo";"6.845492e-03"
" 1";"  3";" 33.33";"  7.313";"march";"6.845492e-03"
" 1";"  3";" 33.33";"  7.313";"era";"6.845492e-03"
"18";"285";"  6.32";"  6.438";"beautiful";"1.117142e-02"
" 4";" 36";" 11.11";"  5.564";"water";"1.833717e-02"
" 1";"  4";" 25.00";"  5.036";"mute";"2.482948e-02"
" 4";" 38";" 10.53";"  4.984";"realism";"2.557540e-02"
" 3";" 26";" 11.54";"  4.468";"kingdom";"3.453353e-02"
" 7";" 89";"  7.87";"  4.465";"night";"3.460596e-02"
" 1";"  5";" 20.00";"  3.684";"ratio";"5.492152e-02"
"12";"195";"  6.15";"  3.612";"view";"5.737396e-02"
" 3";" 30";" 10.00";"  3.331";"roman";"6.799191e-02"
" 6";" 80";"  7.50";"  3.314";"background";"6.870540e-02"
"22";"448";"  4.91";"  2.401";"light";"1.212947e-01"
" 1";"  7";" 14.29";"  2.173";"vintage";"1.404840e-01"
"*****";"*";"*";"*";"*";"*"
"15";"105";"14.29";"34.798";"very";"3.656645e-09"
" 5";" 27";"18.52";"16.673";"during";"4.440635e-05"
" 5";" 33";"15.15";"12.199";"over";"4.782344e-04"
"12";"145";" 8.28";" 9.144";"at";"2.495204e-03"
" 1";"  3";"33.33";" 7.313";"some";"6.845492e-03"
"29";"595";" 4.87";" 3.451";"and";"6.320908e-02"
"*";"*";"*";"*";"*";"*"
"**";"classe";"5";"**";"";""
"****";"226";"1551";"14.57";"****";""
"144";"210";" 68.57";"568.974";"focus";"9.388541e-126"
"144";"218";" 66.06";"540.106";"sharp";"1.788429e-119"
"110";"135";" 81.48";"531.823";"mucha";"1.133573e-117"
"106";"130";" 81.54";"511.193";"alphonse";"3.488701e-113"
" 95";"113";" 84.07";"472.928";"elegant";"7.391104e-105"
"130";"241";" 53.94";"355.306";"illustration";" 2.963116e-79"
" 79";"108";" 73.15";"319.979";"smooth";" 1.463861e-71"
"154";"347";" 44.38";"319.090";"highly";" 2.285960e-71"
" 50";" 50";"100.00";"302.906";"demura";" 7.665837e-68"
" 50";" 50";"100.00";"302.906";"artem";" 7.665837e-68"
"159";"385";" 41.30";"293.893";"concept";" 7.053922e-66"
" 51";" 57";" 89.47";"266.703";"krenz";" 5.937142e-60"
" 51";" 57";" 89.47";"266.703";"cushart";" 5.937142e-60"
"145";"347";" 41.79";"265.979";"digital";" 8.538528e-60"
" 38";" 38";"100.00";"228.383";"tattoo";" 1.342683e-51"
"169";"546";" 30.95";"181.646";"art";" 2.118612e-41"
" 95";"225";" 42.22";"161.648";"intricate";" 4.937789e-37"
" 27";" 27";"100.00";"161.101";"resemble";" 6.503011e-37"
"166";"572";" 29.02";"152.000";"paint";" 6.335522e-35"
" 31";" 36";" 86.11";"151.530";"prague";" 8.028932e-35"
" 29";" 33";" 87.88";"145.563";"star";" 1.617735e-33"
" 61";"127";" 48.03";"124.412";"artgerm";" 6.843905e-29"
" 28";" 35";" 80.00";"123.145";"venice";" 1.296130e-28"
" 30";" 41";" 73.17";"116.173";"flag";" 4.355677e-27"
" 59";"126";" 46.83";"114.614";"sky";" 9.560418e-27"
" 21";" 23";" 91.30";"110.428";"soldier";" 7.894284e-26"
" 20";" 22";" 90.91";"104.473";"tom";" 1.593111e-24"
" 19";" 21";" 90.48";" 98.532";"bagshaw";" 3.197490e-23"
" 15";" 15";"100.00";" 88.801";"londo";" 4.365309e-21"
" 15";" 15";"100.00";" 88.801";"anor";" 4.365309e-21"
" 38";" 72";" 52.78";" 88.542";"paris";" 4.976005e-21"
" 18";" 21";" 85.71";" 86.557";"grey";" 1.357454e-20"
" 14";" 14";"100.00";" 82.827";"pile";" 8.954555e-20"
"162";"689";" 23.51";" 79.617";"detail";" 4.545661e-19"
"152";"627";" 24.24";" 79.080";"artstation";" 5.965110e-19"
" 12";" 12";"100.00";" 70.903";"villeneuve";" 3.753123e-17"
" 12";" 12";"100.00";" 70.903";"magali";" 3.753123e-17"
" 45";"107";" 42.06";" 69.745";"river";" 6.748484e-17"
" 11";" 11";"100.00";" 64.952";"social";" 7.675263e-16"
" 11";" 11";"100.00";" 64.952";"masculine";" 7.675263e-16"
" 14";" 17";" 82.35";" 63.439";"skull";" 1.653715e-15"
" 18";" 27";" 66.67";" 59.909";"super";" 9.936751e-15"
" 36";" 82";" 43.90";" 59.836";"full";" 1.030995e-14"
" 15";" 20";" 75.00";" 59.436";"future";" 1.263050e-14"
" 21";" 35";" 60.00";" 59.367";"stand";" 1.308768e-14"
" 10";" 10";"100.00";" 59.009";"lacoste";" 1.569704e-14"
" 10";" 10";"100.00";" 59.009";"alan";" 1.569704e-14"
" 15";" 21";" 71.43";" 55.286";"rembrandt";" 1.042308e-13"
"  9";"  9";"100.00";" 53.073";"symbol";" 3.213051e-13"
"  9";"  9";"100.00";" 53.073";"sheild";" 3.213051e-13"
"  9";"  9";"100.00";" 53.073";"pipe";" 3.213051e-13"
"  9";"  9";"100.00";" 53.073";"instrument";" 3.213051e-13"
"  9";"  9";"100.00";" 53.073";"entertwined";" 3.213051e-13"
"  9";"  9";"100.00";" 53.073";"curve";" 3.213051e-13"
" 12";" 15";" 80.00";" 52.089";"breathtaking";" 5.303339e-13"
" 10";" 11";" 90.91";" 51.864";"ruan";" 5.949248e-13"
" 10";" 11";" 90.91";" 51.864";"jia";" 5.949248e-13"
" 84";"304";" 27.63";" 51.812";"rutkowski";" 6.109053e-13"
" 11";" 13";" 84.62";" 51.670";"figure";" 6.564545e-13"
" 14";" 20";" 70.00";" 50.008";"john";" 1.531505e-12"
"  8";"  8";"100.00";" 47.146";"trident";" 6.589666e-12"
"  8";"  8";"100.00";" 47.146";"mccurry";" 6.589666e-12"
"  8";"  8";"100.00";" 47.146";"kincade";" 6.589666e-12"
"  9";" 10";" 90.00";" 46.003";"pokemon";" 1.180965e-11"
"  9";" 10";" 90.00";" 46.003";"organ";" 1.180965e-11"
"  9";" 10";" 90.00";" 46.003";"music";" 1.180965e-11"
"  9";" 10";" 90.00";" 46.003";"crystal";" 1.180965e-11"
" 10";" 12";" 83.33";" 45.936";"sword";" 1.221889e-11"
" 34";" 89";" 38.20";" 42.356";"night";" 7.607090e-11"
" 10";" 13";" 76.92";" 40.945";"lee";" 1.566068e-10"
" 10";" 13";" 76.92";" 40.945";"winter";" 1.566068e-10"
"  8";"  9";" 88.89";" 40.165";"steve";" 2.333338e-10"
" 10";" 14";" 71.43";" 36.689";"winner";" 1.385456e-09"
"  6";"  6";"100.00";" 35.314";"dieselpunk";" 2.806652e-09"
"  6";"  6";"100.00";" 35.314";"rainbow";" 2.806652e-09"
"  6";"  6";"100.00";" 35.314";"lantern";" 2.806652e-09"
"  7";"  8";" 87.50";" 34.358";"ukrainian";" 4.584211e-09"
" 45";"147";" 30.61";" 33.568";"matte";" 6.881902e-09"
" 10";" 15";" 66.67";" 33.023";"raphael";" 9.109743e-09"
" 55";"198";" 27.78";" 31.802";"color";" 1.707059e-08"
"  5";"  5";"100.00";" 29.409";"battle";" 5.860588e-08"
" 11";" 19";" 57.89";" 29.004";"london";" 7.224162e-08"
" 53";"195";" 27.18";" 28.484";"view";" 9.449473e-08"
" 10";" 17";" 58.82";" 27.040";"dusk";" 1.992927e-07"
" 11";" 20";" 55.00";" 26.604";"nouveau";" 2.497286e-07"
"  7";" 10";" 70.00";" 24.842";"daylight";" 6.224128e-07"
" 16";" 38";" 42.11";" 23.724";"yellow";" 1.111651e-06"
"  6";"  8";" 75.00";" 23.590";"howe";" 1.192239e-06"
"  4";"  4";"100.00";" 23.512";"stefan";" 1.241394e-06"
"  4";"  4";"100.00";" 23.512";"jar";" 1.241394e-06"
"  4";"  4";"100.00";" 23.512";"terrace";" 1.241394e-06"
"  4";"  4";"100.00";" 23.512";"tank";" 1.241394e-06"
"  4";"  4";"100.00";" 23.512";"koidl";" 1.241394e-06"
"  4";"  4";"100.00";" 23.512";"holiday";" 1.241394e-06"
"  4";"  4";"100.00";" 23.512";"beautifull";" 1.241394e-06"
"  7";" 11";" 63.64";" 21.425";"cole";" 3.678672e-06"
"  6";"  9";" 66.67";" 19.736";"mediterranean";" 8.889117e-06"
" 78";"359";" 21.73";" 19.215";"greg";" 1.167860e-05"
"  7";" 12";" 58.33";" 18.606";"cinema";" 1.607256e-05"
"  9";" 18";" 50.00";" 18.363";"spot";" 1.825302e-05"
"  5";"  7";" 71.43";" 18.261";"canaletto";" 1.925673e-05"
"  3";"  3";"100.00";" 17.623";"triumph";" 2.693707e-05"
"  3";"  3";"100.00";" 17.623";"steam";" 2.693707e-05"
"  3";"  3";"100.00";" 17.623";"shine";" 2.693707e-05"
"  3";"  3";"100.00";" 17.623";"western";" 2.693707e-05"
"  3";"  3";"100.00";" 17.623";"waterhouse";" 2.693707e-05"
"  3";"  3";"100.00";" 17.623";"tardis";" 2.693707e-05"
"  3";"  3";"100.00";" 17.623";"surprise";" 2.693707e-05"
"  3";"  3";"100.00";" 17.623";"sienkiewicz";" 2.693707e-05"
"  3";"  3";"100.00";" 17.623";"scary";" 2.693707e-05"
"  3";"  3";"100.00";" 17.623";"reapper";" 2.693707e-05"
"  3";"  3";"100.00";" 17.623";"petroleum";" 2.693707e-05"
"  3";"  3";"100.00";" 17.623";"mainz";" 2.693707e-05"
"  3";"  3";"100.00";" 17.623";"hiroshi";" 2.693707e-05"
"  3";"  3";"100.00";" 17.623";"gondola";" 2.693707e-05"
"  3";"  3";"100.00";" 17.623";"eu";" 2.693707e-05"
"  3";"  3";"100.00";" 17.623";"discover";" 2.693707e-05"
"  3";"  3";"100.00";" 17.623";"devil";" 2.693707e-05"
"  3";"  3";"100.00";" 17.623";"crumble";" 2.693707e-05"
"  3";"  3";"100.00";" 17.623";"catedral";" 2.693707e-05"
"  3";"  3";"100.00";" 17.623";"bill";" 2.693707e-05"
"  3";"  3";"100.00";" 17.623";"amstel";" 2.693707e-05"
"  7";" 13";" 53.85";" 16.245";"festival";" 5.564665e-05"
"  9";" 20";" 45.00";" 15.071";"port";" 1.035567e-04"
"  9";" 20";" 45.00";" 15.071";"distant";" 1.035567e-04"
"  5";"  8";" 62.50";" 14.840";"soviet";" 1.170406e-04"
"  5";"  8";" 62.50";" 14.840";"throne";" 1.170406e-04"
"  6";" 11";" 54.55";" 14.221";"body";" 1.625105e-04"
"  6";" 11";" 54.55";" 14.221";"dof";" 1.625105e-04"
" 16";" 48";" 33.33";" 14.007";"thomas";" 1.820983e-04"
" 15";" 44";" 34.09";" 13.861";"white";" 1.968390e-04"
"  9";" 21";" 42.86";" 13.683";"canal";" 2.164134e-04"
"  7";" 15";" 46.67";" 12.534";"symmetrical";" 3.995664e-04"
" 18";" 59";" 30.51";" 12.515";"blue";" 4.037656e-04"
"  6";" 12";" 50.00";" 12.195";"loish";" 4.792954e-04"
"  3";"  4";" 75.00";" 11.764";"neoclassical";" 6.037586e-04"
"  3";"  4";" 75.00";" 11.764";"guard";" 6.037586e-04"
"  3";"  4";" 75.00";" 11.764";"wood";" 6.037586e-04"
"  3";"  4";" 75.00";" 11.764";"america";" 6.037586e-04"
"  3";"  4";" 75.00";" 11.764";"site";" 6.037586e-04"
"  3";"  4";" 75.00";" 11.764";"lone";" 6.037586e-04"
"  3";"  4";" 75.00";" 11.764";"kremlin";" 6.037586e-04"
"  9";" 23";" 39.13";" 11.312";"canvas";" 7.700318e-04"
" 19";" 67";" 28.36";" 10.693";"4k";" 1.075564e-03"
"  4";"  7";" 57.14";" 10.238";"cafe";" 1.375997e-03"
"  6";" 14";" 42.86";"  9.080";"king";" 2.583629e-03"
" 12";" 38";" 31.58";"  9.052";"realism";" 2.624001e-03"
" 23";" 92";" 25.00";"  8.545";"ancient";" 3.464856e-03"
"  5";" 11";" 45.45";"  8.488";"blur";" 3.574002e-03"
" 12";" 39";" 30.77";"  8.432";"bright";" 3.686142e-03"
"  3";"  5";" 60.00";"  8.316";"area";" 3.928958e-03"
"  3";"  5";" 60.00";"  8.316";"dock";" 3.928958e-03"
" 13";" 45";" 28.89";"  7.632";"vivid";" 5.733978e-03"
" 14";" 51";" 27.45";"  7.028";"red";" 8.026511e-03"
" 11";" 37";" 29.73";"  6.997";"huge";" 8.165623e-03"
"  2";"  3";" 66.67";"  6.553";"coast";" 1.046894e-02"
"  2";"  3";" 66.67";"  6.553";"ussr";" 1.046894e-02"
"  2";"  3";" 66.67";"  6.553";"turn";" 1.046894e-02"
"  2";"  3";" 66.67";"  6.553";"palermo";" 1.046894e-02"
"  2";"  3";" 66.67";"  6.553";"lifelike";" 1.046894e-02"
"  2";"  3";" 66.67";"  6.553";"jurgens";" 1.046894e-02"
"  2";"  3";" 66.67";"  6.553";"harrison";" 1.046894e-02"
"  2";"  3";" 66.67";"  6.553";"girl";" 1.046894e-02"
"  2";"  3";" 66.67";"  6.553";"giancola";" 1.046894e-02"
"  2";"  3";" 66.67";"  6.553";"fort";" 1.046894e-02"
"  2";"  3";" 66.67";"  6.553";"donato";" 1.046894e-02"
"  2";"  3";" 66.67";"  6.553";"aublet";" 1.046894e-02"
"  4";"  9";" 44.44";"  6.490";"budapest";" 1.084939e-02"
"  4";"  9";" 44.44";"  6.490";"front";" 1.084939e-02"
"  4";"  9";" 44.44";"  6.490";"bell";" 1.084939e-02"
" 11";" 38";" 28.95";"  6.468";"extremely";" 1.098623e-02"
"  3";"  6";" 50.00";"  6.074";"historical";" 1.372176e-02"
"  3";"  6";" 50.00";"  6.074";"foggy";" 1.372176e-02"
"  8";" 26";" 30.77";"  5.574";"cathedral";" 1.823312e-02"
" 16";" 67";" 23.88";"  4.875";"shoot";" 2.724555e-02"
"  6";" 19";" 31.58";"  4.470";"cover";" 3.449713e-02"
"  4";" 11";" 36.36";"  4.227";"eye";" 3.979470e-02"
"  2";"  4";" 50.00";"  4.044";"lightning";" 4.433318e-02"
"  2";"  4";" 50.00";"  4.044";"main";" 4.433318e-02"
"  2";"  4";" 50.00";"  4.044";"sit";" 4.433318e-02"
"  2";"  4";" 50.00";"  4.044";"william";" 4.433318e-02"
"  2";"  4";" 50.00";"  4.044";"singer";" 4.433318e-02"
"  2";"  4";" 50.00";"  4.044";"debris";" 4.433318e-02"
"  2";"  4";" 50.00";"  4.044";"cloudy";" 4.433318e-02"
"  2";"  4";" 50.00";"  4.044";"arthur";" 4.433318e-02"
"  6";" 20";" 30.00";"  3.875";"square";" 4.902178e-02"
"  6";" 20";" 30.00";"  3.875";"cyberpunk";" 4.902178e-02"
"  5";" 16";" 31.25";"  3.613";"photorealism";" 5.733477e-02"
"  6";" 22";" 27.27";"  2.892";"professional";" 8.900680e-02"
"  4";" 13";" 30.77";"  2.763";"man";" 9.645212e-02"
"  2";"  5";" 40.00";"  2.606";"russian";" 1.064812e-01"
"  2";"  5";" 40.00";"  2.606";"sargent";" 1.064812e-01"
"  2";"  5";" 40.00";"  2.606";"aqueduct";" 1.064812e-01"
"  2";"  5";" 40.00";"  2.606";"deep";" 1.064812e-01"
"  2";"  5";" 40.00";"  2.606";"watch";" 1.064812e-01"
"  2";"  5";" 40.00";"  2.606";"vine";" 1.064812e-01"
"  2";"  5";" 40.00";"  2.606";"sewer";" 1.064812e-01"
"  2";"  5";" 40.00";"  2.606";"lviv";" 1.064812e-01"
"*****";"*";"*";"*";"*";"*"
" 63";"148";" 42.57";"103.019";"from";"3.319578e-24"
" 40";" 73";" 54.79";" 99.567";"for";"1.896609e-23"
"147";"595";" 24.71";" 79.650";"and";"4.469346e-19"
"168";"781";" 21.51";" 60.862";"by";"6.122382e-15"
"  9";"  9";"100.00";" 53.073";"alone";"3.213051e-13"
" 22";" 43";" 51.16";" 47.571";"d";"5.305505e-12"
" 44";"145";" 30.34";" 31.971";"at";"1.565017e-08"
"  9";" 13";" 69.23";" 31.465";"behind";"2.030522e-08"
" 10";" 17";" 58.82";" 27.040";"after";"1.992927e-07"
" 11";" 24";" 45.83";" 19.139";"as";"1.215358e-05"
" 65";"290";" 22.41";" 17.624";"with";"2.691472e-05"
"  3";"  3";"100.00";" 17.623";"her";"2.693707e-05"
"  3";"  3";"100.00";" 17.623";"containing";"2.693707e-05"
"  7";" 13";" 53.85";" 16.245";"under";"5.564665e-05"
" 10";" 28";" 35.71";" 10.240";"above";"1.374203e-03"
"  7";" 20";" 35.00";"  6.793";"no";"9.152554e-03"
"  7";" 20";" 35.00";"  6.793";"one";"9.152554e-03"
"  2";"  3";" 66.67";"  6.553";"your";"1.046894e-02"
"  2";"  3";" 66.67";"  6.553";"whole";"1.046894e-02"
"  3";"  6";" 50.00";"  6.074";"seen";"1.372176e-02"
"  2";"  4";" 50.00";"  4.044";"way";"4.433318e-02"
"  7";" 27";" 25.93";"  2.846";"during";"9.159976e-02"
"  3";"  9";" 33.33";"  2.560";"6";"1.096020e-01"
"*";"*";"*";"*";"*";"*"
"**";"classe";"6";"**";"";""
"****";"50";"1551";"3.22";"****";""
"37";" 39";" 94.87";"1077.071";"england";"3.180693e-236"
"38";" 48";" 79.17";" 915.676";"amsterdam";"3.838036e-201"
"30";" 32";" 93.75";" 858.274";"rutkwowski";"1.155295e-188"
"37";" 52";" 71.15";" 795.813";"magical";"4.388733e-175"
"33";" 44";" 75.00";" 747.801";"mullins";"1.206660e-164"
"33";" 44";" 75.00";" 747.801";"craig";"1.206660e-164"
"37";" 57";" 64.91";" 721.802";"inspire";"5.429983e-159"
"37";" 60";" 61.67";" 683.317";"victorian";"1.269199e-150"
"24";" 36";" 66.67";" 475.490";"weather";"2.047255e-105"
"12";" 13";" 92.31";" 333.481";"lively";" 1.677577e-74"
"11";" 11";"100.00";" 332.579";"slow";" 2.637221e-74"
"33";" 95";" 34.74";" 322.129";"sunny";" 4.979646e-72"
"11";" 12";" 91.67";" 303.217";"seaside";" 6.559785e-68"
" 9";"  9";"100.00";" 271.757";"archdaily";" 4.698934e-61"
"37";"147";" 25.17";" 250.703";"matte";" 1.824835e-56"
" 9";" 10";" 90.00";" 242.932";"streetview";" 9.026035e-55"
"36";"153";" 23.53";" 224.339";"engine";" 1.023381e-50"
"36";"153";" 23.53";" 224.339";"unreal";" 1.023381e-50"
"33";"134";" 24.63";" 215.365";"town";" 9.278999e-49"
" 6";"  6";"100.00";" 180.819";"crook";" 3.209915e-41"
"36";"190";" 18.95";" 171.588";"octane";" 3.329508e-39"
"36";"195";" 18.46";" 165.999";"render";" 5.535259e-38"
"46";"327";" 14.07";" 156.169";"trend";" 7.776636e-36"
" 5";"  5";"100.00";" 150.585";"deform";" 1.291209e-34"
" 9";" 16";" 56.25";" 145.706";"wallpaper";" 1.504996e-33"
" 9";" 16";" 56.25";" 145.706";"ultradetailed";" 1.504996e-33"
" 9";" 16";" 56.25";" 145.706";"sunlight";" 1.504996e-33"
"46";"347";" 13.26";" 144.221";"highly";" 3.178969e-33"
" 4";"  5";" 80.00";"  94.776";"witch";" 2.131738e-22"
"31";"225";" 13.78";"  93.964";"intricate";" 3.212945e-22"
"37";"347";" 10.66";"  79.292";"digital";" 5.358204e-19"
" 4";"  6";" 66.67";"  77.709";"dreamlike";" 1.193664e-18"
"46";"572";"  8.04";"  67.433";"paint";" 2.179551e-16"
"37";"385";"  9.61";"  66.957";"concept";" 2.775185e-16"
" 6";" 16";" 37.50";"  60.881";"time";" 6.062378e-15"
"46";"627";"  7.34";"  57.063";"artstation";" 4.220691e-14"
"33";"359";"  9.19";"  53.337";"greg";" 2.809485e-13"
" 5";" 13";" 38.46";"  52.178";"festival";" 5.068421e-13"
"47";"689";"  6.82";"  51.435";"detail";" 7.400379e-13"
" 7";" 28";" 25.00";"  43.342";"close";" 4.595881e-11"
"11";" 67";" 16.42";"  39.074";"day";" 4.079896e-10"
" 9";" 49";" 18.37";"  37.194";"ghibli";" 1.069546e-09"
" 9";" 52";" 17.31";"  34.209";"studio";" 4.950762e-09"
"37";"546";"  6.78";"  34.093";"art";" 5.255064e-09"
" 2";"  4";" 50.00";"  28.126";"knight";" 1.136775e-07"
" 2";"  5";" 40.00";"  21.746";"palm";" 3.112278e-06"
" 6";" 38";" 15.79";"  19.715";"game";" 8.987333e-06"
" 7";" 52";" 13.46";"  18.076";"tall";" 2.122677e-05"
"11";"111";"  9.91";"  17.132";"village";" 3.487441e-05"
" 7";" 67";" 10.45";"  11.713";"shoot";" 6.204961e-04"
" 1";"  3";" 33.33";"   8.735";"visible";" 3.122204e-03"
" 1";"  3";" 33.33";"   8.735";"holy";" 3.122204e-03"
" 1";"  3";" 33.33";"   8.735";"coastal";" 3.122204e-03"
" 1";"  3";" 33.33";"   8.735";"cat";" 3.122204e-03"
" 6";" 68";"  8.82";"   7.148";"building";" 7.503842e-03"
" 4";" 38";" 10.53";"   6.659";"realism";" 9.867826e-03"
" 2";" 13";" 15.38";"   6.214";"man";" 1.267121e-02"
" 1";"  4";" 25.00";"   6.096";"sit";" 1.355135e-02"
" 1";"  4";" 25.00";"   6.096";"site";" 1.355135e-02"
" 1";"  4";" 25.00";"   6.096";"silhouette";" 1.355135e-02"
" 1";"  5";" 20.00";"   4.525";"area";" 3.339949e-02"
" 1";"  5";" 20.00";"   4.525";"university";" 3.339949e-02"
" 1";"  5";" 20.00";"   4.525";"bustle";" 3.339949e-02"
" 1";"  5";" 20.00";"   4.525";"beach";" 3.339949e-02"
" 6";" 89";"  6.74";"   3.745";"night";" 5.295773e-02"
" 1";"  7";" 14.29";"   2.758";"young";" 9.676626e-02"
"*****";"*";"*";"*";"*";"*"
"36";"198";"18.18";"162.781";"8";"2.792566e-37"
"36";"258";"13.95";"114.205";"k";"1.174955e-26"
"46";"496";" 9.27";" 85.564";"on";"2.243087e-20"
"47";"743";" 6.33";" 43.989";"a";"3.302942e-11"
" 4";" 14";"28.57";" 29.095";"few";"6.892012e-08"
"37";"595";" 6.22";" 27.750";"and";"1.380252e-07"
"40";"781";" 5.12";" 18.163";"by";"2.027372e-05"
" 4";" 27";"14.81";" 11.833";"during";"5.817565e-04"
" 1";"  7";"14.29";"  2.758";"its";"9.676626e-02"
" 1";"  8";"12.50";"  2.218";"around";"1.364122e-01"
"*";"*";"*";"*";"*";"*"
"**";"classe";"7";"**";"";""
"****";"72";"1551";"4.64";"****";""
"38";" 48";" 79.17";"621.463";"summer";"3.594246e-137"
"24";" 29";" 82.76";"407.383";"watercolor";" 1.360634e-90"
"31";" 59";" 52.54";"317.902";"gurney";" 4.149422e-71"
"15";" 15";"100.00";"311.134";"stiavnica";" 1.236473e-69"
"15";" 15";"100.00";"311.134";"banska";" 1.236473e-69"
"13";" 13";"100.00";"269.299";"nestle";" 1.613331e-60"
"27";" 58";" 46.55";"239.072";"house";" 6.266289e-54"
"13";" 15";" 86.67";"230.209";"flow";" 5.367884e-52"
"10";" 10";"100.00";"206.750";"chalet";" 7.031051e-47"
"10";" 10";"100.00";"206.750";"alpine";" 7.031051e-47"
" 9";"  9";"100.00";"185.954";"peak";" 2.429552e-42"
"13";" 20";" 65.00";"166.747";"morning";" 3.800102e-38"
" 8";"  8";"100.00";"165.185";"tudor";" 8.333359e-38"
"31";"104";" 29.81";"159.482";"james";" 1.468371e-36"
" 7";"  7";"100.00";"144.444";"timber";" 2.841918e-33"
" 7";"  8";" 87.50";"124.717";"half";" 5.869381e-29"
" 9";" 13";" 69.23";"123.547";"majestic";" 1.058291e-28"
"11";" 22";" 50.00";"103.718";"walk";" 2.332513e-24"
"21";" 72";" 29.17";"102.589";"small";" 4.124866e-24"
" 7";" 10";" 70.00";" 97.124";"pencil";" 6.511274e-23"
"15";" 42";" 35.71";" 94.154";"sunset";" 2.919780e-22"
" 4";"  4";"100.00";" 82.379";"riverboat";" 1.123342e-19"
" 4";"  4";"100.00";" 82.379";"picturesque";" 1.123342e-19"
" 4";"  4";"100.00";" 82.379";"foot";" 1.123342e-19"
" 4";"  4";"100.00";" 82.379";"detach";" 1.123342e-19"
"19";" 71";" 26.76";" 82.232";"photo";" 1.210402e-19"
" 7";" 12";" 58.33";" 78.756";"pixel";" 7.027893e-19"
"15";" 52";" 28.85";" 71.205";"tree";" 3.219769e-17"
" 3";"  3";"100.00";" 61.744";"tag";" 3.910565e-15"
" 3";"  3";"100.00";" 61.744";"rolex";" 3.910565e-15"
" 3";"  3";"100.00";" 61.744";"omega";" 3.910565e-15"
" 3";"  3";"100.00";" 61.744";"jewel";" 3.910565e-15"
" 3";"  3";"100.00";" 61.744";"jacob";" 3.910565e-15"
" 3";"  3";"100.00";" 61.744";"heur";" 3.910565e-15"
" 3";"  3";"100.00";" 61.744";"breitling";" 3.910565e-15"
" 7";" 16";" 43.75";" 55.857";"cozy";" 7.795792e-14"
"23";"135";" 17.04";" 51.320";"street";" 7.845984e-13"
"12";" 45";" 26.67";" 50.785";"large";" 1.030648e-12"
" 7";" 18";" 38.89";" 48.251";"season";" 3.750752e-12"
" 5";" 10";" 50.00";" 46.777";"cross";" 7.952256e-12"
" 9";" 29";" 31.03";" 46.502";"station";" 9.151771e-12"
" 3";"  4";" 75.00";" 44.847";"architectural";" 2.130929e-11"
" 3";"  4";" 75.00";" 44.847";"shiny";" 2.130929e-11"
" 9";" 31";" 29.03";" 42.509";"wall";" 7.036193e-11"
"14";" 72";" 19.44";" 37.373";"mountain";" 9.757122e-10"
"11";" 49";" 22.45";" 36.244";"person";" 1.741164e-09"
" 3";"  5";" 60.00";" 34.726";"silver";" 3.795498e-09"
"17";"107";" 15.89";" 32.834";"river";" 1.003767e-08"
" 4";"  9";" 44.44";" 32.397";"skyscraper";" 1.256614e-08"
" 7";" 25";" 28.00";" 31.317";"center";" 2.191102e-08"
"26";"228";" 11.40";" 27.604";"medieval";" 1.488531e-07"
" 2";"  3";" 66.67";" 26.122";"clean";" 3.204599e-07"
" 2";"  3";" 66.67";" 26.122";"rossier";" 3.204599e-07"
" 2";"  3";" 66.67";" 26.122";"jessica";" 3.204599e-07"
"13";" 80";" 16.25";" 25.675";"background";" 4.039786e-07"
" 3";"  7";" 42.86";" 23.198";"clock";" 1.461407e-06"
"17";"134";" 12.69";" 21.442";"town";" 3.647716e-06"
"28";"285";"  9.82";" 21.184";"beautiful";" 4.172444e-06"
"30";"327";"  9.17";" 19.227";"trend";" 1.160677e-05"
" 2";"  4";" 50.00";" 18.638";"svg";" 1.580043e-05"
" 2";"  4";" 50.00";" 18.638";"minimal";" 1.580043e-05"
" 2";"  4";" 50.00";" 18.638";"isaac";" 1.580043e-05"
" 3";"  9";" 33.33";" 16.834";"gold";" 4.079418e-05"
" 4";" 15";" 26.67";" 16.598";"foreground";" 4.620797e-05"
"15";"126";" 11.90";" 16.341";"sky";" 5.291155e-05"
" 4";" 17";" 23.53";" 13.851";"dusk";" 1.978430e-04"
"16";"160";" 10.00";" 11.569";"realistic";" 6.705067e-04"
" 3";" 12";" 25.00";" 11.322";"swiss";" 7.657555e-04"
" 2";"  6";" 33.33";" 11.201";"vector";" 8.175654e-04"
"15";"153";"  9.80";" 10.217";"engine";" 1.391691e-03"
"15";"153";"  9.80";" 10.217";"unreal";" 1.391691e-03"
" 9";" 74";" 12.16";"  9.927";"architecture";" 1.628655e-03"
" 7";" 52";" 13.46";"  9.454";"european";" 2.106987e-03"
" 2";"  7";" 28.57";"  9.096";"young";" 2.561878e-03"
" 7";" 58";" 12.07";"  7.508";"soft";" 6.143615e-03"
"11";"115";"  9.57";"  6.801";"masterpiece";" 9.112759e-03"
" 2";"  9";" 22.22";"  6.320";"front";" 1.193677e-02"
"39";"627";"  6.22";"  5.920";"artstation";" 1.497185e-02"
"22";"304";"  7.24";"  5.751";"rutkowski";" 1.648366e-02"
" 1";"  3";" 33.33";"  5.590";"whimsical";" 1.806733e-02"
" 1";"  3";" 33.33";"  5.590";"teal";" 1.806733e-02"
" 1";"  3";" 33.33";"  5.590";"cat";" 1.806733e-02"
" 1";"  3";" 33.33";"  5.590";"bike";" 1.806733e-02"
" 9";"101";"  8.91";"  4.447";"castle";" 3.495899e-02"
" 1";"  4";" 25.00";"  3.755";"singer";" 5.266135e-02"
" 1";"  4";" 25.00";"  3.755";"highlight";" 5.266135e-02"
" 4";" 35";" 11.43";"  3.725";"scene";" 5.358798e-02"
" 9";"111";"  8.11";"  3.244";"village";" 7.166684e-02"
" 1";"  5";" 20.00";"  2.673";"sargent";" 1.020808e-01"
" 1";"  5";" 20.00";"  2.673";"dock";" 1.020808e-01"
" 1";"  5";" 20.00";"  2.673";"british";" 1.020808e-01"
"22";"359";"  6.13";"  2.330";"greg";" 1.268951e-01"
"*****";"*";"*";"*";"*";"*"
"32";" 75";" 42.67";"257.417";"old";"6.275264e-58"
"13";" 25";" 52.00";"128.737";"through";"7.742179e-30"
" 3";"  3";"100.00";" 61.744";"v";"3.910565e-15"
" 3";"  3";"100.00";" 61.744";"co";"3.910565e-15"
"51";"496";" 10.28";" 52.401";"on";"4.525853e-13"
"33";"290";" 11.38";" 36.574";"with";"1.469992e-09"
" 7";" 25";" 28.00";" 31.317";"up";"2.191102e-08"
"53";"743";"  7.13";" 19.993";"a";"7.771008e-06"
"38";"466";"  8.15";" 18.565";"in";"1.642482e-05"
" 4";" 20";" 20.00";" 10.796";"into";"1.017380e-03"
" 9";"105";"  8.57";"  3.928";"very";"4.748679e-02"
" 1";"  4";" 25.00";"  3.755";"th";"5.266135e-02"
" 2";" 13";" 15.38";"  3.418";"it";"6.450254e-02"
"*";"*";"*";"*";"*";"*"
"**";"classe";"8";"**";"";""
"****";"169";"1551";"10.9";"****";""
" 68";"103";" 66.02";"345.286";"cgsociety";"4.505912e-77"
" 58";" 85";" 68.24";"304.528";"hyperdetailed";"3.398472e-68"
" 44";" 57";" 77.19";"267.886";"angle";"3.278492e-60"
" 31";" 31";"100.00";"258.673";"neo";"3.340064e-58"
" 33";" 41";" 80.49";"210.069";"eiffel";"1.327032e-47"
" 58";"118";" 49.15";"192.523";"8k";"8.944448e-44"
" 66";"162";" 40.74";"165.952";"volumetric";"5.666058e-38"
" 39";" 71";" 54.93";"148.594";"wide";"3.517881e-34"
" 17";" 17";"100.00";"140.558";"zurich";"2.009619e-32"
" 36";" 67";" 53.73";"132.337";"dramatic";"1.262439e-30"
" 20";" 26";" 76.92";"118.737";"peter";"1.195839e-27"
" 17";" 21";" 80.95";"107.612";"jordan";"3.268683e-25"
" 46";"117";" 39.32";"105.275";"tower";"1.062885e-24"
" 13";" 14";" 92.86";" 97.748";"mohrbacher";"4.751164e-23"
" 35";" 79";" 44.30";" 95.686";"hd";"1.345974e-22"
"103";"448";" 22.99";" 94.917";"light";"1.984949e-22"
" 11";" 11";"100.00";" 90.595";"galata";"1.762891e-21"
" 17";" 24";" 70.83";" 90.200";"grim";"2.153004e-21"
" 16";" 23";" 69.57";" 82.768";"berlin";"9.226857e-20"
" 10";" 10";"100.00";" 82.306";"hardturm";"1.165789e-19"
" 10";" 10";"100.00";" 82.306";"grossm√ºnster";"1.165789e-19"
" 10";" 11";" 90.91";" 73.052";"fallout";"1.262735e-17"
" 18";" 31";" 58.06";" 72.487";"hdr";"1.681438e-17"
" 31";" 77";" 40.26";" 71.953";"gothic";"2.203487e-17"
" 19";" 35";" 54.29";" 69.435";"scene";"7.897021e-17"
"  8";"  8";"100.00";" 65.759";"limmat";"5.094952e-16"
" 20";" 40";" 50.00";" 64.666";"lake";"8.874498e-16"
"  7";"  7";"100.00";" 57.502";"brussels";"3.376147e-14"
"  8";"  9";" 88.89";" 56.716";"train";"5.034878e-14"
" 10";" 14";" 71.43";" 53.318";"gaston";"2.837590e-13"
" 10";" 14";" 71.43";" 53.318";"bussiere";"2.837590e-13"
"  9";" 12";" 75.00";" 51.186";"dome";"8.401728e-13"
"  9";" 12";" 75.00";" 51.186";"illustrate";"8.401728e-13"
"  6";"  6";"100.00";" 49.256";"tictac";"2.246872e-12"
"  6";"  6";"100.00";" 49.256";"takeya";"2.246872e-12"
"  6";"  6";"100.00";" 49.256";"takayuki";"2.246872e-12"
"  6";"  6";"100.00";" 49.256";"crash";"2.246872e-12"
" 13";" 25";" 52.00";" 44.217";"alp";"2.939042e-11"
"  8";" 11";" 72.73";" 43.624";"pixiv";"3.979137e-11"
"  7";"  9";" 77.78";" 41.707";"zombie";"1.060136e-10"
"107";"627";" 17.07";" 41.257";"artstation";"1.335020e-10"
"  5";"  5";"100.00";" 41.020";"vfx";"1.506940e-10"
"  5";"  5";"100.00";" 41.020";"verehin";"1.506940e-10"
"  5";"  5";"100.00";" 41.020";"ting";"1.506940e-10"
"  5";"  5";"100.00";" 41.020";"nekro";"1.506940e-10"
"  5";"  5";"100.00";" 41.020";"maxim";"1.506940e-10"
"  5";"  5";"100.00";" 41.020";"marco";"1.506940e-10"
"  5";"  5";"100.00";" 41.020";"konig";"1.506940e-10"
"  5";"  5";"100.00";" 41.020";"johnson";"1.506940e-10"
"  5";"  5";"100.00";" 41.020";"invade";"1.506940e-10"
" 10";" 17";" 58.82";" 40.666";"godrays";"1.806086e-10"
"  6";"  7";" 85.71";" 40.542";"afterlife";"1.924399e-10"
"  8";" 12";" 66.67";" 38.743";"ufo";"4.834708e-10"
" 25";" 79";" 31.65";" 36.912";"ultra";"1.235704e-09"
"  6";"  8";" 75.00";" 34.036";"st√•lenhag";"5.411530e-09"
"  4";"  4";"100.00";" 32.795";"advertisement";"1.024271e-08"
"  4";"  4";"100.00";" 32.795";"solidity";"1.024271e-08"
"  4";"  4";"100.00";" 32.795";"finnstark";"1.024271e-08"
"  4";"  4";"100.00";" 32.795";"eternity";"1.024271e-08"
"  4";"  4";"100.00";" 32.795";"cimbing";"1.024271e-08"
"  4";"  4";"100.00";" 32.795";"caribean";"1.024271e-08"
"  4";"  4";"100.00";" 32.795";"anato";"1.024271e-08"
"  4";"  4";"100.00";" 32.795";"alsp";"1.024271e-08"
"  4";"  4";"100.00";" 32.795";"4d";"1.024271e-08"
"  5";"  6";" 83.33";" 32.553";"wave";"1.160085e-08"
"  5";"  6";" 83.33";" 32.553";"sculpt";"1.160085e-08"
"  5";"  6";" 83.33";" 32.553";"instagram";"1.160085e-08"
"  5";"  6";" 83.33";" 32.553";"houdini";"1.160085e-08"
"  6";"  9";" 66.67";" 29.001";"maya";"7.235484e-08"
"  5";"  7";" 71.43";" 26.538";"kuvshinov";"2.584160e-07"
"  5";"  7";" 71.43";" 26.538";"ilya";"2.584160e-07"
"  5";"  7";" 71.43";" 26.538";"screenshot";"2.584160e-07"
"  5";"  7";" 71.43";" 26.538";"zbrush";"2.584160e-07"
"  5";"  7";" 71.43";" 26.538";"35mm";"2.584160e-07"
"  3";"  3";"100.00";" 24.580";"worth1000";"7.128453e-07"
"  3";"  3";"100.00";" 24.580";"worksite";"7.128453e-07"
"  3";"  3";"100.00";" 24.580";"vasnev";"7.128453e-07"
"  3";"  3";"100.00";" 24.580";"turini";"7.128453e-07"
"  3";"  3";"100.00";" 24.580";"survivor";"7.128453e-07"
"  3";"  3";"100.00";" 24.580";"sergey";"7.128453e-07"
"  3";"  3";"100.00";" 24.580";"sail";"7.128453e-07"
"  3";"  3";"100.00";" 24.580";"roundabout";"7.128453e-07"
"  3";"  3";"100.00";" 24.580";"mohrhauser";"7.128453e-07"
"  3";"  3";"100.00";" 24.580";"mitchell";"7.128453e-07"
"  3";"  3";"100.00";" 24.580";"maciej";"7.128453e-07"
"  3";"  3";"100.00";" 24.580";"luxury";"7.128453e-07"
"  3";"  3";"100.00";" 24.580";"kuciara";"7.128453e-07"
"  3";"  3";"100.00";" 24.580";"fishpond";"7.128453e-07"
"  3";"  3";"100.00";" 24.580";"dor√©";"7.128453e-07"
"  3";"  3";"100.00";" 24.580";"delville";"7.128453e-07"
"  3";"  3";"100.00";" 24.580";"clown";"7.128453e-07"
" 13";" 36";" 36.11";" 24.135";"water";"8.981759e-07"
" 11";" 29";" 37.93";" 22.247";"station";"2.397324e-06"
"  5";"  8";" 62.50";" 22.056";"choi";"2.648009e-06"
" 40";"199";" 20.10";" 19.920";"cinematic";"8.073207e-06"
"  4";"  6";" 66.67";" 19.296";"palace";"1.119283e-05"
"  4";"  6";" 66.67";" 19.296";"lovecraft";"1.119283e-05"
" 21";" 83";" 25.30";" 18.742";"photorealistic";"1.496369e-05"
"  8";" 20";" 40.00";" 17.676";"warm";"2.618490e-05"
"  3";"  4";" 75.00";" 16.974";"istanbul";"3.790012e-05"
"  3";"  4";" 75.00";" 16.974";"construction";"3.790012e-05"
"  5";" 10";" 50.00";" 15.852";"sing";"6.850473e-05"
"  4";"  7";" 57.14";" 15.490";"sunrise";"8.294174e-05"
"  8";" 22";" 36.36";" 14.908";"lens";"1.128688e-04"
"  6";" 14";" 42.86";" 14.864";"destroy";"1.155506e-04"
"  6";" 14";" 42.86";" 14.864";"insanely";"1.155506e-04"
" 17";" 71";" 23.94";" 13.046";"photo";"3.038731e-04"
"  3";"  5";" 60.00";" 12.458";"aqueduct";"4.163133e-04"
"  3";"  5";" 60.00";" 12.458";"ratio";"4.163133e-04"
" 12";" 45";" 26.67";" 11.872";"vivid";"5.698953e-04"
"  4";"  9";" 44.44";" 10.494";"starry";"1.197669e-03"
"  4";"  9";" 44.44";" 10.494";"artistic";"1.197669e-03"
"  5";" 13";" 38.46";" 10.260";"mumford";"1.359333e-03"
"  5";" 13";" 38.46";" 10.260";"dan";"1.359333e-03"
"  2";"  3";" 66.67";"  9.629";"rim";"1.914864e-03"
"  2";"  3";" 66.67";"  9.629";"humongous";"1.914864e-03"
"  3";"  6";" 50.00";"  9.486";"grass";"2.070006e-03"
" 48";"304";" 15.79";"  9.325";"rutkowski";"2.260519e-03"
"  4";" 11";" 36.36";"  7.401";"big";"6.519207e-03"
"  4";" 11";" 36.36";"  7.401";"massive";"6.519207e-03"
"  4";" 11";" 36.36";"  7.401";"blur";"6.519207e-03"
"  4";" 11";" 36.36";"  7.401";"dof";"6.519207e-03"
"  5";" 16";" 31.25";"  6.898";"photorealism";"8.627672e-03"
"  6";" 21";" 28.57";"  6.850";"photograph";"8.863485e-03"
"  2";"  4";" 50.00";"  6.316";"florence";"1.196471e-02"
"  2";"  4";" 50.00";"  6.316";"eastern";"1.196471e-02"
"  4";" 12";" 33.33";"  6.271";"loish";"1.227485e-02"
"  4";" 12";" 33.33";"  6.271";"cinema";"1.227485e-02"
"  3";"  8";" 37.50";"  5.862";"boat";"1.547045e-02"
"  3";"  8";" 37.50";"  5.862";"level";"1.547045e-02"
" 12";" 59";" 20.34";"  5.633";"blue";"1.762747e-02"
"  3";"  9";" 33.33";"  4.694";"bloodborne";"3.026990e-02"
"  8";" 37";" 21.62";"  4.491";"huge";"3.407322e-02"
"  2";"  5";" 40.00";"  4.376";"mystical";"3.644340e-02"
"  2";"  5";" 40.00";"  4.376";"panoramic";"3.644340e-02"
"  2";"  5";" 40.00";"  4.376";"portra";"3.644340e-02"
"  2";"  5";" 40.00";"  4.376";"kodak";"3.644340e-02"
" 13";" 72";" 18.06";"  3.986";"paris";"4.587585e-02"
" 10";" 52";" 19.23";"  3.850";"wlop";"4.975957e-02"
"  3";" 10";" 30.00";"  3.783";"tiny";"5.176460e-02"
"  3";" 10";" 30.00";"  3.783";"cross";"5.176460e-02"
"  3";" 10";" 30.00";"  3.783";"sun";"5.176460e-02"
"  2";"  6";" 33.33";"  3.123";"renaissance";"7.718558e-02"
"  2";"  6";" 33.33";"  3.123";"path";"7.718558e-02"
"  2";"  6";" 33.33";"  3.123";"imagery";"7.718558e-02"
" 15";" 91";" 16.48";"  3.108";"atmosphere";"7.788963e-02"
"  3";" 11";" 27.27";"  3.060";"beksinski";"8.022948e-02"
" 48";"359";" 13.37";"  2.945";"greg";"8.611826e-02"
" 10";" 58";" 17.24";"  2.499";"vibrant";"1.139474e-01"
"  3";" 12";" 25.00";"  2.478";"roof";"1.154680e-01"
" 11";" 67";" 16.42";"  2.199";"day";"1.380984e-01"
"*****";"*";"*";"*";"*";"*"
"54";"198";"27.27";"62.698";"8";"2.409922e-15"
"57";"258";"22.09";"39.962";"k";"2.588961e-10"
"12";" 24";"50.00";"38.393";"looking";"5.784259e-10"
"10";" 21";"47.62";"29.569";"down";"5.395225e-08"
" 3";"  4";"75.00";"16.974";"com";"3.790012e-05"
" 3";"  5";"60.00";"12.458";"between";"4.163133e-04"
" 5";" 13";"38.46";"10.260";"under";"1.359333e-03"
" 5";" 19";"26.32";" 4.711";"near";"2.997622e-02"
"74";"594";"12.46";" 2.418";"the";"1.199210e-01"
"21";"145";"14.48";" 2.119";"at";"1.454587e-01"
" 7";" 39";"17.95";" 2.049";"3";"1.522588e-01"
" 4";" 19";"21.05";" 2.044";"like";"1.528370e-01"
"*";"*";"*";"*";"*";"*"
"**";"classe";"9";"**";"";""
"****";"60";"1551";"3.87";"****";""
"34";" 39";" 87.18";"746.662";"aerial";"2.133832e-164"
"26";" 37";" 70.27";"449.409";"photography";"9.697816e-100"
"15";" 16";" 93.75";"351.204";"lense";" 2.317572e-78"
"13";" 13";"100.00";"325.781";"ultrawide";" 7.976233e-73"
"14";" 17";" 82.35";"284.707";"exquisite";" 7.079125e-64"
"10";" 10";"100.00";"250.113";"solter";" 2.454111e-56"
"10";" 10";"100.00";"250.113";"jonathan";" 2.454111e-56"
"10";" 11";" 90.91";"225.695";"quaint";" 5.178169e-51"
" 8";"  8";"100.00";"199.831";"snowfall";" 2.273908e-45"
" 8";"  8";"100.00";"199.831";"galic";" 2.273908e-45"
"11";" 15";" 73.33";"196.534";"shape";" 1.192072e-44"
"12";" 18";" 66.67";"193.122";"hyperrealism";" 6.621415e-44"
" 9";" 11";" 81.82";"181.012";"wind";" 2.913759e-41"
" 8";"  9";" 88.89";"175.959";"grid";" 3.696778e-40"
"12";" 24";" 50.00";"139.500";"middle";" 3.424058e-32"
" 5";"  5";"100.00";"124.652";"witcher";" 6.065548e-29"
" 5";"  5";"100.00";"124.652";"impossibly";" 6.065548e-29"
" 7";" 10";" 70.00";"118.364";"key";" 1.442910e-27"
"20";" 74";" 27.03";"112.068";"architecture";" 3.453069e-26"
" 7";" 11";" 63.64";"106.418";"moebius";" 5.971847e-25"
" 4";"  4";"100.00";" 99.657";"bavarian";" 1.812120e-23"
" 4";"  4";"100.00";" 99.657";"elevate";" 1.812120e-23"
" 4";"  4";"100.00";" 99.657";"pc";" 1.812120e-23"
" 7";" 12";" 58.33";" 96.468";"pixar";" 9.071164e-23"
"19";" 79";" 24.05";" 91.172";"ultra";" 1.317161e-21"
" 7";" 14";" 50.00";" 80.846";"animation";" 2.440616e-19"
" 8";" 18";" 44.44";" 80.626";"cobblestone";" 2.727571e-19"
" 4";"  5";" 80.00";" 78.180";"colourful";" 9.406233e-19"
" 4";"  5";" 80.00";" 78.180";"university";" 9.406233e-19"
" 4";"  5";" 80.00";" 78.180";"state";" 9.406233e-19"
" 3";"  3";"100.00";" 74.694";"lithuania";" 5.494964e-18"
" 3";"  3";"100.00";" 74.694";"wholesome";" 5.494964e-18"
" 3";"  3";"100.00";" 74.694";"postprocessing";" 5.494964e-18"
" 3";"  3";"100.00";" 74.694";"lyria";" 5.494964e-18"
" 3";"  3";"100.00";" 74.694";"district";" 5.494964e-18"
" 3";"  3";"100.00";" 74.694";"ariel";" 5.494964e-18"
" 7";" 16";" 43.75";" 69.145";"disney";" 9.147735e-17"
"12";" 45";" 26.67";" 64.773";"award";" 8.403686e-16"
"36";"304";" 11.84";" 64.644";"rutkowski";" 8.974316e-16"
"12";" 46";" 26.09";" 62.930";"win";" 2.142012e-15"
"23";"147";" 15.65";" 60.574";"matte";" 7.087471e-15"
" 7";" 19";" 36.84";" 56.239";"capital";" 6.418706e-14"
"16";" 83";" 19.28";" 55.987";"photorealistic";" 7.295296e-14"
" 3";"  4";" 75.00";" 54.563";"medium";" 1.505222e-13"
" 4";"  7";" 57.14";" 53.665";"bloom";" 2.377165e-13"
"36";"359";" 10.03";" 47.654";"greg";" 5.084901e-12"
" 7";" 22";" 31.82";" 46.879";"field";" 7.551594e-12"
" 7";" 22";" 31.82";" 46.879";"church";" 7.551594e-12"
" 5";" 12";" 41.67";" 46.461";"open";" 9.344650e-12"
" 5";" 12";" 41.67";" 46.461";"autumn";" 9.344650e-12"
" 4";"  8";" 50.00";" 46.018";"rural";" 1.171810e-11"
"24";"195";" 12.31";" 42.716";"view";" 6.330680e-11"
"17";"115";" 14.78";" 39.786";"masterpiece";" 2.833903e-10"
" 6";" 20";" 30.00";" 37.204";"square";" 1.063893e-09"
" 5";" 15";" 33.33";" 35.360";"wes";" 2.740224e-09"
" 5";" 15";" 33.33";" 35.360";"anderson";" 2.740224e-09"
" 6";" 22";" 27.27";" 32.871";"kinkade";" 9.848747e-09"
" 2";"  3";" 66.67";" 31.875";"hour";" 1.644140e-08"
" 2";"  3";" 66.67";" 31.875";"tarot";" 1.644140e-08"
" 2";"  3";" 66.67";" 31.875";"shock";" 1.644140e-08"
" 2";"  3";" 66.67";" 31.875";"flash";" 1.644140e-08"
" 2";"  3";" 66.67";" 31.875";"darrow";" 1.644140e-08"
" 2";"  3";" 66.67";" 31.875";"card";" 1.644140e-08"
"13";" 85";" 15.29";" 31.568";"hyperdetailed";" 1.925345e-08"
"10";" 57";" 17.54";" 29.758";"simonetti";" 4.893730e-08"
"10";" 57";" 17.54";" 29.758";"marc";" 4.893730e-08"
" 3";"  7";" 42.86";" 28.743";"ominous";" 8.264243e-08"
" 4";" 12";" 33.33";" 28.233";"moscow";" 1.075519e-07"
" 4";" 12";" 33.33";" 28.233";"germany";" 1.075519e-07"
"16";"134";" 11.94";" 25.697";"town";" 3.994149e-07"
" 2";"  4";" 50.00";" 22.949";"fortress";" 1.663197e-06"
" 2";"  4";" 50.00";" 22.949";"hodas";" 1.663197e-06"
" 2";"  4";" 50.00";" 22.949";"filip";" 1.663197e-06"
" 4";" 15";" 26.67";" 21.169";"film";" 4.204354e-06"
" 5";" 25";" 20.00";" 17.780";"center";" 2.479163e-05"
" 2";"  5";" 40.00";" 17.609";"panoramic";" 2.712726e-05"
" 2";"  5";" 40.00";" 17.609";"climate";" 2.712726e-05"
" 7";" 45";" 15.56";" 17.022";"anime";" 3.695245e-05"
" 8";" 57";" 14.04";" 16.447";"inspire";" 5.003240e-05"
" 7";" 49";" 14.29";" 14.765";"ghibli";" 1.217645e-04"
" 2";"  6";" 33.33";" 14.062";"palace";" 1.769091e-04"
" 2";"  6";" 33.33";" 14.062";"change";" 1.769091e-04"
" 9";" 77";" 11.69";" 13.323";"gothic";" 2.621986e-04"
" 7";" 52";" 13.46";" 13.314";"studio";" 2.633690e-04"
"24";"343";"  7.00";" 11.591";"city";" 6.625621e-04"
" 2";"  7";" 28.57";" 11.539";"heavy";" 6.816401e-04"
" 2";"  7";" 28.57";" 11.539";"tile";" 6.816401e-04"
"12";"130";"  9.23";" 10.971";"alphonse";" 9.253451e-04"
" 4";" 25";" 16.00";" 10.056";"alp";" 1.518569e-03"
"12";"135";"  8.89";" 10.022";"mucha";" 1.546772e-03"
" 6";" 48";" 12.50";"  9.923";"thomas";" 1.631833e-03"
" 5";" 38";" 13.16";"  9.039";"french";" 2.642554e-03"
" 7";" 67";" 10.45";"  8.151";"dramatic";" 4.303989e-03"
" 7";" 67";" 10.45";"  8.151";"shoot";" 4.303989e-03"
"11";"135";"  8.15";"  7.283";"street";" 6.961764e-03"
"32";"572";"  5.59";"  7.259";"paint";" 7.055232e-03"
"12";"153";"  7.84";"  7.211";"engine";" 7.246053e-03"
"12";"153";"  7.84";"  7.211";"unreal";" 7.246053e-03"
" 1";"  3";" 33.33";"  7.017";"touch";" 8.072910e-03"
" 1";"  3";" 33.33";"  7.017";"teal";" 8.072910e-03"
" 1";"  3";" 33.33";"  7.017";"madgwick";" 8.072910e-03"
" 3";" 20";" 15.00";"  6.751";"golden";" 9.369290e-03"
" 2";" 11";" 18.18";"  6.103";"year";" 1.349339e-02"
" 2";" 11";" 18.18";"  6.103";"earth";" 1.349339e-02"
" 2";" 12";" 16.67";"  5.327";"roof";" 2.100284e-02"
" 1";"  4";" 25.00";"  4.815";"robert";" 2.820551e-02"
" 1";"  4";" 25.00";"  4.815";"andreas";" 2.820551e-02"
" 1";"  4";" 25.00";"  4.815";"lone";" 2.820551e-02"
" 1";"  4";" 25.00";"  4.815";"frog";" 2.820551e-02"
" 5";" 52";"  9.62";"  4.778";"tall";" 2.881982e-02"
" 5";" 52";"  9.62";"  4.778";"european";" 2.881982e-02"
"29";"546";"  5.31";"  4.717";"art";" 2.986021e-02"
" 2";" 13";" 15.38";"  4.675";"sea";" 3.059971e-02"
" 4";" 38";" 10.53";"  4.643";"game";" 3.117663e-02"
" 3";" 25";" 12.00";"  4.518";"black";" 3.354204e-02"
" 4";" 40";" 10.00";"  4.151";"lake";" 4.161306e-02"
" 2";" 14";" 14.29";"  4.123";"depth";" 4.231519e-02"
" 1";"  5";" 20.00";"  3.510";"isometric";" 6.099621e-02"
" 1";"  5";" 20.00";"  3.510";"rainy";" 6.099621e-02"
" 1";"  5";" 20.00";"  3.510";"evil";" 6.099621e-02"
"12";"190";"  6.32";"  3.487";"fantasy";" 6.184338e-02"
"12";"195";"  6.15";"  3.133";"render";" 7.674427e-02"
"12";"199";"  6.03";"  2.869";"cinematic";" 9.032518e-02"
" 1";"  6";" 16.67";"  2.653";"renaissance";" 1.033589e-01"
" 1";"  6";" 16.67";"  2.653";"age";" 1.033589e-01"
" 4";" 49";"  8.16";"  2.510";"build";" 1.131494e-01"
" 2";" 20";" 10.00";"  2.048";"spire";" 1.523738e-01"
" 2";" 20";" 10.00";"  2.048";"morning";" 1.523738e-01"
"*****";"*";"*";"*";"*";"*"
"19";"108";"17.59";"58.794";"an";"1.750747e-14"
"50";"824";" 6.07";"22.869";"of";"1.734464e-06"
" 4";" 15";"26.67";"21.169";"still";"4.204354e-06"
"44";"743";" 5.92";"16.172";"a";"5.784816e-05"
" 5";" 27";"18.52";"15.859";"during";"6.825766e-05"
" 3";" 12";"25.00";"14.521";"9";"1.385704e-04"
" 6";" 39";"15.38";"14.267";"3";"1.586194e-04"
"42";"781";" 5.38";" 9.636";"by";"1.908193e-03"
" 4";" 28";"14.29";" 8.321";"above";"3.919156e-03"
" 3";" 19";"15.79";" 7.351";"like";"6.703782e-03"
" 1";"  3";"33.33";" 7.017";"m";"8.072910e-03"
" 3";" 20";"15.00";" 6.751";"one";"9.369290e-03"
"14";"198";" 7.07";" 6.259";"8";"1.235887e-02"
" 4";" 33";"12.12";" 6.175";"1";"1.295595e-02"
"16";"258";" 6.20";" 4.530";"k";"3.330802e-02"
" 3";" 25";"12.00";" 4.518";"are";"3.354204e-02"
" 4";" 45";" 8.89";" 3.141";"0";"7.634506e-02"
" 2";" 17";"11.76";" 2.882";"after";"8.958353e-02"
"*";"*";"*";"*";"*";"*"
"**";"classe";"10";"**";"";""
"****";"606";"1551";"39.07";"****";""
"115";"160";" 71.88";"80.642";"realistic";"2.705190e-19"
"202";"343";" 58.89";"72.676";"city";"1.527932e-17"
"124";"190";" 65.26";"62.395";"fantasy";"2.810274e-15"
" 54";" 63";" 85.71";"60.012";"stone";"9.429274e-15"
" 76";"101";" 75.25";"59.392";"castle";"1.292250e-14"
" 71";" 95";" 74.74";"54.073";"landscape";"1.931300e-13"
" 71";" 98";" 72.45";"48.955";"hyper";"2.619071e-12"
" 28";" 28";"100.00";"44.466";"trace";"2.587990e-11"
" 42";" 50";" 84.00";"43.809";"epic";"3.620460e-11"
" 97";"154";" 62.99";"41.078";"style";"1.462526e-10"
" 34";" 41";" 82.93";"34.024";"cloud";"5.444538e-09"
" 49";" 68";" 72.06";"32.508";"building";"1.186989e-08"
" 20";" 20";"100.00";"31.596";"german";"1.898651e-08"
" 38";" 49";" 77.55";"31.471";"build";"2.024083e-08"
" 38";" 49";" 77.55";"31.471";"ray";"2.024083e-08"
" 47";" 67";" 70.15";"28.410";"oil";"9.816359e-08"
" 23";" 26";" 88.46";"27.096";"colour";"1.935554e-07"
" 16";" 16";"100.00";"25.211";"top";"5.139985e-07"
" 18";" 19";" 94.74";"25.038";"dynamic";"5.622010e-07"
" 27";" 34";" 79.41";"23.763";"hyperrealistic";"1.089598e-06"
" 19";" 21";" 90.48";"23.630";"fly";"1.167548e-06"
" 14";" 14";"100.00";"22.031";"sprawl";"2.683465e-06"
"107";"199";" 53.77";"20.715";"high";"5.330191e-06"
"105";"195";" 53.85";"20.452";"render";"6.114442e-06"
" 13";" 13";"100.00";"20.444";"natural";"6.141364e-06"
" 13";" 13";"100.00";"20.444";"ivan";"6.141364e-06"
" 33";" 47";" 70.21";"19.745";"resolution";"8.850446e-06"
" 12";" 12";"100.00";"18.859";"marble";"1.407616e-05"
" 12";" 12";"100.00";"18.859";"gorgeous";"1.407616e-05"
" 12";" 12";"100.00";"18.859";"beeple";"1.407616e-05"
"101";"190";" 53.16";"18.048";"octane";"2.154380e-05"
" 15";" 17";" 88.24";"17.452";"float";"2.946608e-05"
" 11";" 11";"100.00";"17.276";"steampunk";"3.232456e-05"
" 13";" 14";" 92.86";"17.168";"grind";"3.421726e-05"
" 13";" 14";" 92.86";"17.168";"god";"3.421726e-05"
" 13";" 14";" 92.86";"17.168";"baroque";"3.421726e-05"
" 16";" 19";" 84.21";"16.464";"stun";"4.958909e-05"
" 14";" 16";" 87.50";"15.927";"cliff";"6.582085e-05"
" 10";" 10";"100.00";"15.695";"moody";"7.441065e-05"
" 10";" 10";"100.00";"15.695";"gloomy";"7.441065e-05"
" 17";" 21";" 80.95";"15.685";"surround";"7.480867e-05"
" 17";" 21";" 80.95";"15.685";"crowd";"7.480867e-05"
" 12";" 13";" 92.31";"15.607";"environment";"7.794849e-05"
" 44";" 72";" 61.11";"15.406";"mountain";"8.669525e-05"
" 15";" 18";" 83.33";"14.987";"shop";"1.082463e-04"
" 41";" 67";" 61.19";"14.396";"4k";"1.481245e-04"
"102";"199";" 51.26";"14.238";"cinematic";"1.611153e-04"
"  9";"  9";"100.00";"14.117";"amaze";"1.718237e-04"
"  9";"  9";"100.00";"14.117";"zdzis";"1.718237e-04"
"  9";"  9";"100.00";"14.117";"aw";"1.718237e-04"
" 11";" 12";" 91.67";"14.053";"fall";"1.777450e-04"
" 14";" 17";" 82.35";"13.526";"movie";"2.353309e-04"
" 14";" 17";" 82.35";"13.526";"atmospheric";"2.353309e-04"
" 12";" 14";" 85.71";"12.911";"glow";"3.266932e-04"
" 12";" 14";" 85.71";"12.911";"depth";"3.266932e-04"
" 12";" 14";" 85.71";"12.911";"century";"3.266932e-04"
" 26";" 39";" 66.67";"12.797";"bright";"3.471781e-04"
"  8";"  8";"100.00";"12.540";"iron";"3.983476e-04"
"  8";"  8";"100.00";"12.540";"end";"3.983476e-04"
"  8";"  8";"100.00";"12.540";"dream";"3.983476e-04"
"  8";"  8";"100.00";"12.540";"definition";"3.983476e-04"
"  8";"  8";"100.00";"12.540";"calm";"3.983476e-04"
" 10";" 11";" 90.91";"12.505";"narrow";"4.058160e-04"
" 10";" 11";" 90.91";"12.505";"post";"4.058160e-04"
" 10";" 11";" 90.91";"12.505";"line";"4.058160e-04"
" 10";" 11";" 90.91";"12.505";"window";"4.058160e-04"
" 10";" 11";" 90.91";"12.505";"bierstadt";"4.058160e-04"
" 11";" 13";" 84.62";"11.423";"bird";"7.254389e-04"
" 11";" 13";" 84.62";"11.423";"hill";"7.254389e-04"
" 11";" 13";" 84.62";"11.423";"friedrich";"7.254389e-04"
"  9";" 10";" 90.00";"10.966";"grand";"9.279795e-04"
"  9";" 10";" 90.00";"10.966";"skyline";"9.279795e-04"
"  9";" 10";" 90.00";"10.966";"sci";"9.279795e-04"
"  9";" 10";" 90.00";"10.966";"fi";"9.279795e-04"
"  7";"  7";"100.00";"10.965";"statue";"9.283239e-04"
"  7";"  7";"100.00";"10.965";"horror";"9.283239e-04"
"  7";"  7";"100.00";"10.965";"ted";"9.283239e-04"
"  7";"  7";"100.00";"10.965";"storm";"9.283239e-04"
"  7";"  7";"100.00";"10.965";"romantic";"9.283239e-04"
"  7";"  7";"100.00";"10.965";"overlook";"9.283239e-04"
"  7";"  7";"100.00";"10.965";"nasmith";"9.283239e-04"
"  7";"  7";"100.00";"10.965";"complex";"9.283239e-04"
"  7";"  7";"100.00";"10.965";"aivazovsky";"9.283239e-04"
" 12";" 15";" 80.00";"10.658";"run";"1.095878e-03"
" 78";"153";" 50.98";"10.112";"engine";"1.472772e-03"
" 78";"153";" 50.98";"10.112";"unreal";"1.472772e-03"
" 10";" 12";" 83.33";" 9.952";"david";"1.606333e-03"
" 20";" 30";" 66.67";" 9.786";"futuristic";"1.758849e-03"
"  8";"  9";" 88.89";" 9.437";"process";"2.126110e-03"
"  8";"  9";" 88.89";" 9.437";"vast";"2.126110e-03"
"  8";"  9";" 88.89";" 9.437";"lit";"2.126110e-03"
"  8";"  9";" 88.89";" 9.437";"lamp";"2.126110e-03"
"  8";"  9";" 88.89";" 9.437";"fog";"2.126110e-03"
"  6";"  6";"100.00";" 9.393";"chiaroscuro";"2.178427e-03"
"  6";"  6";"100.00";" 9.393";"settlement";"2.178427e-03"
"  6";"  6";"100.00";" 9.393";"range";"2.178427e-03"
"  6";"  6";"100.00";" 9.393";"metropolis";"2.178427e-03"
"  6";"  6";"100.00";" 9.393";"heart";"2.178427e-03"
"  6";"  6";"100.00";" 9.393";"giger";"2.178427e-03"
"  6";"  6";"100.00";" 9.393";"flare";"2.178427e-03"
"  6";"  6";"100.00";" 9.393";"caravaggio";"2.178427e-03"
"  6";"  6";"100.00";" 9.393";"brushstrokes";"2.178427e-03"
"  6";"  6";"100.00";" 9.393";"aesthetic";"2.178427e-03"
"298";"689";" 43.25";" 9.097";"detail";"2.560352e-03"
" 20";" 31";" 64.52";" 8.603";"wall";"3.356495e-03"
"  9";" 11";" 81.82";" 8.504";"magic";"3.544309e-03"
"  9";" 11";" 81.82";" 8.504";"caspar";"3.544309e-03"
" 13";" 18";" 72.22";" 8.407";"texture";"3.737610e-03"
" 15";" 22";" 68.18";" 7.944";"kinkade";"4.824764e-03"
"  7";"  8";" 87.50";" 7.922";"strong";"4.882691e-03"
"  7";"  8";" 87.50";" 7.922";"cottage";"4.882691e-03"
"  7";"  8";" 87.50";" 7.922";"stockholm";"4.882691e-03"
"  7";"  8";" 87.50";" 7.922";"scheme";"4.882691e-03"
"  7";"  8";" 87.50";" 7.922";"imax";"4.882691e-03"
"  7";"  8";" 87.50";" 7.922";"gate";"4.882691e-03"
"  7";"  8";" 87.50";" 7.922";"feature";"4.882691e-03"
"  7";"  8";" 87.50";" 7.922";"effect";"4.882691e-03"
" 10";" 13";" 76.92";" 7.890";"image";"4.970517e-03"
" 10";" 13";" 76.92";" 7.890";"inside";"4.970517e-03"
"  5";"  5";"100.00";" 7.822";"eternal";"5.160701e-03"
"  5";"  5";"100.00";" 7.822";"ring";"5.160701e-03"
"  5";"  5";"100.00";" 7.822";"portrait";"5.160701e-03"
"  5";"  5";"100.00";" 7.822";"neon";"5.160701e-03"
"  5";"  5";"100.00";" 7.822";"urban";"5.160701e-03"
"  5";"  5";"100.00";" 7.822";"tran";"5.160701e-03"
"  5";"  5";"100.00";" 7.822";"colonial";"5.160701e-03"
"  5";"  5";"100.00";" 7.822";"otherworldly";"5.160701e-03"
"  5";"  5";"100.00";" 7.822";"apocalyptic";"5.160701e-03"
"  5";"  5";"100.00";" 7.822";"moon";"5.160701e-03"
"  5";"  5";"100.00";" 7.822";"strange";"5.160701e-03"
"  5";"  5";"100.00";" 7.822";"shade";"5.160701e-03"
"  5";"  5";"100.00";" 7.822";"pumpkin";"5.160701e-03"
"  5";"  5";"100.00";" 7.822";"nighttime";"5.160701e-03"
"  5";"  5";"100.00";" 7.822";"beautifully";"5.160701e-03"
"  5";"  5";"100.00";" 7.822";"study";"5.160701e-03"
"  5";"  5";"100.00";" 7.822";"steel";"5.160701e-03"
"  5";"  5";"100.00";" 7.822";"solarpunk";"5.160701e-03"
"  5";"  5";"100.00";" 7.822";"pain";"5.160701e-03"
"  5";"  5";"100.00";" 7.822";"miyazaki";"5.160701e-03"
"  5";"  5";"100.00";" 7.822";"hayao";"5.160701e-03"
"  5";"  5";"100.00";" 7.822";"daytime";"5.160701e-03"
"  5";"  5";"100.00";" 7.822";"18th";"5.160701e-03"
"  5";"  5";"100.00";" 7.822";"17th";"5.160701e-03"
" 17";" 26";" 65.38";" 7.691";"3d";"5.550014e-03"
" 11";" 15";" 73.33";" 7.469";"film";"6.277757e-03"
" 13";" 19";" 68.42";" 6.960";"garden";"8.333893e-03"
" 40";" 75";" 53.33";" 6.734";"dark";"9.460918e-03"
"  6";"  7";" 85.71";" 6.426";"rhads";"1.124534e-02"
"  6";"  7";" 85.71";" 6.426";"vintage";"1.124534e-02"
" 29";" 52";" 55.77";" 6.302";"tall";"1.206357e-02"
"  4";"  4";"100.00";" 6.254";"scale";"1.239305e-02"
"  4";"  4";"100.00";" 6.254";"vladimir";"1.239305e-02"
"  4";"  4";"100.00";" 6.254";"hildebrandt";"1.239305e-02"
"  4";"  4";"100.00";" 6.254";"lovecraftian";"1.239305e-02"
"  4";"  4";"100.00";" 6.254";"de";"1.239305e-02"
"  4";"  4";"100.00";" 6.254";"fantastical";"1.239305e-02"
"  4";"  4";"100.00";" 6.254";"underground";"1.239305e-02"
"  4";"  4";"100.00";" 6.254";"greek";"1.239305e-02"
"  4";"  4";"100.00";" 6.254";"graphic";"1.239305e-02"
"  4";"  4";"100.00";" 6.254";"adventure";"1.239305e-02"
"  4";"  4";"100.00";" 6.254";"wonderful";"1.239305e-02"
"  4";"  4";"100.00";" 6.254";"watercolour";"1.239305e-02"
"  4";"  4";"100.00";" 6.254";"warhammer";"1.239305e-02"
"  4";"  4";"100.00";" 6.254";"ski";"1.239305e-02"
"  4";"  4";"100.00";" 6.254";"roger";"1.239305e-02"
"  4";"  4";"100.00";" 6.254";"rise";"1.239305e-02"
"  4";"  4";"100.00";" 6.254";"reflect";"1.239305e-02"
"  4";"  4";"100.00";" 6.254";"period";"1.239305e-02"
"  4";"  4";"100.00";" 6.254";"part";"1.239305e-02"
"  4";"  4";"100.00";" 6.254";"overcast";"1.239305e-02"
"  4";"  4";"100.00";" 6.254";"layer";"1.239305e-02"
"  4";"  4";"100.00";" 6.254";"kitezh";"1.239305e-02"
"  4";"  4";"100.00";" 6.254";"ismail";"1.239305e-02"
"  4";"  4";"100.00";" 6.254";"inceoglu";"1.239305e-02"
"  4";"  4";"100.00";" 6.254";"hyperborea";"1.239305e-02"
"  4";"  4";"100.00";" 6.254";"hohenzollern";"1.239305e-02"
"  4";"  4";"100.00";" 6.254";"glorious";"1.239305e-02"
"  4";"  4";"100.00";" 6.254";"floor";"1.239305e-02"
"  4";"  4";"100.00";" 6.254";"finely";"1.239305e-02"
"  4";"  4";"100.00";" 6.254";"fine";"1.239305e-02"
"  4";"  4";"100.00";" 6.254";"enormous";"1.239305e-02"
"  4";"  4";"100.00";" 6.254";"eerie";"1.239305e-02"
"  4";"  4";"100.00";" 6.254";"czech";"1.239305e-02"
"  4";"  4";"100.00";" 6.254";"cream";"1.239305e-02"
"  4";"  4";"100.00";" 6.254";"confluence";"1.239305e-02"
"  4";"  4";"100.00";" 6.254";"celtic";"1.239305e-02"
"  4";"  4";"100.00";" 6.254";"brutalist";"1.239305e-02"
"  4";"  4";"100.00";" 6.254";"beksi";"1.239305e-02"
"  4";"  4";"100.00";" 6.254";"balcony";"1.239305e-02"
"  4";"  4";"100.00";" 6.254";"babylon";"1.239305e-02"
"  4";"  4";"100.00";" 6.254";"ambiance";"1.239305e-02"
"  7";"  9";" 77.78";" 5.697";"temple";"1.699340e-02"
"  7";"  9";" 77.78";" 5.697";"fish";"1.699340e-02"
"  7";"  9";" 77.78";" 5.697";"pastel";"1.699340e-02"
"  7";"  9";" 77.78";" 5.697";"back";"1.699340e-02"
"  8";" 11";" 72.73";" 5.271";"albert";"2.167942e-02"
"  8";" 11";" 72.73";" 5.271";"beksinski";"2.167942e-02"
"  9";" 13";" 69.23";" 5.009";"sea";"2.521475e-02"
"  5";"  6";" 83.33";" 4.957";"ross";"2.598657e-02"
"  5";"  6";" 83.33";" 4.957";"depict";"2.598657e-02"
"  5";"  6";" 83.33";" 4.957";"piranesi";"2.598657e-02"
"  5";"  6";" 83.33";" 4.957";"model";"2.598657e-02"
"  5";"  6";" 83.33";" 4.957";"alien";"2.598657e-02"
"  5";"  6";" 83.33";" 4.957";"stream";"2.598657e-02"
"  5";"  6";" 83.33";" 4.957";"rococo";"2.598657e-02"
"  5";"  6";" 83.33";" 4.957";"rock";"2.598657e-02"
"  5";"  6";" 83.33";" 4.957";"cobble";"2.598657e-02"
"  5";"  6";" 83.33";" 4.957";"brown";"2.598657e-02"
"  5";"  6";" 83.33";" 4.957";"age";"2.598657e-02"
" 10";" 15";" 66.67";" 4.845";"foreground";"2.772618e-02"
" 12";" 19";" 63.16";" 4.688";"cover";"3.037792e-02"
"  3";"  3";"100.00";" 4.687";"konstantin";"3.038664e-02"
"  3";"  3";"100.00";" 4.687";"uhd";"3.038664e-02"
"  3";"  3";"100.00";" 4.687";"waterway";"3.038664e-02"
"  3";"  3";"100.00";" 4.687";"ride";"3.038664e-02"
"  3";"  3";"100.00";" 4.687";"heartstone";"3.038664e-02"
"  3";"  3";"100.00";" 4.687";"fae";"3.038664e-02"
"  3";"  3";"100.00";" 4.687";"mark";"3.038664e-02"
"  3";"  3";"100.00";" 4.687";"human";"3.038664e-02"
"  3";"  3";"100.00";" 4.687";"rust";"3.038664e-02"
"  3";"  3";"100.00";" 4.687";"air";"3.038664e-02"
"  3";"  3";"100.00";" 4.687";"romanticism";"3.038664e-02"
"  3";"  3";"100.00";" 4.687";"levitan";"3.038664e-02"
"  3";"  3";"100.00";" 4.687";"dishonor";"3.038664e-02"
"  3";"  3";"100.00";" 4.687";"pond";"3.038664e-02"
"  3";"  3";"100.00";" 4.687";"computer";"3.038664e-02"
"  3";"  3";"100.00";" 4.687";"channel";"3.038664e-02"
"  3";"  3";"100.00";" 4.687";"impose";"3.038664e-02"
"  3";"  3";"100.00";" 4.687";"rocha";"3.038664e-02"
"  3";"  3";"100.00";" 4.687";"purple";"3.038664e-02"
"  3";"  3";"100.00";" 4.687";"paick";"3.038664e-02"
"  3";"  3";"100.00";" 4.687";"lava";"3.038664e-02"
"  3";"  3";"100.00";" 4.687";"hole";"3.038664e-02"
"  3";"  3";"100.00";" 4.687";"explosion";"3.038664e-02"
"  3";"  3";"100.00";" 4.687";"element";"3.038664e-02"
"  3";"  3";"100.00";" 4.687";"courbet";"3.038664e-02"
"  3";"  3";"100.00";" 4.687";"apocalypse";"3.038664e-02"
"  3";"  3";"100.00";" 4.687";"width";"3.038664e-02"
"  3";"  3";"100.00";" 4.687";"whelan";"3.038664e-02"
"  3";"  3";"100.00";" 4.687";"wayne";"3.038664e-02"
"  3";"  3";"100.00";" 4.687";"warn";"3.038664e-02"
"  3";"  3";"100.00";" 4.687";"vibrante";"3.038664e-02"
"  3";"  3";"100.00";" 4.687";"vasnetsov";"3.038664e-02"
"  3";"  3";"100.00";" 4.687";"ureal";"3.038664e-02"
"  3";"  3";"100.00";" 4.687";"ukranian";"3.038664e-02"
"  3";"  3";"100.00";" 4.687";"ue5";"3.038664e-02"
"  3";"  3";"100.00";" 4.687";"staircase";"3.038664e-02"
"  3";"  3";"100.00";" 4.687";"somber";"3.038664e-02"
"  3";"  3";"100.00";" 4.687";"shishkin";"3.038664e-02"
"  3";"  3";"100.00";" 4.687";"sewage";"3.038664e-02"
"  3";"  3";"100.00";" 4.687";"set";"3.038664e-02"
"  3";"  3";"100.00";" 4.687";"ryan";"3.038664e-02"
"  3";"  3";"100.00";" 4.687";"ruysch";"3.038664e-02"
"  3";"  3";"100.00";" 4.687";"rubinkowski";"3.038664e-02"
"  3";"  3";"100.00";" 4.687";"rtx";"3.038664e-02"
"  3";"  3";"100.00";" 4.687";"rich";"3.038664e-02"
"  3";"  3";"100.00";" 4.687";"rachel";"3.038664e-02"
"  3";"  3";"100.00";" 4.687";"pub";"3.038664e-02"
"  3";"  3";"100.00";" 4.687";"portsmouth";"3.038664e-02"
"  3";"  3";"100.00";" 4.687";"poke";"3.038664e-02"
"  3";"  3";"100.00";" 4.687";"pascal";"3.038664e-02"
"  3";"  3";"100.00";" 4.687";"overhead";"3.038664e-02"
"  3";"  3";"100.00";" 4.687";"odessa";"3.038664e-02"
"  3";"  3";"100.00";" 4.687";"noise";"3.038664e-02"
"  3";"  3";"100.00";" 4.687";"nazi";"3.038664e-02"
"  3";"  3";"100.00";" 4.687";"nature";"3.038664e-02"
"  3";"  3";"100.00";" 4.687";"nag";"3.038664e-02"
"  3";"  3";"100.00";" 4.687";"musty";"3.038664e-02"
"  3";"  3";"100.00";" 4.687";"motherboard";"3.038664e-02"
"  3";"  3";"100.00";" 4.687";"moss";"3.038664e-02"
"  3";"  3";"100.00";" 4.687";"moonlight";"3.038664e-02"
"  3";"  3";"100.00";" 4.687";"mood";"3.038664e-02"
"  3";"  3";"100.00";" 4.687";"monastery";"3.038664e-02"
"  3";"  3";"100.00";" 4.687";"miniature";"3.038664e-02"
"  3";"  3";"100.00";" 4.687";"marcin";"3.038664e-02"
"  3";"  3";"100.00";" 4.687";"malevolent";"3.038664e-02"
"  3";"  3";"100.00";" 4.687";"lumen";"3.038664e-02"
"  3";"  3";"100.00";" 4.687";"lisa";"3.038664e-02"
"  3";"  3";"100.00";" 4.687";"liberty";"3.038664e-02"
"  3";"  3";"100.00";" 4.687";"jungle";"3.038664e-02"
"  3";"  3";"100.00";" 4.687";"joy";"3.038664e-02"
"  3";"  3";"100.00";" 4.687";"international";"3.038664e-02"
"  3";"  3";"100.00";" 4.687";"interest";"3.038664e-02"
"  3";"  3";"100.00";" 4.687";"imperious";"3.038664e-02"
"  3";"  3";"100.00";" 4.687";"illuminate";"3.038664e-02"
"  3";"  3";"100.00";" 4.687";"horizon";"3.038664e-02"
"  3";"  3";"100.00";" 4.687";"hilly";"3.038664e-02"
"  3";"  3";"100.00";" 4.687";"higer";"3.038664e-02"
"  3";"  3";"100.00";" 4.687";"heem";"3.038664e-02"
"  3";"  3";"100.00";" 4.687";"hazy";"3.038664e-02"
"  3";"  3";"100.00";" 4.687";"hampshire";"3.038664e-02"
"  3";"  3";"100.00";" 4.687";"halle";"3.038664e-02"
"  3";"  3";"100.00";" 4.687";"gustav";"3.038664e-02"
"  3";"  3";"100.00";" 4.687";"grotesque";"3.038664e-02"
"  3";"  3";"100.00";" 4.687";"grimdark";"3.038664e-02"
"  3";"  3";"100.00";" 4.687";"girod";"3.038664e-02"
"  3";"  3";"100.00";" 4.687";"giacomo";"3.038664e-02"
"  3";"  3";"100.00";" 4.687";"gdansk";"3.038664e-02"
"  3";"  3";"100.00";" 4.687";"frederic";"3.038664e-02"
"  3";"  3";"100.00";" 4.687";"figurine";"3.038664e-02"
"  3";"  3";"100.00";" 4.687";"even";"3.038664e-02"
"  3";"  3";"100.00";" 4.687";"edwin";"3.038664e-02"
"  3";"  3";"100.00";" 4.687";"early";"3.038664e-02"
"  3";"  3";"100.00";" 4.687";"dimly";"3.038664e-02"
"  3";"  3";"100.00";" 4.687";"dim";"3.038664e-02"
"  3";"  3";"100.00";" 4.687";"decorate";"3.038664e-02"
"  3";"  3";"100.00";" 4.687";"dean";"3.038664e-02"
"  3";"  3";"100.00";" 4.687";"davidsz";"3.038664e-02"
"  3";"  3";"100.00";" 4.687";"cumulonimbus";"3.038664e-02"
"  3";"  3";"100.00";" 4.687";"count";"3.038664e-02"
"  3";"  3";"100.00";" 4.687";"cool";"3.038664e-02"
"  3";"  3";"100.00";" 4.687";"concrete";"3.038664e-02"
"  3";"  3";"100.00";" 4.687";"complimentary";"3.038664e-02"
"  3";"  3";"100.00";" 4.687";"circuit";"3.038664e-02"
"  3";"  3";"100.00";" 4.687";"central";"3.038664e-02"
"  3";"  3";"100.00";" 4.687";"cast";"3.038664e-02"
"  3";"  3";"100.00";" 4.687";"cartoony";"3.038664e-02"
"  3";"  3";"100.00";" 4.687";"burattini";"3.038664e-02"
"  3";"  3";"100.00";" 4.687";"bologna";"3.038664e-02"
"  3";"  3";"100.00";" 4.687";"ayan";"3.038664e-02"
"  3";"  3";"100.00";" 4.687";"animate";"3.038664e-02"
"  3";"  3";"100.00";" 4.687";"alienate";"3.038664e-02"
"  3";"  3";"100.00";" 4.687";"aivazovski";"3.038664e-02"
"  3";"  3";"100.00";" 4.687";"adrien";"3.038664e-02"
" 13";" 21";" 61.90";" 4.662";"island";"3.083341e-02"
" 14";" 23";" 60.87";" 4.660";"canvas";"3.087652e-02"
" 14";" 23";" 60.87";" 4.660";"extreme";"3.087652e-02"
"  6";"  8";" 75.00";" 4.360";"fight";"3.678253e-02"
" 20";" 36";" 55.56";" 4.207";"quality";"4.026370e-02"
"  7";" 10";" 70.00";" 4.044";"side";"4.432056e-02"
"  7";" 10";" 70.00";" 4.044";"lisbon";"4.432056e-02"
" 24";" 45";" 53.33";" 3.960";"large";"4.660128e-02"
" 37";" 74";" 50.00";" 3.899";"architecture";"4.832912e-02"
"  8";" 12";" 66.67";" 3.868";"germany";"4.920180e-02"
" 15";" 26";" 57.69";" 3.851";"cathedral";"4.970192e-02"
"  4";"  5";" 80.00";" 3.530";"rozalski";"6.027754e-02"
"  4";"  5";" 80.00";" 3.530";"jakub";"6.027754e-02"
"  4";"  5";" 80.00";" 3.530";"hell";"6.027754e-02"
"  4";"  5";" 80.00";" 3.530";"illumination";"6.027754e-02"
"  4";"  5";" 80.00";" 3.530";"cosmic";"6.027754e-02"
"  4";"  5";" 80.00";" 3.530";"isometric";"6.027754e-02"
"  4";"  5";" 80.00";" 3.530";"michael";"6.027754e-02"
"  4";"  5";" 80.00";" 3.530";"sketch";"6.027754e-02"
"  4";"  5";" 80.00";" 3.530";"rainy";"6.027754e-02"
"  4";"  5";" 80.00";" 3.530";"lose";"6.027754e-02"
"  4";"  5";" 80.00";" 3.530";"haunt";"6.027754e-02"
"  4";"  5";" 80.00";" 3.530";"establish";"6.027754e-02"
"  4";"  5";" 80.00";" 3.530";"direct";"6.027754e-02"
"  4";"  5";" 80.00";" 3.530";"diffuse";"6.027754e-02"
"  4";"  5";" 80.00";" 3.530";"demon";"6.027754e-02"
"  4";"  5";" 80.00";" 3.530";"charles";"6.027754e-02"
"  4";"  5";" 80.00";" 3.530";"bustle";"6.027754e-02"
"  4";"  5";" 80.00";" 3.530";"british";"6.027754e-02"
"  4";"  5";" 80.00";" 3.530";"beach";"6.027754e-02"
"  5";"  7";" 71.43";" 3.093";"heavy";"7.865091e-02"
"  5";"  7";" 71.43";" 3.093";"behance";"7.865091e-02"
"  5";"  7";" 71.43";" 3.093";"tile";"7.865091e-02"
"  5";"  7";" 71.43";" 3.093";"robot";"7.865091e-02"
"  5";"  7";" 71.43";" 3.093";"mysterious";"7.865091e-02"
"  5";"  7";" 71.43";" 3.093";"foliage";"7.865091e-02"
" 14";" 25";" 56.00";" 3.059";"distance";"8.030134e-02"
" 12";" 21";" 57.14";" 2.920";"canal";"8.746807e-02"
" 12";" 21";" 57.14";" 2.920";"photograph";"8.746807e-02"
"  6";"  9";" 66.67";" 2.896";"desert";"8.881638e-02"
"  6";"  9";" 66.67";" 2.896";"bloodborne";"8.881638e-02"
"  6";"  9";" 66.67";" 2.896";"drone";"8.881638e-02"
" 10";" 17";" 58.82";" 2.817";"abandon";"9.327503e-02"
"  7";" 11";" 63.64";" 2.808";"eye";"9.378308e-02"
"  7";" 11";" 63.64";" 2.808";"year";"9.378308e-02"
"  9";" 15";" 60.00";" 2.787";"wes";"9.504437e-02"
"  9";" 15";" 60.00";" 2.787";"anderson";"9.504437e-02"
"  8";" 13";" 61.54";" 2.780";"mumford";"9.546370e-02"
"  8";" 13";" 61.54";" 2.780";"dan";"9.546370e-02"
" 26";" 52";" 50.00";" 2.699";"tree";"1.003934e-01"
" 12";" 22";" 54.55";" 2.245";"field";"1.340789e-01"
"  3";"  4";" 75.00";" 2.175";"life";"1.403070e-01"
"  3";"  4";" 75.00";" 2.175";"market";"1.403070e-01"
"  3";"  4";" 75.00";" 2.175";"magnificent";"1.403070e-01"
"  3";"  4";" 75.00";" 2.175";"robert";"1.403070e-01"
"  3";"  4";" 75.00";" 2.175";"school";"1.403070e-01"
"  3";"  4";" 75.00";" 2.175";"galaxy";"1.403070e-01"
"  3";"  4";" 75.00";" 2.175";"engrave";"1.403070e-01"
"  3";"  4";" 75.00";" 2.175";"andreas";"1.403070e-01"
"  3";"  4";" 75.00";" 2.175";"silhouette";"1.403070e-01"
"  3";"  4";" 75.00";" 2.175";"mute";"1.403070e-01"
"  3";"  4";" 75.00";" 2.175";"monster";"1.403070e-01"
"  3";"  4";" 75.00";" 2.175";"italy";"1.403070e-01"
"  3";"  4";" 75.00";" 2.175";"highlight";"1.403070e-01"
"  3";"  4";" 75.00";" 2.175";"georgian";"1.403070e-01"
"  3";"  4";" 75.00";" 2.175";"frog";"1.403070e-01"
"  3";"  4";" 75.00";" 2.175";"cute";"1.403070e-01"
"  3";"  4";" 75.00";" 2.175";"alley";"1.403070e-01"
" 11";" 20";" 55.00";" 2.159";"warm";"1.417006e-01"
" 11";" 20";" 55.00";" 2.159";"cyberpunk";"1.417006e-01"
" 11";" 20";" 55.00";" 2.159";"spire";"1.417006e-01"
" 11";" 20";" 55.00";" 2.159";"distant";"1.417006e-01"
" 24";" 49";" 48.98";" 2.087";"person";"1.486002e-01"
"  9";" 16";" 56.25";" 2.004";"cozy";"1.568790e-01"
"*****";"*";"*";"*";"*";"*"
" 50";" 69";" 72.46";"33.824";"5";"6.033728e-09"
" 29";" 38";" 76.32";"22.698";"is";"1.895348e-06"
"224";"466";" 48.07";"22.651";"in";"1.942321e-06"
" 25";" 33";" 75.76";"19.062";"over";"1.265233e-05"
" 13";" 15";" 86.67";"14.413";"many";"1.467826e-04"
"267";"594";" 44.95";"13.972";"the";"1.855680e-04"
"  8";"  8";"100.00";"12.540";"several";"3.983476e-04"
" 58";"108";" 53.70";"10.440";"an";"1.233098e-03"
"  6";"  6";"100.00";" 9.393";"below";"2.178427e-03"
" 21";" 33";" 63.64";" 8.547";"1";"3.461453e-03"
" 27";" 45";" 60.00";" 8.527";"0";"3.499323e-03"
"  7";"  8";" 87.50";" 7.922";"next";"4.882691e-03"
"  5";"  5";"100.00";" 7.822";"two";"5.160701e-03"
"  5";"  5";"100.00";" 7.822";"while";"5.160701e-03"
"  5";"  5";"100.00";" 7.822";"really";"5.160701e-03"
"  5";"  5";"100.00";" 7.822";"looks";"5.160701e-03"
"347";"824";" 42.11";" 6.825";"of";"8.989672e-03"
"  6";"  7";" 85.71";" 6.426";"other";"1.124534e-02"
"  4";"  4";"100.00";" 6.254";"towards";"1.239305e-02"
"  4";"  4";"100.00";" 6.254";"so";"1.239305e-02"
" 10";" 14";" 71.43";" 6.213";"that";"1.267946e-02"
" 10";" 14";" 71.43";" 6.213";"being";"1.267946e-02"
" 13";" 20";" 65.00";" 5.722";"into";"1.675484e-02"
" 17";" 28";" 60.71";" 5.611";"make";"1.785170e-02"
" 47";" 93";" 50.54";" 5.464";"4";"1.941570e-02"
"  3";"  3";"100.00";" 4.687";"novel";"3.038664e-02"
"  3";"  3";"100.00";" 4.687";"most";"3.038664e-02"
"  3";"  3";"100.00";" 4.687";"h";"3.038664e-02"
"  3";"  3";"100.00";" 4.687";"about";"3.038664e-02"
"  3";"  3";"100.00";" 4.687";"672";"3.038664e-02"
"  3";"  3";"100.00";" 4.687";"1680";"3.038664e-02"
"  4";"  5";" 80.00";" 3.530";"outside";"6.027754e-02"
"  5";"  7";" 71.43";" 3.093";"7";"7.865091e-02"
"  5";"  7";" 71.43";" 3.093";"its";"7.865091e-02"
"  5";"  7";" 71.43";" 3.093";"has";"7.865091e-02"
"  6";"  9";" 66.67";" 2.896";"6";"8.881638e-02"
" 11";" 19";" 57.89";" 2.863";"like";"9.064203e-02"
"  3";"  4";" 75.00";" 2.175";"th";"1.403070e-01"
"  3";"  4";" 75.00";" 2.175";"far";"1.403070e-01"
"*";"*";"*";"*";"*";"*"
