detail;0;44;16;47;30;14;27;52;20;18;29;67;21;65;31;34;19;96;14
art;43;2;11;37;8;17;29;25;9;13;22;37;21;41;28;33;15;110;3
paint;6;36;12;46;4;27;32;33;14;8;19;41;19;51;24;36;8;107;2
artstation;59;13;0;46;0;39;2;13;12;10;19;47;14;50;27;85;22;104;3
light;22;47;22;0;0;15;20;12;10;13;23;38;2;38;22;92;11;25;0
highly;0;5;0;46;26;7;1;19;11;11;11;12;18;33;15;6;6;94;2
concept;43;0;4;37;0;9;1;17;0;4;10;14;20;23;13;22;14;102;8
city;25;1;7;1;4;16;24;43;7;10;22;25;0;66;25;8;1;45;1
greg;25;0;0;33;0;22;36;7;4;6;11;24;23;30;15;38;10;31;0
digital;12;0;1;37;8;12;0;4;4;4;12;23;21;31;18;32;7;102;2
rutkowski;5;0;0;2;0;22;36;6;3;6;10;24;23;24;14;38;10;37;0
trend;36;13;0;46;0;30;1;9;6;9;16;33;0;29;20;27;14;4;6
beautiful;61;0;18;10;0;28;7;9;5;14;10;16;7;35;7;19;4;15;1
cinematic;0;29;0;1;26;1;12;11;5;4;17;23;5;24;9;25;15;9;0
medieval;64;0;4;0;31;26;12;33;0;0;2;9;0;17;16;8;1;8;4
render;0;6;0;36;24;6;12;6;5;9;13;33;0;21;12;9;7;0;1
illustration;43;0;2;0;0;2;0;13;0;5;2;8;20;16;3;5;4;88;4
high;0;47;0;0;4;7;4;15;2;8;19;23;3;24;11;13;13;0;5
intricate;0;0;0;31;0;9;1;3;3;8;7;14;14;23;5;11;0;72;1
fantasy;0;0;0;0;0;0;12;26;8;2;2;13;14;48;20;4;2;4;20
octane;0;6;0;36;26;3;9;5;5;9;13;28;0;24;11;10;6;6;0
sharp;0;0;3;0;0;0;7;3;8;5;2;11;22;16;8;7;4;88;0
view;0;34;12;0;0;7;24;11;3;1;9;6;0;5;11;11;2;49;4
focus;0;0;0;0;0;0;0;4;8;3;2;11;22;15;7;7;4;88;0
color;38;18;1;0;0;10;0;8;1;2;4;13;1;8;6;8;8;40;6
realistic;0;1;0;0;8;16;0;15;5;5;1;46;1;21;12;0;7;5;7
street;0;24;6;0;0;23;11;14;2;4;4;6;0;3;14;9;2;8;0
town;0;0;0;33;30;17;16;9;1;0;1;13;2;8;2;5;2;9;0
matte;0;0;1;37;0;0;23;3;2;1;2;10;14;13;3;4;1;7;1
engine;0;0;0;36;0;15;12;5;4;4;5;23;5;18;14;1;5;1;0
unreal;0;0;0;36;0;15;12;5;4;4;6;23;5;15;15;1;5;1;0
volumetric;22;0;0;0;0;0;5;4;4;2;9;8;1;10;10;66;0;11;0
map;17;0;0;0;0;0;6;3;0;2;2;1;2;2;1;2;0;1;104
style;0;0;2;0;0;8;0;13;2;8;14;31;0;16;7;12;0;2;11
tower;0;21;0;0;0;0;4;11;5;3;1;4;3;13;3;14;32;0;0
sky;0;0;0;1;1;15;0;6;3;5;1;6;0;13;8;8;0;37;0
masterpiece;0;47;0;1;0;11;17;1;0;3;6;6;0;8;9;1;0;0;1
mucha;5;0;0;0;0;0;12;0;0;0;0;1;20;1;0;0;4;76;0
8k;0;2;0;0;0;0;3;8;3;2;5;18;0;11;2;46;12;1;1
village;37;0;10;11;4;9;5;8;4;0;1;5;0;3;3;6;0;3;0
artgerm;28;0;0;1;0;7;3;2;0;0;1;6;19;7;3;3;4;29;0
alphonse;5;0;0;0;0;0;12;0;0;0;0;1;20;1;0;0;4;74;0
mountain;1;0;0;0;30;14;2;8;1;0;0;7;0;12;8;5;0;1;5
river;0;0;0;0;4;17;4;14;0;0;1;8;0;3;1;10;1;44;0
hd;0;0;10;0;26;0;0;5;0;1;2;8;5;3;3;18;17;0;3
ultra;0;0;0;0;26;0;19;1;0;3;3;17;0;5;2;25;0;0;0
castle;1;0;0;0;0;9;2;48;1;2;0;5;0;9;8;2;1;7;0
hyper;0;0;0;0;8;5;0;11;0;3;0;32;1;13;9;0;6;0;0
atmosphere;51;0;0;0;0;0;0;0;0;3;5;6;2;5;4;12;3;0;0
elegant;0;0;0;0;0;0;0;8;0;0;0;1;14;4;2;2;0;70;0
cgsociety;0;0;0;0;0;0;0;2;0;0;0;3;0;5;6;63;5;0;0
bridge;43;0;11;0;0;4;0;5;0;0;0;1;0;2;2;0;0;0;0
smooth;0;0;4;1;0;0;0;1;0;0;2;3;14;12;1;1;4;55;0
hyperdetailed;0;0;0;0;0;0;13;1;2;0;0;3;0;5;2;54;4;0;0
landscape;16;0;6;0;0;0;0;10;1;4;6;8;0;35;1;0;0;0;0
james;13;19;0;0;0;31;2;1;5;1;0;12;0;10;7;3;0;0;0
oil;6;0;0;0;0;0;0;4;0;0;7;11;0;14;6;1;0;4;0
night;0;2;7;6;5;0;0;0;3;5;1;9;0;3;9;5;5;34;0
dramatic;0;0;0;0;0;0;7;2;0;0;1;9;0;5;7;27;9;0;0
rain;43;0;0;0;26;1;0;7;2;0;0;3;0;0;1;1;0;8;0
photorealistic;0;7;0;0;8;0;16;8;3;2;6;6;0;8;2;8;13;2;1
contrast;0;52;10;0;0;0;0;0;0;0;1;4;0;3;1;2;0;0;0
sunny;0;27;0;33;0;4;4;0;0;0;0;3;0;4;4;10;0;2;0
gothic;0;3;0;0;0;0;9;6;1;3;3;6;0;8;6;31;0;0;0
composition;0;45;0;0;0;0;0;0;0;0;8;10;0;5;4;4;0;4;1
ancient;0;26;3;1;0;0;1;6;4;1;1;4;1;6;4;4;0;22;6
background;17;0;6;0;0;13;0;10;2;0;0;3;1;6;7;7;0;2;3
small;2;0;4;2;0;21;4;2;0;0;1;7;0;4;7;9;2;2;0
full;0;31;0;0;0;0;0;1;0;4;3;0;4;0;1;0;0;32;4
dark;0;25;0;0;0;4;2;10;4;0;4;4;0;10;8;1;3;0;0
flower;58;0;0;0;0;0;1;1;1;0;0;0;0;1;1;2;0;0;0
stone;0;0;3;0;0;5;0;18;0;0;0;12;0;3;19;0;1;0;0
paris;4;0;0;0;0;0;0;0;0;0;3;4;0;8;2;7;6;37;0
photo;0;2;0;0;0;19;3;4;1;2;2;1;1;6;5;16;1;0;3
architecture;0;3;1;0;0;9;20;4;4;0;1;6;0;13;4;0;0;1;0
epic;0;0;1;0;0;0;1;0;3;1;0;10;0;28;0;3;0;3;0
building;0;0;0;6;0;4;0;15;0;1;1;4;0;18;10;6;0;0;0
shoot;15;0;0;7;0;0;7;1;1;2;1;3;13;7;2;2;0;2;0
wide;0;0;0;0;0;0;4;5;1;2;0;6;0;8;3;35;4;0;0
angle;0;0;0;0;0;0;0;2;1;0;1;4;0;2;3;40;4;0;0
vibrant;0;27;0;0;0;1;0;0;0;0;1;8;0;4;7;2;8;0;0
smoke;43;0;0;0;0;0;0;1;1;0;1;0;0;2;2;0;0;2;0
day;0;27;0;11;0;4;0;0;3;0;0;2;0;0;1;11;0;3;0
4k;0;0;0;0;0;0;0;1;4;2;4;17;0;2;4;4;0;5;3
thomas;5;0;2;0;0;1;6;1;3;1;0;2;0;1;10;0;0;9;0
world;0;3;0;0;0;0;0;1;0;1;1;1;0;1;0;0;3;1;27
water;2;0;4;0;0;0;0;6;5;0;0;0;0;2;3;13;0;0;0
studio;0;0;16;9;0;0;7;1;0;2;2;5;0;4;3;1;0;0;0
soft;0;0;22;0;0;7;2;3;0;1;8;3;0;4;1;0;0;1;0
blue;7;0;0;1;0;0;1;3;4;0;0;5;16;7;0;12;0;2;0
victorian;0;0;0;37;0;0;0;0;0;1;4;5;0;5;3;4;0;0;0
tree;0;0;0;2;0;15;0;5;3;0;1;1;0;4;10;7;0;2;0
person;4;0;0;0;0;11;1;2;1;0;2;4;0;4;11;2;0;0;1
magical;0;0;0;37;0;0;0;0;1;0;1;1;3;4;2;0;0;0;2
flood;0;50;0;0;0;0;2;2;3;0;0;0;0;0;0;1;0;0;0
house;0;0;0;1;0;27;0;9;2;0;0;7;0;3;0;3;1;3;0
gurney;0;0;0;0;0;31;2;0;3;1;0;4;0;10;5;3;0;0;0
ghibli;0;0;16;9;0;0;7;1;0;3;2;4;0;2;2;1;0;0;0
build;0;0;0;0;0;0;4;2;3;2;0;3;0;15;12;2;0;1;0
win;0;12;0;0;0;0;12;0;0;1;6;9;0;3;3;0;0;0;0
simonetti;33;0;0;0;0;0;10;1;1;0;0;4;0;4;1;3;0;0;0
ornate;51;0;2;0;0;0;0;0;0;0;0;0;0;4;0;0;0;0;1
marc;33;0;0;0;0;0;10;1;1;0;0;4;0;4;1;3;0;0;0
inspire;0;0;1;37;0;0;8;1;0;3;1;3;0;1;1;0;0;0;0
krenz;0;0;0;0;0;0;1;0;0;0;0;0;0;0;0;5;0;51;0
forest;43;0;0;0;1;4;0;0;2;0;0;1;0;3;0;1;0;1;1
cushart;0;0;0;0;0;0;1;0;0;0;0;0;0;0;0;5;0;51;0
shadow;0;28;10;0;0;0;0;1;1;0;0;3;1;2;0;0;0;0;0
red;28;0;2;0;0;0;0;2;0;0;0;1;1;3;1;0;0;4;0
award;0;12;0;0;0;0;12;0;0;1;6;8;0;3;3;0;0;0;0
vibe;51;0;0;0;0;0;0;0;0;4;0;0;0;0;0;0;0;0;0
tall;0;0;7;7;0;4;5;19;2;3;0;2;0;1;2;0;0;0;0
glass;36;0;0;0;0;0;0;0;3;0;0;0;0;5;2;7;0;0;0
european;0;0;13;1;0;7;5;1;0;0;5;4;2;3;1;0;1;5;4
center;3;0;0;1;26;7;5;0;2;0;0;3;0;1;1;0;0;0;0
summer;0;0;0;0;0;38;0;0;2;3;0;0;0;1;2;0;0;0;0
mist;43;0;0;0;0;0;0;0;3;0;1;0;0;2;2;0;0;0;0
great;0;43;0;0;0;0;0;0;0;0;1;3;0;2;3;0;0;0;0
wlop;22;0;0;0;0;0;0;0;0;0;2;7;5;3;1;6;4;2;0
surround;0;0;1;0;27;0;0;5;0;0;0;4;0;4;3;3;0;0;0
ray;0;0;0;0;0;3;0;1;0;3;0;5;0;20;9;0;0;0;0
jean;13;0;0;0;0;0;0;1;0;0;0;7;1;0;2;3;0;0;0
hyperrealistic;0;2;0;0;0;0;0;0;2;6;2;1;0;9;2;1;0;0;3
bright;0;0;0;0;0;0;0;0;0;0;6;2;1;13;5;0;0;0;0
amsterdam;0;0;0;38;0;0;0;0;0;0;0;7;0;0;0;0;0;1;0
valley;0;0;5;0;34;0;0;3;0;0;0;0;0;1;1;0;0;0;0
resolution;0;0;0;0;0;0;0;1;1;3;9;10;5;6;0;4;4;0;1
lush;42;0;1;0;0;0;0;0;1;0;0;0;0;1;0;0;0;0;0
demura;0;0;0;0;0;0;0;0;0;0;0;0;0;0;0;0;0;50;0
artem;0;0;0;0;0;0;0;0;0;0;0;0;0;0;0;0;0;50;0
magritte;0;47;0;0;0;0;0;0;0;0;0;2;0;0;0;0;0;0;0
green;36;0;0;0;0;0;0;3;0;0;0;2;0;0;0;8;0;0;0
chimney;43;0;0;0;0;0;0;0;0;0;0;0;0;1;5;0;0;0;0
ice;42;0;0;0;0;0;0;1;0;1;0;0;0;3;0;0;0;0;0
flag;0;0;2;0;0;0;0;3;0;1;0;1;22;0;1;0;0;8;1
eternal;0;0;0;0;0;0;0;0;0;0;0;0;0;5;0;0;0;0;0
eiffel;0;0;0;0;0;0;0;1;0;0;0;0;0;5;0;2;31;0;0
anime;0;1;18;0;0;1;7;3;1;0;1;2;0;4;1;0;0;2;0
white;4;1;0;0;0;0;1;2;2;0;0;4;1;10;2;0;0;1;3
wet;42;0;0;0;0;0;0;0;3;0;0;1;0;0;1;0;0;0;0
quality;0;0;0;0;4;0;0;0;3;0;9;3;7;2;1;0;4;0;5
large;1;0;0;0;0;12;0;8;2;0;0;2;0;6;5;1;0;3;2
colorful;2;22;0;1;0;0;0;0;0;0;0;5;0;2;7;0;0;0;1
waterfall;37;0;0;0;0;0;0;0;0;0;0;1;0;5;2;0;0;0;0
realism;0;0;4;4;8;0;0;1;0;0;1;9;0;5;1;0;0;0;0
pristine;43;0;0;0;0;0;0;0;0;1;2;0;0;0;0;0;0;0;0
cloud;0;0;0;0;0;0;2;5;0;0;0;1;1;18;10;3;0;0;0
vivid;0;4;0;0;0;0;0;1;0;1;7;4;0;2;1;12;0;0;0
spitzweg;0;44;0;0;0;0;0;0;1;0;0;0;0;0;0;0;0;0;0
snow;43;0;0;0;0;0;0;0;0;0;0;0;0;0;2;0;0;0;0
rene;0;44;0;0;0;0;0;0;0;0;0;1;0;0;0;0;0;0;0
game;0;0;0;6;0;0;4;1;0;1;0;12;5;3;0;0;2;0;1
carl;0;41;0;0;0;0;0;0;1;0;0;0;0;1;0;0;0;0;0
simon;0;31;0;0;0;0;1;1;0;1;0;2;0;0;0;7;0;0;0
scene;0;0;0;0;0;4;0;1;0;3;0;1;0;3;2;19;0;1;0
roman;0;0;3;0;0;0;0;3;0;0;0;0;0;3;0;3;0;0;1
puddle;43;0;0;0;0;0;0;1;0;0;0;0;0;0;0;0;0;0;0
mullins;0;0;0;33;0;0;0;0;0;3;0;3;0;1;0;4;0;0;0
extremely;0;6;0;0;0;0;0;0;3;0;1;2;10;11;1;3;0;1;0
craig;0;0;0;33;0;0;0;0;0;3;0;3;0;1;0;4;0;0;0
aerial;0;0;0;0;0;0;34;1;1;0;0;0;0;1;0;0;0;2;0
photography;0;0;0;0;0;0;26;1;0;1;7;0;0;1;0;0;0;0;0
england;0;0;0;37;0;0;0;0;0;0;2;0;0;0;0;0;0;0;0
empty;0;24;0;0;0;0;0;1;2;1;0;0;0;0;3;4;0;0;1
sunset;0;0;5;0;0;15;1;0;2;0;3;1;0;5;0;7;0;0;0
page;38;0;0;0;0;0;0;0;0;0;0;0;0;0;0;0;0;0;0
melt;42;0;0;0;0;0;0;0;0;0;0;0;0;0;0;0;0;0;0
huge;0;0;0;0;0;0;0;3;0;0;0;2;11;1;11;8;0;0;0
drip;42;0;0;0;0;0;0;0;0;0;0;0;0;0;0;0;0;0;0
creek;42;0;0;0;0;0;0;0;0;0;0;0;0;0;0;0;0;0;0
lake;0;0;0;0;0;0;4;3;2;0;1;1;0;2;2;20;0;1;1
star;0;0;0;0;0;0;0;1;0;0;0;0;1;0;3;0;0;28;0
stalenhag;0;34;0;0;0;0;1;1;0;0;0;1;0;0;0;1;0;0;0
stain;36;0;0;0;0;0;0;0;1;0;0;0;0;1;0;0;0;0;0
shinkai;0;0;13;0;0;0;2;2;0;1;1;5;0;0;2;1;1;2;0
rossdraws;23;0;0;0;0;0;0;0;0;0;0;3;0;0;1;0;0;1;0
europe;0;0;0;0;0;0;0;1;0;0;1;1;0;0;0;0;0;0;30
yellow;18;0;0;0;0;0;0;0;0;0;2;0;14;0;0;2;0;2;0
tattoo;0;0;0;0;0;0;0;0;0;0;0;0;0;0;0;0;0;38;0
riabovitchev;35;0;0;0;0;0;0;0;0;0;0;2;0;0;1;0;0;0;0
prague;0;0;0;0;0;0;1;0;0;0;1;1;0;1;0;0;1;31;0
makoto;0;0;13;0;0;0;2;2;0;1;0;5;0;0;2;1;1;2;0
french;17;0;10;0;0;0;5;0;0;0;0;4;0;1;1;0;0;0;0
andrei;35;0;0;0;0;0;0;0;0;0;0;2;0;0;1;0;0;0;0
neo;0;0;0;0;0;0;0;0;0;0;0;0;0;0;0;31;0;0;0
garden;4;0;0;0;0;0;0;0;2;0;0;0;0;0;9;2;0;0;0
design;0;2;1;0;0;1;0;1;0;1;0;3;2;0;0;0;0;0;2
carcassonne;21;0;0;0;0;0;0;0;0;0;0;0;0;0;0;0;0;1;0
weather;0;0;0;24;0;0;0;0;0;0;0;3;0;2;3;0;0;0;4
wall;0;0;0;1;4;9;1;1;3;0;0;0;0;1;15;0;0;0;0
stand;2;0;0;0;0;0;0;5;3;0;0;1;20;2;0;0;0;0;0
rome;0;16;0;0;0;0;0;1;1;2;2;2;1;0;3;1;0;0;0
close;3;0;7;7;0;0;0;2;1;0;0;0;1;1;1;3;0;0;0
artwork;1;6;0;0;0;0;0;2;0;2;0;2;0;1;2;1;0;0;0
venice;0;0;0;0;0;0;0;1;1;0;2;0;0;0;0;3;0;28;0
symmetry;0;28;0;0;0;0;0;0;0;0;0;0;0;1;0;0;0;0;0
kinkade;0;0;0;0;0;0;6;1;1;1;1;1;0;0;10;0;0;1;0
giant;0;0;0;0;0;0;0;4;0;1;1;1;0;3;1;4;0;1;0
alp;2;0;0;0;4;0;4;0;0;0;1;1;0;0;0;13;0;1;0
stanley;28;0;0;0;0;0;0;0;0;0;0;0;0;0;1;0;0;1;0
ruin;0;1;1;1;0;0;0;0;1;0;0;0;4;0;9;0;1;2;0
futuristic;0;0;4;0;0;0;1;0;0;1;6;9;0;4;0;4;0;0;0
dynamic;0;0;0;0;0;0;0;4;0;0;4;3;0;5;1;1;0;0;0
black;0;3;0;1;0;0;3;2;4;0;0;4;0;2;1;0;0;1;4
road;2;14;0;0;0;1;0;2;0;0;0;1;0;1;4;0;0;0;0
lau;28;0;0;0;0;0;0;0;0;0;0;0;0;0;1;0;0;1;0
draw;0;0;0;0;0;0;0;1;0;3;1;0;0;4;0;0;4;0;9
cart;33;0;0;0;0;0;0;0;0;0;0;0;0;0;0;0;0;0;0
canal;0;0;0;0;0;0;0;0;4;0;1;3;0;1;3;0;0;0;0
super;0;0;1;0;0;0;0;0;0;0;1;1;18;1;1;0;4;0;0
rutkwowski;0;0;0;30;0;0;0;0;0;0;0;0;0;2;0;0;0;0;0
photograph;0;0;2;0;0;0;0;0;0;0;9;1;0;0;2;0;6;0;0
heavy;0;0;0;0;22;0;2;1;0;0;1;0;0;0;2;0;0;0;0
hdr;0;0;0;0;0;0;0;0;0;2;3;1;0;3;1;18;0;0;0
future;0;0;0;0;0;0;0;0;0;0;0;2;0;0;0;0;0;1;2
berlin;0;0;0;0;0;0;0;0;0;0;4;0;0;0;0;16;0;3;0
length;0;31;0;0;0;0;0;0;0;0;0;0;0;0;0;0;0;0;0
fountain;0;0;0;0;0;0;0;0;1;0;0;0;0;1;2;0;0;2;0
colour;0;0;0;0;0;0;0;2;0;4;10;2;0;0;1;0;0;3;0
watercolor;0;3;0;0;0;24;0;1;0;0;0;0;0;0;1;0;0;0;0
station;0;0;0;0;0;9;0;0;0;0;2;1;0;3;2;11;0;0;1
long;16;0;0;0;0;0;0;4;1;2;0;1;0;0;0;0;0;0;0
widescreen;0;0;0;0;26;0;0;0;0;0;0;0;0;1;0;0;0;0;0
frank;23;0;0;0;0;0;0;0;3;0;0;2;0;0;0;0;0;0;0
deviantart;0;0;0;0;0;0;0;0;1;1;1;2;0;1;1;3;0;0;0
cobblestone;0;0;0;0;0;1;8;0;0;0;1;0;0;0;6;0;0;0;0
cathedral;0;3;0;0;0;0;0;0;3;0;7;1;1;3;1;0;0;6;0
trace;0;0;0;0;0;0;0;0;0;3;3;4;0;12;6;0;0;0;0
syd;0;22;0;0;0;0;0;1;2;0;0;1;0;1;0;1;0;0;0
skyscraper;0;0;0;0;0;4;1;1;0;0;1;0;0;1;1;0;0;0;0
single;0;15;0;0;0;0;0;3;0;0;0;1;6;0;0;0;0;0;0
orange;27;0;0;0;0;0;0;0;0;0;0;0;0;0;0;0;0;0;0
late;0;0;0;0;26;0;0;0;0;0;0;0;0;1;1;0;0;0;0
grind;0;0;0;0;0;0;0;6;3;0;0;1;0;0;2;0;0;0;0
grim;0;0;0;0;0;0;0;0;0;0;3;0;0;1;0;17;0;3;0
golden;0;0;1;0;0;0;3;0;0;0;0;2;1;2;3;3;0;0;0
arch;0;19;0;0;0;0;0;3;0;0;0;1;0;0;2;0;0;0;0
soldier;0;0;1;0;0;0;0;1;0;0;0;0;18;0;0;0;0;3;0
serene;0;0;12;0;0;0;0;1;0;0;3;1;0;3;0;0;0;0;0
rockwell;2;19;0;0;0;0;0;0;0;0;0;0;0;0;1;0;0;0;0
resemble;0;0;0;0;0;0;0;0;0;0;0;0;0;0;0;0;0;27;0
poor;0;0;0;0;26;0;0;0;0;0;0;0;0;0;0;0;0;0;0
peter;0;0;0;0;0;0;0;1;2;1;0;0;0;2;0;8;12;0;0
norman;2;19;0;0;0;0;0;0;0;0;0;0;0;0;1;0;0;0;0
mead;0;22;0;0;0;0;0;1;2;0;0;0;0;1;0;1;0;0;0
dawn;0;0;0;0;25;0;0;0;0;0;0;0;0;1;1;0;0;0;0
3d;0;2;0;0;0;0;0;0;3;0;0;10;0;1;3;0;4;0;3
warm;0;0;0;0;0;0;0;0;1;0;3;0;0;3;1;8;0;0;1
nouveau;0;0;0;0;0;0;0;1;3;0;1;0;0;2;1;1;0;2;0
kingdom;0;0;3;0;0;0;0;3;0;1;0;0;0;0;0;0;0;0;4
distance;2;1;4;1;0;0;0;3;2;0;0;6;3;0;1;0;0;0;0
ultrawide;0;0;0;0;0;0;13;0;0;0;0;0;0;0;0;0;0;0;0
photorealism;0;0;0;0;0;0;0;0;0;0;0;1;5;2;3;0;5;0;0
perfect;0;2;10;0;0;1;0;1;0;1;4;0;0;0;0;0;0;0;0
marble;0;0;0;0;0;0;0;4;2;0;0;0;0;6;0;0;0;0;0
jordan;0;0;0;0;0;0;1;0;0;0;3;0;0;0;0;17;0;0;0
hopper;0;20;0;0;0;0;0;0;0;0;0;4;0;0;0;0;0;0;0
scenery;0;0;12;0;0;0;0;5;0;1;0;2;0;1;1;1;0;0;0
palace;0;0;0;0;0;0;2;0;0;0;0;0;0;0;0;4;0;0;0
middle;0;0;0;0;0;0;12;2;0;0;1;0;0;1;0;1;0;0;4
island;0;0;0;0;0;0;2;0;0;3;0;8;0;2;0;0;0;0;6
image;1;0;0;0;0;0;0;1;0;2;1;3;1;3;0;0;0;0;1
frazetta;23;0;0;0;0;0;0;0;0;0;0;1;0;0;0;0;0;0;0
field;3;0;0;0;1;0;7;0;0;0;0;8;0;0;2;0;0;0;0
edward;0;20;0;0;0;0;0;0;0;0;0;3;0;0;0;0;0;0;0
crowd;0;0;0;0;0;0;0;10;0;0;2;1;0;0;3;0;0;3;0
coherent;0;23;0;0;0;0;0;1;0;0;0;0;0;0;0;0;0;0;0
canvas;0;0;0;0;0;0;0;0;0;0;1;7;0;0;3;0;0;0;0
artist;0;0;0;0;0;1;0;0;0;0;0;0;0;0;0;0;0;0;7
tranding;23;0;0;0;0;0;0;0;0;0;0;0;0;0;0;0;0;0;0
sunbeam;22;0;0;0;0;0;0;0;0;0;0;0;0;1;0;0;0;0;0
square;0;0;0;0;0;0;6;5;1;0;1;0;0;0;0;0;0;2;0
mystical;0;0;0;0;0;0;0;1;0;0;2;0;0;0;0;2;0;0;0
movie;0;0;0;0;0;0;0;0;0;4;0;7;1;2;1;1;0;1;0
kuvshinov;0;0;0;0;0;0;0;0;0;0;0;0;0;0;1;5;0;1;0
ilya;0;0;0;0;0;0;0;0;0;0;0;0;0;0;1;5;0;1;0
god;0;0;0;0;0;0;1;0;0;0;0;2;0;9;2;0;0;0;0
extreme;0;0;0;0;0;0;0;0;3;3;0;0;5;0;0;0;4;0;0
dome;0;0;0;0;0;0;0;0;0;0;0;0;0;0;2;9;0;1;0
cyberpunk;0;3;0;0;0;0;0;0;1;3;1;5;0;0;1;0;0;0;0
church;0;0;0;0;0;0;7;0;2;0;0;1;3;2;0;2;0;0;0
walk;0;0;0;0;0;11;1;0;1;0;0;1;0;1;4;0;0;2;0
tom;0;0;0;0;0;0;2;0;0;0;0;0;0;0;0;0;0;4;0
texture;0;0;3;0;0;0;1;0;0;0;0;4;0;2;4;1;0;0;0
shop;0;0;3;0;0;0;0;10;0;1;0;0;0;0;4;0;0;0;0
rozalski;0;0;0;0;0;0;0;2;2;0;0;0;0;0;0;0;0;1;0
professional;0;0;0;0;0;0;1;0;0;0;1;3;6;5;0;0;4;0;2
perspective;0;2;12;0;0;0;1;0;0;0;0;6;0;0;1;0;0;0;0
particle;22;0;0;0;0;0;0;0;0;0;0;0;0;0;0;0;0;0;0
low;0;0;10;0;0;0;0;1;0;0;2;0;0;2;3;4;0;0;0
life;0;0;0;0;0;0;0;0;0;1;0;2;0;0;0;1;0;0;0
lens;0;0;0;0;0;0;0;0;0;5;0;4;0;0;0;8;0;0;0
land;0;0;0;0;0;0;0;0;0;0;0;2;3;3;0;0;1;1;7
jakub;0;0;0;0;0;0;0;2;2;0;0;0;0;0;0;0;0;1;0
clear;0;0;10;0;0;0;0;4;0;0;0;1;2;0;0;1;0;0;0
triumph;0;0;0;0;0;0;0;0;0;0;0;0;3;0;0;0;0;0;0
stun;0;0;1;0;0;0;0;0;5;0;1;0;0;8;2;2;0;0;0
rutowski;20;0;0;0;0;0;0;0;1;0;0;0;0;0;0;0;0;0;0
rembrandt;2;0;0;0;0;0;0;0;0;0;0;0;0;2;0;0;0;0;0
lead;0;14;0;0;0;0;0;0;2;3;1;0;0;0;0;0;0;0;0
john;0;0;0;0;0;1;0;1;1;0;0;3;0;0;0;0;0;4;0
inside;0;0;0;0;0;0;1;0;3;0;0;5;0;0;2;0;0;2;0
hell;0;0;0;0;0;0;0;0;1;1;0;2;0;0;0;0;0;1;0
gustave;0;0;0;0;0;0;0;2;1;0;0;2;0;0;0;3;0;0;0
grey;0;0;0;0;0;0;0;0;0;0;0;0;0;0;3;0;0;0;0
godrays;0;0;0;0;0;0;0;0;0;0;5;0;0;1;1;10;0;0;0
gilleard;0;19;0;0;0;0;0;1;0;0;0;1;0;0;0;0;0;0;0
fly;0;0;1;0;0;0;0;0;0;4;0;11;1;3;1;0;0;0;0
float;0;1;0;0;0;0;0;5;0;0;0;1;0;9;0;0;0;1;0
fire;8;0;0;0;0;0;0;1;0;0;0;0;1;0;3;0;0;2;0
eye;0;0;0;0;0;0;0;0;0;0;0;3;0;0;3;0;0;0;0
cover;0;0;0;0;0;0;0;3;0;6;0;1;0;1;1;1;0;2;0
bagshaw;0;0;0;0;0;0;2;0;0;0;0;0;0;0;0;0;0;4;0
atmospheric;0;0;0;1;0;0;0;5;0;0;2;7;0;0;0;0;2;0;0
abandon;0;0;0;0;0;0;0;0;8;0;0;0;0;1;1;3;0;1;3
yoshida;13;0;0;0;0;0;0;0;0;2;0;0;0;0;0;1;0;4;0
van;0;5;0;0;0;0;0;1;1;0;0;0;0;0;0;0;0;1;0
tone;17;0;0;0;0;0;0;2;0;0;0;0;0;0;0;1;0;0;0
statue;0;0;0;0;0;0;0;0;0;0;0;4;0;2;1;0;0;0;0
spire;0;0;7;0;0;0;2;7;1;3;0;0;0;0;0;0;0;0;0
port;0;0;0;0;0;0;0;7;0;0;0;1;0;1;0;1;0;0;0
morning;0;0;0;0;0;13;2;0;0;0;0;2;0;0;0;0;0;1;0
man;0;0;0;2;0;0;0;0;0;0;1;0;3;1;1;0;0;1;0
hyperrealism;0;0;0;0;0;0;12;1;3;0;0;0;0;0;2;0;0;0;0
hard;0;19;0;0;0;0;0;0;0;0;0;1;0;0;0;0;0;0;0
german;0;0;0;0;0;0;0;15;0;0;4;0;0;1;0;0;0;0;0
distant;0;0;0;0;0;0;0;0;0;3;0;0;9;5;0;0;0;0;0
country;0;0;0;0;0;0;0;0;0;0;0;0;3;0;0;2;0;0;8
border;0;0;0;0;0;0;0;0;0;0;0;1;0;0;0;1;0;3;15
baroque;0;0;0;0;0;0;0;0;0;0;4;0;0;9;0;1;0;0;0
windmill;17;0;0;0;0;0;0;0;0;0;0;1;0;0;0;0;0;0;0
surreal;0;5;0;0;0;0;0;0;0;0;0;1;0;2;0;0;0;0;0
run;0;0;0;0;0;0;0;7;3;0;0;2;0;0;0;0;0;0;1
raphael;0;0;0;0;0;0;0;0;0;0;4;1;0;0;0;0;0;10;0
ocean;0;0;0;0;0;0;0;3;1;0;0;1;0;3;1;1;0;0;8
narrow;0;0;0;0;0;0;0;10;0;0;0;0;0;0;0;0;1;0;0
minimalist;0;17;0;0;0;0;0;0;0;0;0;0;0;0;0;0;0;0;2
london;0;0;1;0;0;2;0;2;1;0;0;0;0;1;0;0;1;11;0
grand;0;0;0;1;0;0;0;0;0;1;0;8;0;0;0;0;0;0;0
fall;0;0;0;0;0;1;0;0;0;0;0;0;0;0;10;0;0;0;0
environment;0;0;0;0;0;0;0;1;0;0;1;5;0;5;0;0;0;1;0
cozy;0;0;0;0;0;7;0;0;0;0;2;0;0;0;4;0;0;0;0
cityscape;0;0;7;0;0;1;0;2;0;5;0;0;0;3;0;1;0;0;0
chiaroscuro;0;0;0;0;0;0;0;0;0;0;4;0;0;1;1;0;0;0;0
capital;0;0;0;0;0;0;7;10;0;0;0;0;2;0;0;0;0;0;0
boat;0;0;0;0;0;0;0;0;4;0;0;0;0;0;1;3;0;0;0
bird;0;2;0;0;0;0;0;0;1;0;2;2;0;2;1;0;0;0;0
work;0;0;0;0;0;0;0;1;0;0;0;0;0;1;1;0;0;1;0
union;0;0;11;0;0;0;0;1;0;0;0;0;0;0;0;0;1;0;3
train;0;0;0;0;0;0;0;0;0;0;0;1;0;0;0;8;0;0;0
temple;0;0;0;0;0;0;1;1;0;0;2;2;0;0;1;0;0;1;0
steampunk;0;0;0;0;0;0;0;1;0;6;0;2;0;1;0;0;0;0;0
spot;8;0;0;0;0;0;0;0;0;0;0;0;0;0;1;0;0;0;0
side;0;0;0;0;0;0;0;0;1;0;0;0;0;0;6;0;0;0;3
season;0;0;5;0;0;7;0;0;0;3;0;0;0;2;1;0;0;0;0
ring;0;0;0;0;0;0;0;0;3;0;1;1;0;0;0;0;0;0;0
peaceful;0;0;12;0;4;0;0;0;0;0;0;0;0;0;1;0;0;0;0
hill;0;0;1;0;0;1;0;0;0;0;0;0;0;1;6;0;0;0;0
destroy;0;0;0;0;0;0;0;0;0;0;2;0;0;1;3;2;4;0;2
burn;0;11;0;0;0;0;0;0;0;0;0;0;0;2;1;0;0;0;1
albert;0;0;1;0;0;0;0;0;2;0;0;0;0;0;1;0;0;2;0
zurich;0;0;0;0;0;0;0;0;0;0;0;0;0;0;0;17;0;0;0
year;0;0;0;0;0;0;2;0;0;0;4;3;0;0;0;0;0;0;1
wooden;0;5;0;0;0;0;0;0;0;0;1;0;0;0;1;0;0;2;1
war;0;0;0;0;0;0;0;0;0;0;0;0;0;0;0;0;1;1;10
wallpaper;0;0;0;9;0;0;0;2;0;0;1;0;0;1;0;1;0;2;0
switzerland;13;0;1;0;0;0;0;0;0;0;0;0;0;2;0;0;0;0;0
swiss;3;0;0;0;0;3;0;0;0;0;0;0;0;2;0;0;0;0;0
spring;2;0;5;0;0;0;0;0;1;0;0;0;0;2;0;0;0;0;0
skull;0;0;0;0;0;0;0;0;0;0;0;0;14;0;2;1;0;0;0
portrait;0;0;0;0;0;0;0;0;1;0;1;1;0;1;0;0;0;0;0
nestle;0;0;0;0;4;13;0;0;0;0;0;0;0;0;0;0;0;0;0
lee;0;0;0;0;0;0;1;0;1;0;0;1;0;0;0;0;0;0;0
horror;0;0;0;0;0;0;0;0;0;0;5;0;0;0;2;0;0;0;0
foreground;0;0;0;0;0;4;1;9;0;0;0;0;0;1;0;0;0;0;0
film;0;0;0;0;0;0;4;0;0;11;0;0;0;0;0;0;0;0;0
exquisite;0;0;0;0;0;1;14;1;0;0;1;0;0;0;0;0;0;0;0
dusk;0;0;0;0;0;4;0;0;0;0;0;0;1;0;0;0;0;9;0
dragon;0;0;5;0;0;0;0;0;0;0;1;4;0;0;1;0;0;0;1
belgium;1;0;15;0;0;0;0;0;0;0;0;0;0;0;0;0;0;0;1
animation;0;0;6;0;0;0;7;0;0;0;0;1;0;0;0;0;0;0;0
amaze;0;0;0;0;0;0;0;0;0;0;0;0;0;5;4;0;0;0;0
akihiko;13;0;0;0;0;0;0;0;0;2;0;0;0;0;0;1;0;1;0
yoshitaka;12;0;0;0;0;0;0;0;0;0;1;2;0;0;1;0;0;0;0
video;0;0;0;0;0;0;0;0;0;1;0;3;0;0;0;0;0;0;1
ultradetailed;0;7;0;9;0;0;0;0;0;0;0;0;0;0;0;0;0;0;0
top;0;0;0;0;0;0;0;15;0;0;0;0;0;0;0;0;0;0;0
time;0;0;0;6;0;0;0;4;0;0;0;0;0;0;4;0;0;0;1
sunlight;0;0;0;9;0;1;0;1;3;0;0;0;0;2;0;0;0;0;0
simple;0;8;0;0;0;0;0;0;0;0;0;0;0;0;0;0;0;0;2
russian;0;0;0;0;0;0;0;0;0;1;0;0;0;2;0;0;0;0;0
post;0;0;0;0;0;0;0;0;0;1;0;0;0;5;0;0;1;0;0
planet;0;0;0;0;0;0;0;2;0;0;0;0;0;1;1;1;0;0;6
painter;0;14;0;0;0;0;0;0;0;0;0;1;0;1;0;0;0;0;0
moody;0;0;0;0;0;0;0;0;0;9;0;0;0;1;0;0;0;0;0
lense;0;0;0;0;0;0;15;0;0;0;0;0;0;0;0;0;1;0;0
illumination;0;0;0;0;0;0;0;0;0;0;0;3;0;0;1;0;0;1;0
glow;0;0;0;0;0;0;0;0;1;9;0;0;0;0;2;0;0;2;0
global;0;0;0;0;0;0;0;0;0;0;0;3;0;0;0;0;0;1;1
fish;0;0;0;0;1;0;0;1;1;0;0;0;0;0;5;2;0;0;0
fight;0;0;0;0;0;0;0;1;0;0;3;0;0;0;2;0;0;2;0
empire;0;0;0;0;0;0;0;0;0;0;0;0;0;0;0;0;0;0;5
disney;0;0;0;0;0;0;7;0;0;0;0;2;0;0;0;0;0;0;7
cliff;0;0;0;0;0;0;0;10;0;1;0;0;0;1;1;0;0;2;0
amano;12;0;0;0;0;0;0;0;0;0;1;2;0;0;1;0;0;0;0
winter;0;0;0;0;0;0;0;0;0;0;0;1;0;0;2;0;0;0;0
wes;0;0;0;0;0;0;5;0;0;4;0;5;0;0;0;0;0;1;0
third;0;0;0;0;0;0;0;0;0;1;0;0;0;1;0;1;0;0;7
symmetrical;0;0;0;0;0;0;0;0;0;0;7;0;4;0;1;0;0;3;0
strong;0;0;0;0;0;0;0;4;1;0;0;1;0;1;0;0;1;0;0
stiavnica;0;0;0;0;0;15;0;0;0;0;0;0;0;0;0;0;0;0;0
spain;0;0;0;0;0;0;0;1;0;0;0;1;0;0;0;0;0;0;4
shape;0;0;0;0;0;0;11;1;0;0;0;0;0;0;0;0;0;0;0
rhads;0;0;0;0;0;0;0;0;0;3;1;0;0;0;2;0;0;1;0
pixar;0;0;0;0;0;0;7;1;0;0;1;1;0;0;0;0;0;0;0
neon;0;0;0;0;0;0;0;0;0;4;0;1;0;0;0;0;0;0;0
neoclassical;0;0;0;0;0;0;0;0;0;0;0;0;0;1;0;0;0;3;0
mohrbacher;0;0;0;0;0;0;0;0;0;0;0;0;0;1;0;7;6;0;0
market;0;0;0;0;0;0;0;1;0;0;0;0;0;0;1;1;0;0;0
loish;2;0;0;0;0;0;0;0;0;0;0;0;5;0;0;0;4;1;0
line;0;0;0;0;0;1;0;9;0;0;0;0;0;0;1;0;0;0;0
incredible;0;0;13;0;0;0;0;0;0;1;0;0;0;1;0;0;0;0;0
flow;0;0;0;0;0;13;0;0;2;0;0;0;0;0;0;0;0;0;0
figure;0;0;0;0;0;0;0;0;1;0;0;0;11;1;0;0;0;0;0
dore;0;0;0;0;0;0;0;1;1;1;0;0;0;0;0;0;0;0;0
depth;0;0;0;0;0;0;2;0;1;1;0;8;0;0;2;0;0;0;0
breathtaking;0;0;0;0;0;0;0;0;0;0;0;0;0;0;2;1;0;0;0
behance;0;0;0;0;0;0;0;0;0;0;0;3;0;1;1;0;0;0;2
banska;0;0;0;0;0;15;0;0;0;0;0;0;0;0;0;0;0;0;0
anderson;0;0;0;0;0;0;5;0;0;4;0;5;0;0;0;0;0;1;0
winner;0;0;0;0;0;0;0;0;0;0;0;0;10;2;0;0;0;0;2
tiny;0;0;4;0;0;0;0;0;0;0;0;0;0;0;1;0;3;2;0
sprawl;0;0;0;0;0;0;0;14;0;0;0;0;0;0;0;0;0;0;0
show;0;0;0;0;0;0;0;1;0;0;0;0;0;0;1;0;0;0;6
sense;0;14;0;0;0;0;0;0;0;0;0;0;0;0;0;0;0;0;0
sea;0;0;0;0;0;0;2;3;0;0;1;1;0;0;1;0;0;0;2
scale;0;0;0;0;0;0;0;0;3;0;0;1;0;0;0;0;0;0;0
rule;0;0;0;0;0;0;0;0;0;0;0;0;0;0;0;1;0;0;8
pile;0;0;0;0;0;0;0;0;0;0;0;0;14;0;0;0;0;0;0
mm;0;0;0;0;0;0;0;5;0;1;0;1;1;1;0;1;1;0;0
lacoste;0;0;0;0;0;0;0;0;0;0;0;0;0;0;0;0;0;10;0
king;0;0;0;0;0;0;0;0;2;0;0;4;4;0;0;0;0;2;2
jim;0;7;0;0;0;0;0;0;0;0;0;0;0;0;0;0;0;0;0
insanely;0;0;0;0;0;0;0;0;3;0;3;1;0;1;0;6;0;0;0
ink;0;0;0;0;0;0;0;0;0;0;0;2;0;0;1;0;0;0;6
gaston;0;0;0;0;0;0;0;0;1;3;0;0;0;0;0;10;0;0;0
desert;0;1;0;0;0;0;0;1;1;2;0;1;0;0;1;0;0;0;2
cross;0;0;0;0;4;5;0;0;0;0;0;0;1;0;0;3;0;0;0
century;0;0;0;0;0;1;0;6;0;0;0;0;0;2;4;0;0;0;1
busy;0;0;4;0;0;0;0;1;0;1;1;0;0;0;1;0;0;0;0
bussiere;0;0;0;0;0;0;0;0;1;3;0;0;0;0;0;10;0;0;0
zombie;0;0;0;0;0;0;0;0;0;0;0;2;0;0;0;0;7;0;0
window;0;0;0;0;0;0;0;0;3;0;0;0;0;2;5;0;0;1;0
uhd;0;0;0;0;0;0;0;1;0;0;0;1;0;0;1;0;0;0;0
sun;0;0;0;0;0;0;0;0;0;0;0;0;0;0;4;3;0;0;0
screenshot;0;0;0;0;0;0;0;0;0;0;0;1;0;1;0;0;5;0;0
ross;0;0;0;0;0;0;0;0;0;1;1;2;0;1;0;1;0;0;0
print;0;0;8;0;0;0;0;0;0;0;0;2;0;0;1;0;0;0;0
pixel;0;0;1;0;0;7;0;1;0;0;0;0;0;0;3;0;0;0;0
ominous;0;0;0;0;0;0;3;0;0;0;0;0;0;2;2;0;0;0;0
natural;0;0;0;0;0;0;0;0;2;0;9;0;0;0;1;0;0;0;0
mumford;0;0;0;0;0;0;0;0;0;0;0;8;0;0;0;5;0;0;0
moscow;0;1;0;0;0;0;4;0;0;0;0;1;0;1;0;2;0;2;0
majestic;0;0;0;0;0;9;0;1;1;0;0;0;0;2;0;0;0;0;0
lively;0;0;0;12;0;0;0;0;0;0;0;1;0;0;0;0;0;0;0
level;0;0;0;0;0;0;0;0;2;0;0;3;0;0;0;3;0;0;0
key;0;0;0;0;0;0;7;2;0;0;0;0;0;0;0;0;0;1;0
ivan;0;0;0;0;0;0;0;0;5;0;0;2;0;3;3;0;0;0;0
gorgeous;0;0;0;0;0;0;0;0;1;3;0;0;0;8;0;0;0;0;0
friedrich;0;1;0;0;0;0;0;2;9;0;0;0;0;0;0;0;0;0;0
festival;1;0;0;5;0;0;0;0;0;0;0;0;0;0;0;0;0;7;0
dan;0;0;0;0;0;0;0;0;0;0;0;8;0;0;0;5;0;0;0
cole;0;0;0;0;0;1;0;0;2;0;0;1;0;0;0;0;0;0;0
big;0;0;1;0;0;0;0;0;0;0;0;1;1;0;1;4;0;1;0
villeneuve;0;0;0;0;0;0;0;0;0;0;0;0;0;0;0;0;0;12;0
urban;0;0;0;0;0;0;0;3;0;0;1;1;0;0;0;0;0;0;0
ufo;0;0;0;0;0;1;0;0;0;0;0;0;0;0;0;0;8;0;0
tran;0;0;0;0;0;0;0;0;0;1;1;2;0;1;0;0;0;0;0
seaside;0;0;0;11;0;0;0;0;0;0;0;0;0;0;1;0;0;0;0
roof;2;0;0;0;0;0;2;0;0;0;0;0;0;1;4;0;3;0;0
open;1;0;0;0;0;0;5;0;0;0;0;0;0;4;0;0;0;0;1
mushroom;10;0;0;0;0;0;0;0;0;0;0;2;0;0;0;0;0;0;0
moebius;0;0;0;0;0;0;7;1;2;0;0;1;0;0;0;0;0;0;0
modern;0;0;0;0;0;0;0;0;0;1;0;1;0;1;0;0;0;0;5
maya;0;0;0;0;0;0;0;0;0;3;0;0;0;0;0;6;0;0;0
massive;0;0;0;0;0;0;1;4;0;0;0;0;0;2;0;0;4;0;0
magic;0;0;0;1;0;0;0;0;0;0;0;5;0;4;0;0;0;0;1
magali;0;0;0;0;0;0;0;0;0;0;0;0;0;0;0;0;0;12;0
jesper;0;0;0;0;0;0;0;0;0;0;0;1;0;0;1;1;0;0;0
jan;0;5;0;0;0;0;0;2;5;0;0;0;0;0;0;0;0;0;0
italian;0;0;0;0;4;0;2;0;0;0;0;0;0;0;0;0;0;0;0
illustrate;0;0;0;0;0;0;0;1;2;0;0;0;0;0;0;9;0;0;0
gold;0;0;0;0;0;3;0;0;1;0;0;1;0;0;0;0;0;0;2
germany;0;0;0;0;0;0;4;0;0;0;8;0;0;0;0;0;0;0;0
gent;0;0;12;0;0;0;0;0;0;0;0;0;0;0;0;0;0;0;0
ejsing;0;0;0;0;0;0;0;0;0;0;0;1;0;0;1;1;0;0;0
dutch;10;0;0;0;0;0;0;0;0;0;0;0;0;0;0;0;0;0;0
david;0;1;0;0;0;0;0;0;9;0;0;0;0;0;0;0;0;0;0
colonial;0;0;0;0;0;0;0;0;0;0;0;0;0;3;2;0;0;0;0
cinema;0;0;0;0;0;0;0;0;0;0;0;1;5;0;0;0;4;2;0
body;0;0;0;0;0;0;0;0;0;0;0;0;4;0;0;0;0;2;0
blur;0;0;0;0;0;0;0;1;0;0;0;1;5;0;0;0;4;0;0
bierstadt;0;0;1;0;0;0;0;0;4;0;0;0;0;0;0;0;0;0;0
beeple;0;0;0;0;0;0;0;0;0;0;6;6;0;0;0;0;0;0;0
bavarian;0;0;0;0;4;0;4;0;0;0;0;0;0;0;0;0;0;0;0
autumn;5;0;0;0;0;0;5;0;0;0;0;1;0;0;1;0;0;0;0
wind;0;0;0;0;0;0;9;1;0;0;0;0;0;0;1;0;0;0;0
waterway;0;0;0;0;0;0;0;0;0;0;0;0;0;3;0;0;0;0;0
slow;0;0;0;11;0;0;0;0;0;0;0;0;0;0;0;0;0;0;0
sing;0;0;0;0;0;0;0;0;0;0;0;3;0;0;0;0;5;0;1
ruan;0;0;0;0;0;0;0;0;0;0;0;0;0;0;0;1;0;10;0
region;0;0;0;0;0;0;0;0;0;0;0;0;0;0;0;1;0;0;10
ralph;0;2;0;0;0;0;0;0;0;0;2;0;0;0;0;0;0;0;0
quaint;0;0;0;0;0;0;10;0;0;0;0;0;0;1;0;0;0;0;0
pixiv;0;0;0;0;0;0;0;1;0;1;0;1;0;0;0;8;0;0;0
pennington;0;4;0;0;0;0;0;0;0;0;1;0;0;0;1;0;0;0;0
paper;0;0;0;0;0;0;1;0;0;0;0;0;0;0;1;0;0;0;4
otherworldly;0;0;0;0;0;0;0;0;0;0;0;0;0;0;5;0;0;0;0
nice;0;0;10;0;0;0;0;0;0;0;0;0;0;0;0;0;0;0;0
mcquarrie;0;2;0;0;0;0;0;0;0;0;2;0;0;0;0;0;0;0;0
masculine;0;0;0;0;0;0;0;0;0;0;0;0;11;0;0;0;0;0;0
magnificent;0;0;0;0;0;0;0;0;0;0;0;0;0;3;0;1;0;0;0
jia;0;0;0;0;0;0;0;0;0;0;0;0;0;0;0;1;0;10;0
gloomy;0;0;0;0;0;0;0;0;2;0;0;1;0;0;7;0;0;0;0
galata;0;0;0;0;0;0;0;0;0;0;0;0;0;0;0;11;0;0;0
flat;0;0;8;0;0;0;0;0;0;1;0;0;0;0;1;1;0;0;0
fallout;0;0;0;1;0;0;0;0;0;0;0;0;0;0;0;0;10;0;0
earth;0;0;0;0;0;0;2;1;1;1;0;0;0;0;0;0;0;0;6
dof;0;0;0;0;0;0;0;0;0;0;1;0;6;0;0;0;4;0;0
countryside;0;0;10;0;0;0;0;0;0;0;0;0;0;1;0;0;0;0;0
cosmic;0;0;0;0;0;0;0;2;0;0;1;1;0;0;0;0;1;0;0
caspar;0;1;0;0;0;0;0;0;9;0;0;0;0;0;0;0;0;0;0
bruce;0;4;0;0;0;0;0;0;0;0;1;0;0;0;1;0;0;0;0
beksinski;0;0;0;0;0;0;0;0;0;7;0;1;0;0;0;3;0;0;0
battle;0;0;0;0;0;0;0;0;0;0;0;0;4;0;0;0;0;1;0
alexander;0;0;3;0;0;0;0;0;0;0;0;0;0;0;0;0;0;0;1
table;3;0;0;0;0;1;0;0;0;0;0;0;0;0;0;0;0;1;4
streetview;0;0;0;9;0;0;0;1;0;0;0;0;0;0;0;0;0;0;0
stefan;0;0;0;0;0;0;0;0;0;0;0;0;0;0;0;0;0;4;0
speckle;10;0;0;0;0;0;0;0;0;0;0;0;0;0;0;0;0;0;0
space;0;0;0;0;0;0;0;0;4;0;0;1;0;1;0;0;0;1;3
soviet;0;0;3;0;0;0;0;0;0;0;0;0;0;0;0;0;0;2;0
solter;0;0;0;0;0;0;10;0;0;0;0;0;0;0;0;0;0;0;0
skyline;0;0;0;0;0;1;0;1;0;3;5;0;0;0;0;0;0;0;0
sci;0;0;0;1;0;0;0;0;0;0;3;6;0;0;0;0;0;0;0
process;0;0;0;0;0;0;0;0;2;0;0;0;0;6;0;1;0;0;0
poster;0;0;8;0;0;0;0;1;0;0;0;1;0;0;0;0;0;0;0
pencil;0;0;0;0;0;7;0;1;0;0;0;0;0;0;1;0;0;0;1
lot;0;0;0;0;0;0;0;0;0;0;1;0;0;0;5;1;0;0;0
lisbon;0;1;0;0;0;0;0;0;1;2;0;0;0;2;0;1;0;1;0
jonathan;0;0;0;0;0;0;10;0;0;0;0;0;0;0;0;0;0;0;0
hour;0;0;0;0;0;0;2;0;0;0;0;0;0;1;0;0;0;0;0
heartstone;0;0;0;0;0;0;0;1;0;0;0;0;0;2;0;0;0;0;0
hardturm;0;0;0;0;0;0;0;0;0;0;0;0;0;0;0;10;0;0;0
guard;0;0;0;0;0;0;0;1;0;0;0;0;0;0;0;0;0;3;0
grossmünster;0;0;0;0;0;0;0;0;0;0;0;0;0;0;0;10;0;0;0
fi;0;0;0;1;0;0;0;0;0;0;3;6;0;0;0;0;0;0;0
fae;0;0;0;0;0;0;0;0;0;0;0;0;0;0;3;0;0;0;0
duck;8;0;0;0;0;0;0;1;0;0;0;0;0;0;0;0;0;0;0
daylight;0;0;0;0;0;0;0;0;0;0;0;2;0;0;0;1;0;0;0
clean;0;0;0;0;0;2;0;0;0;0;0;0;0;0;0;0;0;1;0
chalet;0;0;0;0;0;10;0;0;0;0;0;0;0;0;0;0;0;0;0
budapest;0;0;0;0;0;0;0;2;0;1;0;1;0;0;0;0;1;2;0
bloom;0;0;0;0;0;0;4;0;0;0;0;1;0;1;0;0;0;1;0
bloodborne;0;0;0;0;0;0;0;0;0;0;4;0;0;0;2;0;3;0;0
alpine;0;0;0;0;0;10;0;0;0;0;0;0;0;0;0;0;0;0;0
zdzis;0;0;0;0;0;0;0;0;0;9;0;0;0;0;0;0;0;0;0
vast;0;0;0;0;0;0;0;0;0;4;0;0;0;3;1;0;0;0;1
ukrainian;0;0;0;0;0;0;0;0;0;0;0;1;5;0;0;0;0;2;0
tooth;0;5;0;0;0;0;0;0;0;0;0;3;0;1;0;0;0;0;0
throne;0;0;0;0;0;0;0;0;0;0;0;2;5;1;0;0;0;0;0
symbol;0;0;0;0;0;0;0;0;0;0;0;0;9;0;0;0;0;0;0
steve;0;0;0;0;0;0;0;0;0;0;0;0;0;1;0;0;0;8;0
steam;0;0;0;0;0;0;0;0;0;0;0;0;0;0;0;0;0;3;0
starry;0;0;0;0;0;0;0;0;0;0;1;4;0;0;0;0;4;0;0
sargent;0;0;0;0;0;1;0;0;0;0;0;1;0;0;1;0;0;0;0
rural;0;0;0;0;0;0;4;0;0;0;0;0;0;3;0;0;0;0;0
rose;8;0;0;0;0;0;0;0;0;0;0;0;0;0;0;1;0;0;0
robert;0;0;0;0;0;0;1;2;0;0;0;0;0;0;0;0;0;0;0
peak;0;0;0;0;0;9;0;0;0;0;0;0;0;0;0;0;0;0;0
pastel;0;0;2;0;0;0;0;0;0;0;0;0;0;1;1;0;0;0;0
mediterranean;0;0;0;0;0;0;0;0;2;0;0;0;0;0;0;0;0;6;0
lithuania;0;0;0;0;0;0;3;0;0;0;0;0;0;0;0;0;0;0;0
lit;0;0;0;0;0;0;0;0;3;0;0;0;0;0;5;0;0;1;0
lamp;0;0;0;0;0;0;0;0;3;0;0;0;0;0;5;0;0;1;0
human;0;0;0;0;0;0;0;0;0;1;0;1;0;1;0;0;0;0;0
grid;0;0;0;0;0;0;8;0;0;0;0;0;1;0;0;0;0;0;0
gouache;0;2;5;0;0;0;0;0;0;2;0;0;0;0;0;0;0;0;0
front;1;0;0;0;0;2;0;0;0;0;0;0;3;1;0;0;0;0;0
fog;0;0;0;0;0;0;0;7;0;0;0;0;0;0;1;1;0;0;0
farm;1;0;5;0;0;0;0;0;0;0;0;0;0;1;2;0;0;0;0
drone;0;3;0;0;0;0;0;0;0;0;6;0;0;0;0;0;0;0;0
dieselpunk;0;0;0;0;0;0;0;0;0;0;0;0;0;0;0;0;0;5;0
communist;0;0;3;0;0;0;0;0;0;0;0;0;0;0;0;0;0;0;0
choi;0;0;0;0;0;0;0;0;0;0;0;3;0;0;0;0;5;0;0
bell;0;0;0;0;0;0;1;0;4;0;0;0;0;0;0;0;0;4;0
back;0;1;0;0;0;0;0;0;0;0;2;0;0;0;1;1;0;0;0
aw;0;0;0;0;0;0;0;0;0;9;0;0;0;0;0;0;0;0;0
artistic;0;0;0;0;0;0;0;0;0;0;3;0;0;2;0;4;0;0;0
army;0;0;1;0;0;0;0;3;0;0;0;0;0;0;2;0;1;0;0
architectural;0;0;0;0;0;3;0;0;0;0;0;0;0;1;0;0;0;0;0
archdaily;0;0;0;9;0;0;0;0;0;0;0;0;0;0;0;0;0;0;0
accurate;0;0;0;0;0;0;0;0;0;0;0;1;0;0;0;0;0;0;2
wu;0;5;0;0;0;0;0;0;0;0;0;3;0;0;0;0;0;0;0
wood;0;0;0;0;0;0;0;0;0;0;0;0;2;0;1;0;0;1;0
vladimir;0;0;0;0;0;0;0;0;0;2;0;0;0;2;0;0;0;0;0
vector;0;0;4;0;0;2;0;0;0;0;0;0;0;0;0;0;0;0;0
tudor;0;0;0;0;0;8;0;0;0;0;0;0;0;0;0;0;0;0;0
trident;0;0;0;0;0;0;0;0;0;0;0;0;8;0;0;0;0;0;0
tolkien;3;0;0;0;0;0;0;0;0;0;0;0;0;0;0;0;0;0;5
tile;0;0;0;0;0;0;2;1;0;0;0;3;0;0;1;0;0;0;0
stålenhag;0;0;0;0;0;0;0;0;0;1;0;1;0;0;0;6;0;0;0
stockholm;0;0;0;0;0;0;0;5;0;0;0;2;0;0;0;0;0;0;0
snowfall;0;0;0;0;0;0;8;0;0;0;0;0;0;0;0;0;0;0;0
scheme;0;1;0;0;0;0;0;0;1;0;1;0;0;4;0;0;0;0;0
rust;0;0;0;0;0;0;0;0;2;0;0;0;0;1;0;0;0;0;0
renaissance;0;0;0;0;0;0;1;1;1;0;0;0;0;1;0;2;0;0;0
reflection;1;0;0;0;0;0;0;1;0;0;0;0;0;1;0;0;0;0;0
point;0;0;0;0;0;0;0;0;0;0;0;1;0;0;1;0;0;0;3
play;3;0;0;0;0;0;0;0;0;0;0;1;0;0;1;0;0;0;0
panoramic;0;0;0;0;0;0;2;0;0;0;0;0;0;0;1;2;0;0;0
moon;0;0;0;0;0;0;0;0;0;0;0;0;0;0;4;0;0;0;0
mccurry;0;0;0;0;0;0;0;0;0;0;0;0;0;0;0;0;0;8;0
limmat;0;0;0;0;0;0;0;0;0;0;0;0;0;0;0;8;0;0;0
knight;0;0;0;2;0;0;0;2;0;0;0;0;0;0;0;0;0;0;0
kindkade;5;0;0;0;0;0;0;0;0;0;0;0;0;0;0;0;0;0;0
kincade;0;0;0;0;0;0;0;0;0;0;0;0;0;0;0;0;0;8;0
isometric;0;0;0;0;0;0;1;3;0;0;0;0;0;0;1;0;0;0;0
iron;0;0;0;0;0;0;0;0;0;0;0;7;0;1;0;0;0;0;0
imax;0;0;0;0;0;0;0;0;6;1;0;0;1;0;0;0;0;0;0
hildebrandt;0;0;0;0;0;0;0;0;0;0;1;1;0;0;2;0;0;0;0
heavenly;0;0;0;0;0;0;0;0;0;0;1;2;0;1;0;0;0;0;4
half;0;0;0;0;0;7;0;0;0;0;0;0;0;0;1;0;0;0;0
gate;0;0;0;0;0;0;0;1;0;0;0;5;0;1;0;1;0;0;0
galic;0;0;0;0;0;0;8;0;0;0;0;0;0;0;0;0;0;0;0
feature;0;0;0;0;0;0;0;0;0;0;0;1;0;4;1;1;0;0;0
ernst;0;6;0;0;0;0;0;0;0;0;2;0;0;0;0;0;0;0;0
end;0;0;0;0;0;0;0;3;0;0;0;5;0;0;0;0;0;0;0
effect;0;0;0;0;0;0;0;0;4;0;0;2;0;0;0;1;0;0;0
dungeon;0;1;0;0;0;0;0;0;0;0;0;0;0;0;2;0;0;0;0
dream;0;0;0;0;0;0;0;0;0;0;8;0;0;0;0;0;0;0;0
depict;0;0;0;0;0;0;0;0;0;0;0;5;0;0;0;0;0;1;0
definition;0;0;0;0;0;0;0;0;0;3;2;1;0;1;1;0;0;0;0
civilization;0;0;0;0;0;0;0;0;0;0;0;0;0;0;0;0;0;0;3
calm;0;0;0;0;0;0;0;3;0;0;1;0;0;0;0;0;0;0;0
area;0;0;0;1;0;0;0;0;0;0;0;0;3;0;0;0;0;0;0
american;0;0;0;0;0;0;0;0;0;0;0;1;0;1;2;0;0;2;0
america;0;0;0;0;0;0;0;0;0;1;0;0;1;0;0;0;0;2;0
air;0;0;0;0;0;0;0;0;0;0;1;2;0;0;0;0;0;0;0
zbrush;0;0;0;0;0;0;0;0;0;0;2;0;0;0;0;5;0;0;0
young;1;0;0;1;0;2;0;0;1;1;0;0;0;0;1;0;0;0;0
vintage;0;0;1;0;0;0;0;0;0;0;6;0;0;0;0;0;0;0;0
timber;0;0;0;0;0;7;0;0;0;0;0;0;0;0;0;0;0;0;0
ted;0;0;0;0;0;0;0;0;0;0;0;0;0;3;4;0;0;0;0
sunrise;0;0;0;0;0;0;0;0;0;0;1;0;0;1;0;4;0;0;0
storybook;0;0;5;0;0;0;0;0;0;0;0;0;0;2;0;0;0;0;0
storm;0;0;0;0;0;0;0;0;0;0;0;0;0;0;7;0;0;0;0
shiny;0;0;0;0;0;3;0;0;0;0;0;1;0;0;0;0;0;0;0
sand;0;1;0;0;0;0;0;0;0;2;0;0;0;0;0;0;1;0;0
romanticism;0;0;0;0;0;0;0;0;1;0;0;0;0;1;1;0;0;0;0
romantic;0;0;0;0;0;0;0;1;0;0;0;6;0;0;0;0;0;0;0
robot;0;0;0;0;0;0;0;0;0;2;0;2;0;1;0;0;1;1;0
regional;0;0;0;0;0;0;0;0;0;0;0;0;0;0;0;0;0;0;7
psychedelic;0;5;0;0;0;0;0;1;1;0;0;0;0;0;0;0;0;0;0
piranesi;0;1;0;0;0;0;0;0;4;0;0;1;0;0;0;0;0;0;0
overlook;0;0;0;0;0;0;0;0;0;0;0;0;0;3;1;0;0;0;0
nearby;7;0;0;0;0;0;0;0;0;0;0;0;0;0;0;0;0;0;0
nasmith;0;0;0;0;0;0;0;0;0;0;0;0;0;3;4;0;0;0;0
mysterious;0;0;0;0;0;0;0;0;2;1;0;1;1;1;0;0;0;0;1
model;0;0;0;0;0;0;0;0;0;1;0;1;0;0;3;0;0;1;0
lovecraftian;0;0;0;0;0;0;0;0;0;0;2;1;0;0;1;0;0;0;0
lightning;0;0;0;0;0;0;0;0;1;0;0;0;0;0;0;1;0;2;0
levitan;0;0;0;0;0;0;0;0;0;0;0;0;0;0;3;0;0;0;0
horse;4;0;0;0;0;0;0;0;0;0;0;0;0;0;0;0;0;0;0
fortress;0;0;0;0;0;0;2;0;0;0;0;2;0;0;0;0;0;0;0
foliage;0;0;0;0;0;0;0;0;0;0;0;0;0;0;5;0;0;0;0
elevate;0;0;0;0;0;0;4;0;0;0;0;0;0;0;0;0;0;0;0
dishonor;0;0;0;0;0;0;0;0;0;0;0;2;0;1;0;0;0;0;0
delicate;0;0;7;0;0;0;0;0;0;0;0;0;0;0;0;0;0;0;0
de;0;0;0;0;0;0;0;0;3;0;0;0;0;1;0;0;0;0;0
complex;0;0;0;0;0;0;0;0;5;1;1;0;0;0;0;0;0;0;0
colosseum;0;0;0;0;0;0;0;0;0;0;0;2;0;1;0;1;0;1;0
clock;0;0;0;0;0;3;0;1;0;3;0;0;0;0;0;0;0;0;0
cafe;0;0;0;0;0;1;0;0;0;0;0;0;0;0;0;0;0;4;0
brussels;0;0;0;0;0;0;0;0;0;0;0;0;0;0;0;7;0;0;0
blunt;0;0;0;0;0;0;0;0;0;0;0;0;0;0;0;0;0;0;7
archipelago;0;0;0;0;0;0;0;0;0;0;0;2;0;1;0;0;0;0;4
aqueduct;0;0;0;0;0;0;0;0;0;0;0;0;0;0;0;3;0;0;0
alien;0;0;0;0;0;0;0;0;0;0;0;0;0;4;1;0;0;0;0
aivazovsky;0;0;0;0;0;0;0;0;5;0;0;1;0;0;1;0;0;0;0
afterlife;0;0;0;0;0;0;0;0;0;1;0;0;0;0;0;6;0;0;0
35mm;0;0;0;0;0;0;0;0;0;0;1;1;0;0;0;5;0;0;0
wave;0;0;0;0;0;0;0;1;0;0;0;0;0;0;0;1;4;0;0
viktor;0;0;3;0;0;0;0;0;0;0;0;0;0;2;0;0;0;1;0
treasure;0;0;0;0;0;0;0;1;0;0;0;0;0;0;0;1;0;0;4
traditional;0;0;0;0;4;0;0;0;0;0;0;0;0;1;1;0;0;0;0
toei;0;0;6;0;0;0;0;0;0;0;0;0;0;0;0;0;0;0;0
tictac;0;0;0;0;0;0;0;0;0;0;0;0;0;0;0;0;6;0;0
takeya;0;0;0;0;0;0;0;0;0;0;0;0;0;0;0;0;6;0;0
takayuki;0;0;0;0;0;0;0;0;0;0;0;0;0;0;0;0;6;0;0
stream;1;0;0;0;0;0;0;0;5;0;0;0;0;0;0;0;0;0;0
strange;0;0;0;0;0;0;0;0;0;0;0;0;0;4;1;0;0;0;0
shade;0;0;0;0;0;0;0;0;0;0;2;3;0;0;0;0;0;0;0
settlement;0;0;0;0;0;0;0;6;0;0;0;0;0;0;0;0;0;0;0
secret;1;0;0;0;0;0;0;0;0;0;0;0;0;3;0;0;0;0;1
sculpt;0;0;0;0;0;0;0;0;0;1;0;0;0;0;0;5;0;0;0
rococo;0;0;0;0;0;0;0;4;0;0;0;0;0;0;1;1;0;0;0
rock;0;0;0;0;0;0;0;4;0;0;0;0;0;0;0;0;0;1;0
ratio;0;0;1;0;0;0;0;0;0;0;0;0;0;0;1;3;0;0;0
range;0;0;0;0;0;0;0;2;1;0;0;0;0;3;0;0;0;0;0
rainbow;0;0;0;0;0;0;0;0;0;0;0;0;0;0;0;0;0;6;0
pumpkin;0;0;0;0;0;0;0;0;0;0;0;0;0;0;5;0;0;0;0
pond;0;0;0;0;0;0;0;0;0;0;0;0;0;0;3;0;0;0;0
political;0;0;0;0;0;0;0;0;0;0;0;0;0;0;0;0;0;0;6
plain;3;0;0;0;0;0;0;1;0;0;0;0;0;0;0;1;0;0;1
picture;0;0;0;0;0;0;0;0;0;0;0;1;0;0;0;1;0;0;4
path;0;0;0;0;0;0;0;0;0;0;3;0;0;1;0;2;0;0;0
overgrow;0;2;0;0;0;0;0;0;2;0;0;0;0;0;0;0;0;0;0
nighttime;0;0;0;0;0;0;0;0;0;0;2;0;0;2;1;0;0;0;0
michael;0;0;0;0;0;0;0;1;0;1;1;0;1;1;0;0;0;0;0
metropolis;0;0;0;0;0;0;0;0;0;0;0;2;0;4;0;0;0;0;0
max;0;5;0;0;0;0;0;0;0;0;0;0;0;0;0;0;1;0;0
main;0;0;0;0;0;0;0;0;0;0;0;0;0;0;2;0;0;2;0
lovecraft;0;0;0;0;0;0;0;0;0;0;0;2;0;0;0;4;0;0;0
lineart;0;5;0;0;0;0;0;1;0;0;0;0;0;0;0;0;0;0;0
lantern;0;0;0;0;0;0;0;0;0;0;0;0;0;0;0;0;0;6;0
intricately;0;0;0;0;0;0;0;0;0;0;0;0;0;0;1;0;0;0;4
instagram;0;0;0;0;0;0;0;0;0;0;1;0;0;0;0;5;0;0;0
imagery;0;0;0;0;0;0;0;4;0;0;0;0;0;0;0;1;1;0;0
hunter;0;0;6;0;0;0;0;0;0;0;0;0;0;0;0;0;0;0;0
houdini;0;0;0;0;0;0;0;0;0;0;0;1;0;0;0;5;0;0;0
hold;0;0;0;0;0;0;0;4;0;0;0;0;0;0;0;0;0;1;1
historical;0;0;0;0;0;0;0;0;0;0;0;1;0;0;0;1;0;3;0
heart;0;0;0;0;0;0;0;0;0;0;1;5;0;0;0;0;0;0;0
hand;0;0;0;0;0;0;0;0;0;0;0;0;0;0;1;0;0;0;5
grass;0;0;0;0;0;0;0;1;0;0;0;0;0;0;1;3;0;0;1
giger;0;0;0;0;0;0;0;0;0;1;3;0;0;1;1;0;0;0;0
freeze;0;0;0;0;0;0;0;0;0;0;1;0;0;0;0;1;0;1;3
foggy;0;0;0;0;0;0;0;0;2;0;0;0;3;1;0;0;0;0;0
flare;0;0;0;0;0;0;0;0;0;3;0;1;0;0;0;0;0;0;0
fantastical;0;0;0;0;0;0;0;2;0;0;0;2;0;0;0;0;0;0;0
face;0;0;0;0;0;0;0;0;0;0;0;1;2;0;3;0;0;0;0
eyck;0;5;0;0;0;0;0;0;1;0;0;0;0;0;0;0;0;0;0
edge;0;0;3;0;0;0;0;3;0;0;0;0;0;0;0;0;0;0;0
dreamlike;0;0;0;4;0;0;0;0;0;0;1;1;0;0;0;0;0;0;0
doll;6;0;0;0;0;0;0;0;0;0;0;0;0;0;0;0;0;0;0
deep;0;0;0;0;0;0;0;1;0;0;0;0;0;0;1;0;0;2;0
crook;0;0;0;6;0;0;0;0;0;0;0;0;0;0;0;0;0;0;0
crash;0;0;0;0;0;0;0;0;0;0;0;0;0;0;0;0;6;0;0
courtyard;0;0;0;0;0;0;0;0;0;0;0;0;0;3;0;1;0;2;0
computer;0;0;0;0;0;0;0;1;0;0;2;0;0;0;0;0;0;0;0
colourful;0;0;0;0;0;0;4;0;0;1;0;0;0;0;0;0;0;0;0
cobble;0;0;0;0;0;0;0;3;0;0;0;1;0;0;1;0;1;0;0
channel;0;0;0;0;0;0;0;0;3;0;0;0;0;0;0;0;0;0;0
change;0;0;0;0;0;0;2;0;0;0;1;0;0;0;0;1;0;0;2
caravaggio;0;0;0;0;0;0;0;0;0;0;4;0;0;0;2;0;0;0;0
car;0;0;0;0;0;1;0;3;0;0;0;1;1;0;0;0;0;0;0
brown;0;0;0;0;0;0;0;0;0;0;0;0;0;0;4;0;0;1;0
beautifully;0;0;0;0;0;0;0;0;2;0;0;0;0;3;0;0;0;0;0
balkan;0;0;0;0;0;0;0;0;0;0;0;0;0;0;0;0;0;0;6
aesthetic;0;0;0;0;0;0;0;0;0;0;0;3;0;2;0;0;0;0;0
witcher;0;0;0;0;0;0;5;0;0;0;0;0;0;0;0;0;0;0;0
witch;0;0;0;4;0;0;0;0;0;0;0;0;0;0;0;0;0;1;0
watch;0;0;0;0;0;0;0;1;0;1;1;0;0;0;0;0;0;2;0
villager;0;0;5;0;0;0;0;0;0;0;0;0;0;0;0;0;0;0;0
vfx;0;0;0;0;0;0;0;0;0;0;0;0;0;0;0;5;0;0;0
verehin;0;0;0;0;0;0;0;0;0;0;0;0;0;0;0;0;5;0;0
university;0;0;0;1;0;0;4;0;0;0;0;0;0;0;0;0;0;0;0
underground;0;0;0;0;0;0;0;0;4;0;0;0;0;0;0;0;0;0;0
ting;0;0;0;0;0;0;0;0;0;0;0;0;0;0;0;0;5;0;0
thick;0;5;0;0;0;0;0;0;0;0;0;0;0;0;0;0;0;0;0
study;0;0;0;0;0;0;0;0;5;0;0;0;0;0;0;0;0;0;0
steel;0;0;0;0;0;0;0;0;2;0;0;0;0;2;1;0;0;0;0
state;0;0;0;0;0;0;4;0;0;0;0;0;1;0;0;0;0;0;0
south;0;0;0;0;0;0;0;0;0;0;0;0;0;0;0;0;0;0;5
solarpunk;0;0;0;0;0;0;0;0;0;0;5;0;0;0;0;0;0;0;0
socialist;0;0;4;0;0;0;0;0;0;0;0;0;0;0;0;0;0;0;0
sketch;0;0;0;0;0;0;0;4;0;0;0;0;0;0;0;1;0;0;0
sit;0;0;0;1;0;0;0;0;0;0;0;0;0;0;1;0;0;2;0
silver;0;0;0;0;0;3;0;0;2;0;0;0;0;0;0;0;0;0;0
sewer;0;0;0;0;0;0;0;0;3;0;0;0;0;0;0;0;0;0;0
school;0;0;0;0;0;0;0;2;0;0;0;1;0;0;0;0;0;0;1
rpg;0;0;0;0;0;0;0;3;0;0;0;0;0;0;0;1;0;0;1
realist;0;0;0;0;4;0;0;0;0;0;0;0;0;0;1;0;0;0;0
rainy;0;0;0;0;0;0;1;0;0;0;0;2;0;0;2;0;0;0;0
portra;0;0;0;0;0;0;0;3;0;0;0;0;0;0;0;2;0;0;0
palm;0;0;0;2;0;0;0;0;0;0;0;0;0;3;0;0;0;0;0
pain;0;0;0;0;0;0;0;0;0;0;4;0;0;1;0;0;0;0;0
north;0;0;0;0;0;0;0;0;0;0;0;0;0;1;0;0;0;0;4
nekro;0;0;0;0;0;0;0;0;0;0;0;0;0;0;0;5;0;0;0
naïve;0;0;5;0;0;0;0;0;0;0;0;0;0;0;0;0;0;0;0
national;0;0;0;0;0;0;0;1;2;0;0;0;1;0;0;0;0;0;0
maxim;0;0;0;0;0;0;0;0;0;0;0;0;0;0;0;0;5;0;0
marco;0;0;0;0;0;0;0;0;0;0;0;0;0;0;0;4;1;0;0
mapporn;0;0;0;0;0;0;0;0;0;0;0;0;0;0;0;0;0;0;5
manga;0;0;0;0;0;0;0;0;0;0;0;1;0;0;0;0;0;0;4
lviv;0;0;0;0;0;0;0;0;0;3;0;0;0;0;0;0;0;2;0
lose;0;0;0;0;0;0;0;0;0;1;0;3;0;0;0;0;1;0;0
landscale;5;0;0;0;0;0;0;0;0;0;0;0;0;0;0;0;0;0;0
konig;0;0;0;0;0;0;0;0;0;0;0;0;0;0;0;0;5;0;0
kodak;0;0;0;0;0;0;0;3;0;0;0;0;0;0;0;2;0;0;0
johnson;0;0;0;0;0;0;0;0;0;0;0;0;0;0;0;0;5;0;0
jar;0;0;0;0;0;0;0;0;0;0;0;0;0;0;0;0;0;4;0
invade;0;0;0;0;0;0;0;0;0;0;0;0;0;0;0;0;5;0;0
impossibly;0;0;0;0;0;0;5;0;0;0;0;0;0;0;0;0;0;0;0
impose;0;0;0;0;0;0;0;0;0;3;0;0;0;0;0;0;0;0;0
haunt;0;0;0;0;0;0;0;0;0;0;4;0;0;0;0;0;0;1;0
greek;0;0;0;0;0;0;0;1;0;0;0;3;0;0;0;0;0;0;0
graphic;0;0;0;0;0;0;0;0;0;4;0;0;0;0;0;0;0;0;0
galaxy;0;0;0;0;0;0;0;3;0;0;0;0;0;0;0;0;1;0;0
evil;0;0;0;0;0;0;1;0;0;0;0;0;0;2;0;1;0;0;0
establish;0;0;0;0;0;0;0;0;0;0;0;0;0;4;0;0;0;0;0
engrave;0;0;0;0;0;0;0;2;1;0;0;0;0;0;0;0;0;0;0
elaborate;0;0;0;0;0;0;0;0;0;0;0;0;0;2;0;0;0;0;3
donkey;5;0;0;0;0;0;0;0;0;0;0;0;0;0;0;0;0;0;0
direct;0;0;0;0;0;0;0;0;0;4;0;0;1;0;0;0;0;0;0
diffuse;0;0;0;0;0;0;0;3;0;0;0;0;0;1;0;0;1;0;0
demon;0;0;0;0;0;0;0;0;2;0;0;0;0;0;2;0;0;1;0
deform;0;0;0;5;0;0;0;0;0;0;0;0;0;0;0;0;0;0;0
daytime;0;0;0;0;0;0;0;0;0;0;4;0;0;1;0;0;0;0;0
continent;0;0;0;0;0;0;0;1;0;0;0;0;0;1;0;0;0;0;2
climate;0;0;0;0;0;0;2;0;0;0;1;0;0;0;0;0;0;0;2
charles;0;0;0;0;0;0;0;4;0;0;0;0;0;0;0;0;0;0;1
bustle;0;0;0;1;0;0;0;3;0;0;0;0;0;0;1;0;0;0;0
british;0;0;0;0;0;1;0;0;0;0;0;1;0;0;3;0;0;0;0
beach;0;0;0;1;0;0;0;2;0;0;0;0;0;2;0;0;0;0;0
andreas;0;0;0;0;0;0;1;1;0;0;0;0;0;2;0;0;0;0;0
advertisement;0;0;0;0;0;0;0;0;0;0;0;0;0;0;0;4;0;0;0
adventure;0;0;0;0;0;0;0;0;4;0;0;0;0;0;0;0;0;0;0
18th;0;0;0;0;0;0;0;0;0;0;0;0;0;0;5;0;0;0;0
17th;0;0;0;0;0;0;0;5;0;0;0;0;0;0;0;0;0;0;0
wonderful;0;0;0;0;0;0;0;0;0;0;0;0;0;4;0;0;0;0;0
william;0;0;0;0;0;0;0;0;0;0;1;0;0;0;1;0;0;1;0
watercolour;0;0;0;0;0;0;0;4;0;0;0;0;0;0;0;0;0;0;0
warhammer;0;0;0;0;0;0;0;0;0;3;0;1;0;0;0;0;0;0;0
unite;0;0;3;0;0;0;0;0;0;1;0;0;0;0;0;0;0;0;0
tulip;4;0;0;0;0;0;0;0;0;0;0;0;0;0;0;0;0;0;0
terrace;0;0;0;0;0;0;0;0;0;0;0;0;0;0;0;0;0;4;0
tank;0;0;0;0;0;0;0;0;0;0;0;0;0;0;0;0;0;4;0
svg;0;0;0;0;0;2;0;0;0;0;0;0;0;0;0;0;0;0;2
statistic;0;0;0;0;0;0;0;0;0;0;0;0;0;0;0;0;0;0;4
solidity;0;0;0;0;0;0;0;0;0;0;0;0;0;0;0;4;0;0;0
ski;0;0;0;0;0;0;0;0;0;4;0;0;0;0;0;0;0;0;0
site;0;0;0;1;0;0;0;0;0;0;0;0;0;0;0;0;0;3;0
silhouette;0;0;0;1;0;0;0;0;0;0;0;0;0;3;0;0;0;0;0
shield;3;0;0;0;0;0;0;0;0;0;0;1;0;0;0;0;0;0;0
sheet;0;2;0;0;0;0;0;0;2;0;0;0;0;0;0;0;0;0;0
roger;0;0;0;0;0;0;0;0;3;0;0;0;0;1;0;0;0;0;0
rocha;0;0;0;0;0;0;0;1;0;0;0;0;0;2;0;0;0;0;0
riverboat;0;0;0;0;0;4;0;0;0;0;0;0;0;0;0;0;0;0;0
rise;0;0;0;0;0;0;0;2;0;0;0;0;0;1;1;0;0;0;0
rim;0;0;0;0;0;0;0;1;0;0;0;0;0;0;0;2;0;0;0
reflect;0;0;0;0;0;0;0;0;0;0;0;1;0;2;1;0;0;0;0
realm;0;0;0;0;0;0;0;0;0;0;0;0;0;0;0;0;0;0;4
purple;0;0;0;0;0;0;0;0;0;0;0;0;0;3;0;0;0;0;0
protect;0;0;0;0;4;0;0;0;0;0;0;0;0;0;0;0;0;0;0
professionally;0;0;0;0;0;0;0;0;0;0;0;1;0;0;0;0;0;0;3
picturesque;0;0;0;0;0;4;0;0;0;0;0;0;0;0;0;0;0;0;0
period;0;0;0;0;0;0;0;4;0;0;0;0;0;0;0;0;0;0;0
pc;0;0;0;0;0;0;4;0;0;0;0;0;0;0;0;0;0;0;0
part;0;0;0;0;0;0;0;0;3;0;0;0;0;1;0;0;0;0;0
parchment;0;0;0;0;0;0;0;0;0;0;0;0;0;0;0;0;0;0;4
paick;0;0;0;0;0;0;0;0;2;0;0;1;0;0;0;0;0;0;0
overcast;0;0;0;0;0;0;0;0;0;3;0;0;0;0;1;0;0;0;0
norwegian;0;0;0;0;0;0;0;0;0;0;0;0;0;0;0;0;0;0;3
mute;0;0;1;0;0;0;0;2;0;0;0;1;0;0;0;0;0;0;0
monster;0;0;0;0;0;0;0;0;0;0;2;1;0;0;0;0;0;0;0
minimal;0;0;0;0;0;2;0;1;1;0;0;0;0;0;0;0;0;0;0
mine;0;0;0;0;0;0;0;1;0;0;0;0;0;0;0;0;0;0;3
medium;0;0;0;0;0;0;3;0;0;0;0;0;0;0;0;1;0;0;0
luxemburg;0;4;0;0;0;0;0;0;0;0;0;0;0;0;0;0;0;0;0
lorenzo;0;0;4;0;0;0;0;0;0;0;0;0;0;0;0;0;0;0;0
lone;0;0;0;0;0;0;1;0;0;0;0;0;3;0;0;0;0;0;0
logo;0;0;2;0;0;0;0;0;0;0;0;0;0;1;0;0;0;1;0
layer;0;0;0;0;0;0;0;0;3;0;0;0;0;0;1;0;0;0;0
lava;0;0;0;0;0;0;0;1;1;0;0;0;0;1;0;0;0;0;0
lanfranconi;0;0;4;0;0;0;0;0;0;0;0;0;0;0;0;0;0;0;0
kremlin;0;0;0;0;0;0;0;0;0;0;0;0;1;0;0;1;0;1;0
koidl;0;0;0;0;0;0;0;0;0;0;0;0;0;0;0;0;0;4;0
kitezh;0;0;0;0;0;0;0;0;0;0;0;0;0;4;0;0;0;0;0
italy;0;0;0;0;0;0;0;0;0;0;0;1;0;2;0;0;0;0;1
istanbul;0;0;0;0;0;0;0;0;1;0;0;0;0;0;0;3;0;0;0
ismail;0;0;0;0;0;0;0;0;4;0;0;0;0;0;0;0;0;0;0
isaac;0;0;0;0;0;2;0;0;0;0;0;0;0;0;2;0;0;0;0
include;0;0;0;0;0;0;0;0;0;0;0;0;0;0;0;0;0;0;4
inceoglu;0;0;0;0;0;0;0;0;4;0;0;0;0;0;0;0;0;0;0
hyperborea;0;0;0;0;0;0;0;0;0;0;0;0;0;4;0;0;0;0;0
hole;0;0;0;0;0;0;0;2;0;0;0;0;0;1;0;0;0;0;0
hohenzollern;0;0;0;0;0;0;0;4;0;0;0;0;0;0;0;0;0;0;0
hodas;0;0;0;0;0;0;2;0;0;0;0;1;0;0;0;0;0;0;0
hobbit;4;0;0;0;0;0;0;0;0;0;0;0;0;0;0;0;0;0;0
highlight;0;0;0;0;0;1;0;0;2;0;0;0;0;1;0;0;0;0;0
group;1;0;0;0;0;0;0;0;0;0;1;0;0;0;1;0;0;0;1
glorious;0;0;0;0;0;0;0;0;0;0;1;0;0;2;1;0;0;0;0
giovanni;0;0;2;0;0;0;0;0;1;0;0;0;0;0;1;0;0;0;0
georgian;0;0;0;0;0;0;0;0;0;0;0;0;0;3;0;1;0;0;0
frog;0;0;0;0;0;0;1;1;0;0;0;1;0;0;1;0;0;0;0
frame;0;0;0;0;0;0;0;1;0;0;0;0;1;0;0;0;0;0;2
foot;0;0;0;0;0;4;0;0;0;0;0;0;0;0;0;0;0;0;0
florence;0;1;0;0;0;0;0;0;0;0;0;1;0;0;0;2;0;0;0
floor;0;0;0;0;0;0;0;4;0;0;0;0;0;0;0;0;0;0;0
finnstark;0;0;0;0;0;0;0;0;0;0;0;0;0;0;0;4;0;0;0
finely;0;0;0;0;0;0;0;0;2;1;1;0;0;0;0;0;0;0;0
fine;0;0;0;0;0;0;0;0;0;0;1;1;0;1;0;0;0;0;0
filip;0;0;0;0;0;0;2;0;0;0;0;1;0;0;0;0;0;0;0
explosion;0;0;0;0;0;0;0;0;0;0;0;0;0;0;3;0;0;0;0
eternity;0;0;0;0;0;0;0;0;0;0;0;0;0;0;0;4;0;0;0
enormous;0;0;0;0;0;0;0;4;0;0;0;0;0;0;0;0;0;0;0
element;0;0;0;0;0;0;0;0;0;0;0;2;0;0;1;0;0;0;0
eerie;0;0;0;0;0;0;0;1;2;0;0;0;0;0;0;0;0;0;0
eastern;0;0;0;0;0;0;0;0;0;0;1;0;0;0;0;2;0;0;0
dolomite;0;0;0;0;4;0;0;0;0;0;0;0;0;0;0;0;0;0;0
detach;0;0;0;0;0;4;0;0;0;0;0;0;0;0;0;0;0;0;0
czech;0;0;0;0;0;0;0;2;0;0;0;0;0;2;0;0;0;0;0
cream;0;0;0;0;0;0;0;0;0;0;0;0;0;4;0;0;0;0;0
cracow;0;0;0;0;0;0;0;0;0;2;0;0;0;0;0;1;0;0;0
courbet;0;0;0;0;0;0;0;1;0;0;0;2;0;0;0;0;0;0;0
contest;0;0;0;0;0;0;0;0;0;0;0;0;0;2;0;0;0;0;2
construction;0;0;0;0;0;0;0;0;0;0;0;0;0;1;0;3;0;0;0
confluence;0;0;0;0;0;0;0;0;0;0;0;4;0;0;0;0;0;0;0
cloudy;0;0;0;0;0;0;0;0;0;0;0;2;0;0;0;0;0;2;0
clay;0;3;0;0;0;0;0;1;0;0;0;0;0;0;0;0;0;0;0
cimbing;0;0;0;0;0;0;0;0;0;0;0;0;0;0;0;0;4;0;0
celtic;0;0;0;0;0;0;0;4;0;0;0;0;0;0;0;0;0;0;0
caribean;0;0;0;0;0;0;0;0;0;0;0;0;0;0;0;4;0;0;0
brutalist;0;0;0;0;0;0;0;0;2;0;0;0;0;1;1;0;0;0;0
botanical;4;0;0;0;0;0;0;0;0;0;0;0;0;0;0;0;0;0;0
beksi;0;0;0;0;0;0;0;0;0;4;0;0;0;0;0;0;0;0;0
base;1;0;0;0;0;0;0;0;0;0;0;2;0;0;0;1;0;0;0
balcony;0;0;0;0;0;0;0;0;0;0;0;0;0;4;0;0;0;0;0
babylon;0;0;0;0;0;0;0;0;4;0;0;0;0;0;0;0;0;0;0
aztec;0;0;4;0;0;0;0;0;0;0;0;0;0;0;0;0;0;0;0
audubon;0;4;0;0;0;0;0;0;0;0;0;0;0;0;0;0;0;0;0
astronaut;3;0;0;0;0;0;0;1;0;0;0;0;0;0;0;0;0;0;0
arthur;0;1;0;0;0;0;0;0;1;0;0;0;0;0;0;0;0;2;0
approach;0;0;4;0;0;0;0;0;0;0;0;0;0;0;0;0;0;0;0
apocalypse;0;0;0;0;0;0;0;0;0;0;1;1;0;1;0;0;0;0;0
angel;0;0;0;0;0;0;0;0;0;1;0;1;0;0;0;0;0;1;0
anato;0;0;0;0;0;0;0;0;0;0;0;0;0;0;0;4;0;0;0
ambiance;0;0;0;0;0;0;0;0;0;0;0;4;0;0;0;0;0;0;0
alsp;0;0;0;0;0;0;0;0;0;0;0;0;0;0;0;4;0;0;0
alley;0;0;0;0;0;0;0;0;0;0;1;2;0;0;0;0;0;1;0
afternoon;0;0;4;0;0;0;0;0;0;0;0;0;0;0;0;0;0;0;0
4d;0;0;0;0;0;0;0;0;0;0;0;0;0;0;0;0;4;0;0
zelensky;0;0;3;0;0;0;0;0;0;0;0;0;0;0;0;0;0;0;0
worth1000;0;0;0;0;0;0;0;0;0;0;0;0;0;0;0;3;0;0;0
worksite;0;0;0;0;0;0;0;0;0;0;0;0;0;0;0;3;0;0;0
wild;2;0;0;0;0;0;0;0;0;1;0;0;0;0;0;0;0;0;0
width;0;0;0;0;0;0;0;3;0;0;0;0;0;0;0;0;0;0;0
wholesome;0;0;0;0;0;0;3;0;0;0;0;0;0;0;0;0;0;0;0
whimsical;0;0;0;0;0;1;0;1;0;0;0;1;0;0;0;0;0;0;0
whelan;0;0;0;0;0;0;0;0;0;1;0;0;0;2;0;0;0;0;0
western;0;0;0;0;0;0;0;0;0;0;0;0;3;0;0;0;0;0;0
weep;0;0;0;0;0;0;0;0;0;0;0;0;0;0;0;0;0;0;3
wayne;0;0;0;0;0;0;0;0;0;0;2;0;0;0;1;0;0;0;0
warn;0;0;0;0;0;0;0;0;3;0;0;0;0;0;0;0;0;0;0
warcraft;0;0;0;0;0;0;0;0;0;0;0;0;0;0;0;0;0;0;3
volatile;0;0;0;0;0;0;0;0;0;0;0;0;0;0;0;0;0;0;3
visible;0;0;0;1;0;0;0;1;1;0;0;0;0;0;0;0;0;0;0
victor;0;0;0;0;0;0;0;1;0;0;0;0;0;1;0;1;0;0;0
vibrante;0;0;0;0;0;0;0;0;0;0;0;3;0;0;0;0;0;0;0
vatican;0;0;0;0;0;0;0;0;1;0;0;1;0;0;0;0;0;0;1
vasnev;0;0;0;0;0;0;0;0;0;0;0;0;0;0;0;3;0;0;0
vasnetsov;0;0;0;0;0;0;0;0;0;0;0;0;0;2;1;0;0;0;0
ussr;0;0;1;0;0;0;0;0;0;0;0;0;0;0;0;0;0;2;0
ureal;0;0;0;0;0;0;0;0;0;0;0;0;0;3;0;0;0;0;0
unify;0;0;3;0;0;0;0;0;0;0;0;0;0;0;0;0;0;0;0
unforgiving;0;0;0;0;0;0;0;0;0;0;0;0;0;0;0;0;0;0;3
ultrarrealistic;0;0;3;0;0;0;0;0;0;0;0;0;0;0;0;0;0;0;0
ukranian;0;0;0;0;0;0;0;0;0;3;0;0;0;0;0;0;0;0;0
ue5;0;0;0;0;0;0;0;0;3;0;0;0;0;0;0;0;0;0;0
turn;0;1;0;0;0;0;0;0;0;0;0;0;0;0;0;0;0;2;0
turini;0;0;0;0;0;0;0;0;0;0;0;0;0;0;0;3;0;0;0
touch;0;0;2;0;0;0;1;0;0;0;0;0;0;0;0;0;0;0;0
teal;0;0;0;0;0;1;1;1;0;0;0;0;0;0;0;0;0;0;0
tarot;0;0;0;0;0;0;2;0;0;0;0;0;0;0;0;0;1;0;0
tardis;0;0;0;0;0;0;0;0;0;0;0;0;0;0;0;0;0;3;0
tag;0;0;0;0;0;3;0;0;0;0;0;0;0;0;0;0;0;0;0
tactic;0;0;0;0;0;0;0;0;0;0;0;0;0;0;0;0;0;0;3
svetlin;0;1;0;0;0;0;0;1;0;0;0;0;0;0;0;1;0;0;0
survivor;0;0;0;0;0;0;0;0;0;0;0;0;0;0;0;0;3;0;0
surrealism;0;0;0;0;0;0;0;0;1;0;0;0;0;0;1;0;1;0;0
surprise;0;0;0;0;0;0;0;0;0;0;0;0;0;0;0;0;0;3;0
strand;0;0;0;0;0;0;0;0;0;0;0;0;0;0;0;0;0;0;3
stew;3;0;0;0;0;0;0;0;0;0;0;0;0;0;0;0;0;0;0
staircase;0;0;0;0;0;0;0;0;1;0;0;2;0;0;0;0;0;0;0
somber;0;0;0;0;0;0;0;0;0;3;0;0;0;0;0;0;0;0;0
skyrim;0;0;0;0;0;0;0;0;0;0;0;0;0;2;0;0;0;0;1
situate;0;0;0;0;0;0;0;0;0;0;0;0;0;0;0;0;0;0;3
simplistic;0;0;0;0;0;0;0;0;0;0;0;0;0;0;0;0;0;0;3
sienkiewicz;0;0;0;0;0;0;0;0;0;0;0;0;3;0;0;0;0;0;0
sid;0;0;0;0;0;0;0;0;0;0;0;0;0;0;0;0;0;0;3
shoulder;0;0;0;0;0;0;0;0;0;0;0;0;1;2;0;0;0;0;0
shock;0;0;0;0;0;0;2;0;0;0;0;0;0;0;0;1;0;0;0
shishkin;0;0;0;0;0;0;0;0;0;0;0;0;0;2;1;0;0;0;0
sewage;0;0;0;0;0;0;0;0;3;0;0;0;0;0;0;0;0;0;0
set;0;0;0;0;0;0;0;0;0;0;0;2;0;0;1;0;0;0;0
sergey;0;0;0;0;0;0;0;0;0;0;0;0;0;0;0;3;0;0;0
scary;0;0;0;0;0;0;0;0;0;0;0;0;3;0;0;0;0;0;0
saturation;0;0;0;0;0;0;0;0;0;2;0;0;0;0;0;1;0;0;0
sail;0;0;0;0;0;0;0;0;0;0;0;0;0;0;0;3;0;0;0
ruysch;0;0;0;0;0;0;0;0;3;0;0;0;0;0;0;0;0;0;0
rubinkowski;0;0;0;0;0;0;0;0;0;0;3;0;0;0;0;0;0;0;0
rtx;0;0;0;0;0;0;0;0;3;0;0;0;0;0;0;0;0;0;0
roundabout;0;0;0;0;0;0;0;0;0;0;0;0;0;0;0;3;0;0;0
rossier;0;0;0;0;0;2;0;0;0;0;0;1;0;0;0;0;0;0;0
rolex;0;0;0;0;0;3;0;0;0;0;0;0;0;0;0;0;0;0;0
rich;0;0;0;0;0;0;0;1;0;0;0;0;0;1;1;0;0;0;0
retrofuture;0;0;0;0;0;0;0;0;0;0;0;0;0;0;0;0;0;0;3
reichstag;0;0;0;0;0;0;0;0;0;0;2;0;0;0;0;1;0;0;0
reapper;0;0;0;0;0;0;0;0;0;0;0;0;0;0;0;0;0;3;0
radiant;0;0;0;0;0;0;0;0;0;0;0;2;0;0;0;0;0;1;0
rachel;0;0;0;0;0;0;0;0;3;0;0;0;0;0;0;0;0;0;0
put;0;0;3;0;0;0;0;0;0;0;0;0;0;0;0;0;0;0;0
pustoviyt;0;0;3;0;0;0;0;0;0;0;0;0;0;0;0;0;0;0;0
pub;0;0;0;0;0;0;0;0;0;0;0;0;0;0;3;0;0;0;0
propaganda;0;0;3;0;0;0;0;0;0;0;0;0;0;0;0;0;0;0;0
precious;3;0;0;0;0;0;0;0;0;0;0;0;0;0;0;0;0;0;0
postprocessing;0;0;0;0;0;0;3;0;0;0;0;0;0;0;0;0;0;0;0
portsmouth;0;0;0;0;0;0;0;0;0;0;0;0;0;0;3;0;0;0;0
population;0;0;0;0;0;0;0;0;0;0;0;0;0;0;0;0;0;0;3
polity;0;0;0;0;0;0;0;0;0;0;0;0;0;0;0;0;0;0;3
poland;0;0;0;0;0;0;0;0;0;0;0;2;0;0;0;1;0;0;0
poke;0;0;0;0;0;0;0;0;0;0;0;0;0;3;0;0;0;0;0
petroleum;0;0;0;0;0;0;0;0;0;0;0;0;0;0;0;0;0;3;0
pastoral;0;0;0;0;0;0;0;0;0;0;0;0;0;2;0;0;0;1;0
pascal;0;0;0;0;0;0;0;1;0;0;0;1;0;0;1;0;0;0;0
palermo;0;0;1;0;0;0;0;0;0;0;0;0;0;0;0;0;0;2;0
overhead;0;0;0;0;0;0;0;0;0;0;0;2;0;0;1;0;0;0;0
otto;0;0;3;0;0;0;0;0;0;0;0;0;0;0;0;0;0;0;0
omega;0;0;0;0;0;3;0;0;0;0;0;0;0;0;0;0;0;0;0
odessa;0;0;0;0;0;0;0;0;0;3;0;0;0;0;0;0;0;0;0
norway;0;0;3;0;0;0;0;0;0;0;0;0;0;0;0;0;0;0;0
noise;0;0;0;0;0;0;0;0;0;0;0;3;0;0;0;0;0;0;0
nazi;0;0;0;0;0;0;0;0;0;0;3;0;0;0;0;0;0;0;0
nature;0;0;0;0;0;0;0;3;0;0;0;0;0;0;0;0;0;0;0
name;0;0;0;0;0;0;0;0;0;0;0;1;0;0;0;0;0;0;2
nag;0;0;0;0;0;0;0;0;0;0;3;0;0;0;0;0;0;0;0
musty;0;0;0;0;0;0;0;0;3;0;0;0;0;0;0;0;0;0;0
motherboard;0;0;0;0;0;0;0;1;0;0;2;0;0;0;0;0;0;0;0
moss;0;0;0;0;0;0;0;0;3;0;0;0;0;0;0;0;0;0;0
moonlight;0;0;0;0;0;0;0;1;2;0;0;0;0;0;0;0;0;0;0
mood;0;0;0;0;0;0;0;0;0;0;0;1;0;1;1;0;0;0;0
mohrhauser;0;0;0;0;0;0;0;0;0;0;0;0;0;0;0;0;3;0;0
mitchell;0;0;0;0;0;0;0;0;0;0;0;0;0;0;0;0;3;0;0
miss;0;0;0;0;0;0;0;0;0;0;0;0;0;0;0;0;0;0;3
miniature;0;0;0;0;0;0;0;0;0;0;0;1;0;1;1;0;0;0;0
metal;0;0;0;0;0;0;0;0;0;0;0;1;0;0;1;1;0;0;0
mercantile;0;0;0;0;0;0;0;0;0;0;0;0;0;0;0;0;0;0;3
meier;0;0;0;0;0;0;0;0;0;0;0;0;0;0;0;0;0;0;3
mattias;0;0;0;0;0;0;0;1;0;0;0;0;0;0;0;1;0;0;1
marcin;0;0;0;0;0;0;0;0;0;0;3;0;0;0;0;0;0;0;0
march;0;0;1;0;0;0;0;2;0;0;0;0;0;0;0;0;0;0;0
malevolent;0;0;0;0;0;0;0;0;0;3;0;0;0;0;0;0;0;0;0
madgwick;0;0;0;0;0;0;1;0;1;0;0;0;0;0;1;0;0;0;0
maciej;0;0;0;0;0;0;0;0;0;0;0;0;0;0;0;0;3;0;0
lyria;0;0;0;0;0;0;3;0;0;0;0;0;0;0;0;0;0;0;0
luxury;0;0;0;0;0;0;0;0;0;0;0;0;0;0;0;3;0;0;0
lumen;0;0;0;0;0;0;0;0;0;0;0;3;0;0;0;0;0;0;0
loaf;3;0;0;0;0;0;0;0;0;0;0;0;0;0;0;0;0;0;0
lisa;0;0;0;0;0;0;0;0;3;0;0;0;0;0;0;0;0;0;0
lifelike;0;0;0;0;0;0;0;0;0;0;0;0;0;1;0;0;0;2;0
liberty;0;0;0;0;0;0;0;0;0;0;0;3;0;0;0;0;0;0;0
leg;3;0;0;0;0;0;0;0;0;0;0;0;0;0;0;0;0;0;0
kuciara;0;0;0;0;0;0;0;0;0;0;0;0;0;0;0;0;3;0;0
jurgens;0;0;0;0;0;0;0;0;0;0;0;1;0;0;0;0;0;2;0
jungle;0;0;0;0;0;0;0;0;2;0;0;1;0;0;0;0;0;0;0
joy;0;0;0;0;0;0;0;1;0;0;0;2;0;0;0;0;0;0;0
jewel;0;0;0;0;0;3;0;0;0;0;0;0;0;0;0;0;0;0;0
jessica;0;0;0;0;0;2;0;0;0;0;0;1;0;0;0;0;0;0;0
jeremy;0;0;0;0;0;0;0;1;0;0;0;0;1;0;0;1;0;0;0
jag;0;0;0;0;0;0;0;0;0;0;0;0;0;0;0;0;0;0;3
jacob;0;0;0;0;0;3;0;0;0;0;0;0;0;0;0;0;0;0;0
international;0;0;0;0;0;0;0;0;2;0;0;0;0;1;0;0;0;0;0
incredibly;0;0;0;0;0;0;0;0;0;0;0;0;0;0;0;0;0;0;3
imperious;0;0;0;0;0;0;0;0;0;3;0;0;0;0;0;0;0;0;0
ilsted;0;0;0;0;0;0;0;0;2;0;0;0;0;0;0;0;1;0;0
illuminate;0;0;0;0;0;0;0;0;0;0;0;2;0;0;1;0;0;0;0
humongous;0;0;0;0;0;0;0;0;0;0;0;1;0;0;0;2;0;0;0
hospitable;0;0;0;0;0;0;0;0;0;0;0;0;0;0;0;0;0;0;3
horizon;0;0;0;0;0;0;0;2;0;0;0;0;0;1;0;0;0;0;0
holy;0;0;0;1;0;0;0;0;1;0;0;0;0;0;0;0;0;0;1
hiroshi;0;0;0;0;0;0;0;0;0;0;0;0;0;0;0;0;0;3;0
hilly;0;0;0;0;0;0;0;0;0;0;0;0;0;3;0;0;0;0;0
higer;0;0;0;0;0;0;0;0;0;0;0;0;0;3;0;0;0;0;0
heur;0;0;0;0;0;3;0;0;0;0;0;0;0;0;0;0;0;0;0
heem;0;0;0;0;0;0;0;0;3;0;0;0;0;0;0;0;0;0;0
head;3;0;0;0;0;0;0;0;0;0;0;0;0;0;0;0;0;0;0
havrylo;0;0;3;0;0;0;0;0;0;0;0;0;0;0;0;0;0;0;0
harrison;0;1;0;0;0;0;0;0;0;0;0;0;0;0;0;0;0;2;0
happy;0;0;0;0;0;0;0;0;0;0;0;0;0;0;2;0;0;1;0
hampshire;0;0;0;0;0;0;0;0;0;0;0;0;0;0;3;0;0;0;0
halle;0;0;0;0;0;0;0;0;0;0;3;0;0;0;0;0;0;0;0
haeckel;0;1;0;0;0;0;0;0;0;0;2;0;0;0;0;0;0;0;0
habitable;0;0;0;0;0;0;0;0;0;0;0;0;0;0;0;0;0;0;3
gustav;0;0;0;0;0;0;0;0;1;1;0;0;0;1;0;0;0;0;0
grotesque;0;0;0;0;0;0;0;0;0;0;3;0;0;0;0;0;0;0;0
grimdark;0;0;0;0;0;0;0;0;0;1;0;0;0;2;0;0;0;0;0
gondola;0;0;0;0;0;0;0;0;0;0;0;0;0;0;0;0;0;3;0
girod;0;0;0;0;0;0;0;0;0;0;3;0;0;0;0;0;0;0;0
girl;1;0;0;0;0;0;0;0;0;0;0;0;0;0;0;0;0;2;0
giancola;0;0;0;0;0;0;0;1;0;0;0;0;0;0;0;0;0;2;0
giacomo;0;0;0;0;0;0;0;0;0;3;0;0;0;0;0;0;0;0;0
ghailan;0;0;0;0;0;0;0;2;0;0;0;0;0;0;0;1;0;0;0
george;0;0;2;0;0;0;0;0;0;0;0;0;0;1;0;0;0;0;0
gdansk;0;0;0;0;0;0;0;0;1;1;1;0;0;0;0;0;0;0;0
gabriele;0;0;3;0;0;0;0;0;0;0;0;0;0;0;0;0;0;0;0
froud;0;0;0;0;0;0;0;0;2;0;0;0;0;0;0;0;0;0;1
france;0;0;0;0;0;0;0;1;0;0;0;0;0;0;0;0;0;0;2
fort;0;0;0;0;0;0;0;0;0;0;1;0;0;0;0;0;0;2;0
ford;0;1;0;0;0;0;0;0;0;0;0;0;0;1;1;0;0;0;0
flash;0;0;0;0;0;0;2;0;1;0;0;0;0;0;0;0;0;0;0
fishpond;0;0;0;0;0;0;0;0;0;0;0;0;0;0;0;3;0;0;0
finland;0;0;0;0;0;0;0;0;0;0;0;0;0;0;1;0;0;0;2
figurine;0;0;0;0;0;0;0;0;0;0;0;3;0;0;0;0;0;0;0
export;0;0;0;0;0;0;0;0;0;0;0;0;0;0;0;0;0;0;3
even;0;0;0;0;0;0;0;0;0;0;0;1;0;0;2;0;0;0;0
eu;0;0;0;0;0;0;0;0;0;0;0;0;0;0;0;0;0;3;0
erase;0;0;0;0;0;0;0;0;0;0;0;0;0;0;0;0;0;0;3
era;0;0;1;0;0;0;0;0;0;0;1;1;0;0;0;0;0;0;0
equator;0;0;0;0;0;0;0;0;0;0;0;0;0;0;0;0;0;0;3
eat;0;0;0;0;0;0;0;1;0;0;0;0;0;0;1;0;0;1;0
doré;0;0;0;0;0;0;0;0;0;0;0;0;0;0;0;3;0;0;0
donato;0;0;0;0;0;0;0;1;0;0;0;0;0;0;0;0;0;2;0
district;0;0;0;0;0;0;3;0;0;0;0;0;0;0;0;0;0;0;0
distort;0;3;0;0;0;0;0;0;0;0;0;0;0;0;0;0;0;0;0
discover;0;0;0;0;0;0;0;0;0;0;0;0;0;0;0;0;0;3;0
dimly;0;0;0;0;0;0;0;0;0;0;0;0;0;0;3;0;0;0;0
dim;0;0;0;0;0;0;0;0;2;0;0;0;0;1;0;0;0;0;0
dieces;3;0;0;0;0;0;0;0;0;0;0;0;0;0;0;0;0;0;0
dice;3;0;0;0;0;0;0;0;0;0;0;0;0;0;0;0;0;0;0
devil;0;0;0;0;0;0;0;0;0;0;0;0;3;0;0;0;0;0;0
desaturated;0;0;2;0;0;0;0;0;0;0;0;0;0;1;0;0;0;0;0
deni;0;0;3;0;0;0;0;0;0;0;0;0;0;0;0;0;0;0;0
delville;0;0;0;0;0;0;0;0;0;0;0;0;0;0;0;3;0;0;0
dell;0;0;3;0;0;0;0;0;0;0;0;0;0;0;0;0;0;0;0
decorate;0;0;0;0;0;0;0;0;2;1;0;0;0;0;0;0;0;0;0
dean;0;0;0;0;0;0;0;0;3;0;0;0;0;0;0;0;0;0;0
davidsz;0;0;0;0;0;0;0;0;3;0;0;0;0;0;0;0;0;0;0
darrow;0;0;0;0;0;0;2;1;0;0;0;0;0;0;0;0;0;0;0
cumulonimbus;0;0;0;0;0;0;0;0;0;0;0;0;0;0;3;0;0;0;0
crumble;0;0;0;0;0;0;0;0;0;0;0;0;3;0;0;0;0;0;0
count;0;0;0;0;0;0;0;0;3;0;0;0;0;0;0;0;0;0;0
concrete;0;0;0;0;0;0;0;0;2;0;0;0;0;0;1;0;0;0;0
coastline;0;0;0;0;0;0;0;0;0;0;0;0;0;0;0;0;0;0;3
coastal;0;0;0;1;0;0;0;0;0;0;0;0;0;1;0;0;0;0;1
clown;0;0;0;0;0;0;0;0;0;0;0;0;0;0;0;3;0;0;0
clothe;0;0;2;0;0;0;0;0;0;0;0;0;0;0;0;0;0;1;0
circuit;0;0;0;0;0;0;0;0;0;0;2;1;0;0;0;0;0;0;0
churn;0;0;0;0;0;0;0;0;0;0;0;0;0;0;0;0;0;0;3
christmas;0;0;0;0;0;0;0;0;2;0;0;0;0;0;0;1;0;0;0
child;0;0;0;0;0;0;0;0;0;0;0;0;0;0;0;0;1;0;2
chain;0;0;0;0;0;0;0;0;0;0;0;0;1;1;0;0;0;0;1
central;0;0;0;0;0;0;0;0;1;0;2;0;0;0;0;0;0;0;0
catedral;0;0;0;0;0;0;0;0;0;0;0;0;0;0;0;0;0;3;0
cast;0;0;0;0;0;0;0;0;0;0;0;1;0;2;0;0;0;0;0
cartoony;0;0;0;0;0;0;0;1;0;0;0;2;0;0;0;0;0;0;0
card;0;0;0;0;0;0;2;0;0;0;0;0;0;0;0;0;1;0;0
bury;0;0;0;0;0;0;0;0;0;2;0;0;0;0;0;0;0;0;1
burattini;0;0;0;0;0;0;0;0;0;3;0;0;0;0;0;0;0;0;0
brian;0;0;0;0;0;0;0;0;2;0;0;0;0;0;0;0;0;0;1
breitling;0;0;0;0;0;3;0;0;0;0;0;0;0;0;0;0;0;0;0
bologna;0;0;0;0;0;0;0;0;0;0;0;0;0;3;0;0;0;0;0
blood;0;3;0;0;0;0;0;0;0;0;0;0;0;0;0;0;0;0;0
block;0;0;3;0;0;0;0;0;0;0;0;0;0;0;0;0;0;0;0
biomes;0;0;0;0;0;0;0;0;0;0;0;0;0;0;0;0;0;0;3
bill;0;0;0;0;0;0;0;0;0;0;0;0;3;0;0;0;0;0;0
bike;0;0;0;0;0;1;0;1;0;0;0;0;0;0;0;0;0;0;1
beer;1;0;0;0;0;0;0;0;0;0;0;0;0;0;2;0;0;0;0
battista;0;0;2;0;0;0;0;0;1;0;0;0;0;0;0;0;0;0;0
ayan;0;0;0;0;0;0;0;0;0;0;3;0;0;0;0;0;0;0;0
aublet;0;0;0;0;0;0;0;0;0;0;0;0;0;0;1;0;0;2;0
atlas;0;0;0;0;0;0;0;0;0;0;0;0;0;0;0;0;0;0;3
atey;0;0;0;0;0;0;0;2;0;0;0;0;0;0;0;1;0;0;0
astrophotography;0;0;2;0;0;0;0;0;0;0;0;1;0;0;0;0;0;0;0
ariel;0;0;0;0;0;0;3;0;0;0;0;0;0;0;0;0;0;0;0
animate;0;0;0;0;0;0;0;0;0;3;0;0;0;0;0;0;0;0;0
andrew;0;1;0;0;0;0;0;0;0;0;0;2;0;0;0;0;0;0;0
anarchy;0;3;0;0;0;0;0;0;0;0;0;0;0;0;0;0;0;0;0
amstel;0;0;0;0;0;0;0;0;0;0;0;0;0;0;0;0;0;3;0
allyway;0;0;0;0;0;0;0;2;0;0;0;0;0;0;0;0;1;0;0
alienate;0;0;0;0;0;0;0;0;0;3;0;0;0;0;0;0;0;0;0
alert;0;0;3;0;0;0;0;0;0;0;0;0;0;0;0;0;0;0;0
aivazovski;0;0;0;0;0;0;0;0;0;0;0;1;0;1;1;0;0;0;0
adrien;0;0;0;0;0;0;0;0;0;0;3;0;0;0;0;0;0;0;0