"";"classe 1";"classe 2";"classe 3";"classe 4";"classe 5";"classe 6";"classe 7";"classe 8";"classe 9";"classe 10";"classe 11";"classe 12";"classe 13";"classe 14";"classe 15";"classe 16";"classe 17";"classe 18";"classe 19"
"detail";1;0,022;1;0;0;1;0,933;1;0,476;0,499;0,71;0,001;0,175;0,016;0,85;1;1;0;1
"art";0,001;1;1;0;1;1;0,025;1;1;0,868;0,909;1;0,007;1;0,259;1;1;0;1
"paint";1;0,049;1;0;1;0,822;0,005;1;1;1;1;1;0,074;0,101;1;1;1;0;1
"artstation";0;1;1;0;1;0,007;1;1;1;1;1;0,614;1;0,436;0,905;0;0,129;0;1
"light";1;0;0,102;1;1;1;0,392;1;1;0,302;0,123;0,229;1;0,346;0,465;0;1;1;1
"highly";1;1;1;0;0;1;1;1;0,424;0,229;1;1;0;0,123;1;1;1;0;1
"concept";0;1;1;0;1;1;1;1;1;1;1;1;0;1;1;1;0,189;0;1
"city";0,121;1;1;1;1;1;0,001;0,001;1;0,477;0,016;1;1;0;0,005;1;1;0;1
"greg";0,067;1;1;0;1;0,063;0;1;1;1;1;1;0;0,313;0,95;0,014;0,874;0,258;1
"digital";1;1;1;0;1;1;1;1;1;1;1;1;0;0,347;0,459;0,433;1;0;1
"rutkowski";1;1;1;1;1;0,004;0;1;1;1;1;0,369;0;0,482;0,562;0;0,402;0;1
"trend";0;1;1;0;1;0;1;1;1;0,514;0,305;0,023;1;0,271;0,067;0,784;0,063;1;1
"beautiful";0;1;0,011;0,762;1;0;1;1;1;0,001;1;1;0,993;0,001;1;1;1;1;1
"cinematic";1;0;1;1;0;1;0,259;1;1;1;0,005;0,101;1;0,085;1;0,095;0;1;1
"medieval";0;1;1;1;0;0;0,418;0,001;1;1;1;1;1;1;0,094;1;1;1;1
"render";1;1;1;0;0;1;0,156;1;1;0,049;0,095;0;1;0,191;0,348;1;0,682;1;1
"illustration";0;1;1;1;1;1;1;1;1;1;1;1;0;1;1;1;1;0;1
"high";1;0;1;1;1;1;1;1;1;0,131;0;0,035;1;0,028;0,538;1;0,002;1;1
"intricate";1;1;1;0;1;1;1;1;1;0,147;1;1;0;0,07;1;1;1;0;1
"fantasy";1;1;1;1;1;1;0,055;0,001;0,119;1;1;1;0;0;0;1;1;1;0,108
"octane";1;1;1;0;0;1;0,748;1;1;0,043;0,084;0;1;0,026;0,526;1;0,995;1;1
"sharp";1;1;1;1;1;1;1;1;0,16;0,829;1;1;0;0,772;1;1;1;0;1
"view";1;0;0,078;1;1;1;0;1;1;1;0,727;1;1;1;0,433;1;1;0;1
"focus";1;1;1;1;1;1;1;1;0,104;1;1;1;0;0,751;1;1;1;0;1
"color";0;0,001;1;1;1;0,589;1;1;1;1;1;1;1;1;1;1;0,189;0;1
"realistic";1;1;1;1;0,035;0,001;1;0,485;0,652;0,482;1;0;1;0,006;0,043;1;0,22;1;1
"street";1;0;0,71;1;1;0;0,01;0,33;1;0,65;1;1;1;1;0,001;1;1;1;1
"town";1;1;1;0;0;0;0;1;1;1;1;0,664;1;1;1;1;1;1;1
"matte";1;1;1;0;1;1;0;1;1;1;1;0,89;0;0,29;1;1;1;1;1
"engine";1;1;1;0;1;0,002;0,011;1;1;0,858;1;0;0,545;0,06;0,004;1;0,799;1;1
"unreal";1;1;1;0;1;0,002;0,01;1;1;0,847;1;0;0,534;0,337;0,001;1;0,787;1;1
"volumetric";0;1;1;1;1;1;1;1;1;1;0,291;1;1;1;0,246;0;1;1;1
"map";0,001;1;1;1;1;1;0,974;1;1;1;1;1;1;1;1;1;1;1;0
"style";1;1;1;1;1;0,457;1;0,442;1;0,004;0;0;1;0,051;0,633;0,709;1;1;0,85
"tower";1;0;1;1;1;1;1;0,645;0,27;0,917;1;1;0,996;0,186;1;0,148;0;1;1
"sky";1;1;1;1;1;0;1;1;0,937;0,115;1;1;1;0,092;0,134;1;1;0;1
"masterpiece";1;0;1;1;1;0,013;0;1;1;0,879;0,543;1;1;1;0,077;1;1;1;1
"mucha";1;1;1;1;1;1;0,001;1;1;1;1;1;0;1;1;1;0,831;0;1
"8k";1;1;1;1;1;1;1;1;1;1;0,954;0,001;1;0,542;1;0;0;1;1
"village";0;1;0,004;0;0,513;0,101;0,809;1;0,548;1;1;1;1;1;1;1;1;1;1
"artgerm";0;1;1;1;1;0,534;1;1;1;1;1;1;0;1;1;1;0,747;0;1
"alphonse";1;1;1;1;1;1;0,001;1;1;1;1;1;0;1;1;1;0,803;0;1
"mountain";1;1;1;1;0;0;1;0,995;1;1;1;1;1;0,091;0,071;1;1;1;1
"river";1;1;1;1;0,488;0;1;0,077;1;1;1;1;1;1;1;0,785;1;0;1
"hd";1;1;0,002;1;0;1;1;1;1;1;1;0,985;0,129;1;1;0,001;0;1;1
"ultra";1;1;1;1;0;1;0;1;1;0,746;1;0,001;1;1;1;0;1;1;1
"castle";1;1;1;1;1;0,037;1;0;1;1;1;1;1;0,625;0,076;1;1;1;1
"hyper";1;1;1;1;0;0,752;1;0,164;1;0,566;1;0;1;0,019;0,011;1;0,033;1;1
"atmosphere";0;1;1;1;1;1;1;1;1;0,608;0,555;1;1;1;1;0,11;0,882;1;1
"elegant";1;1;1;1;1;1;1;1;1;1;1;1;0;1;1;1;1;0;1
"cgsociety";1;1;1;1;1;1;1;1;1;1;1;1;1;1;0,275;0;0,109;1;1
"bridge";0;1;0;1;1;0,724;1;1;1;1;1;1;1;1;1;1;1;1;1
"smooth";1;1;0,968;1;1;1;1;1;1;1;1;1;0;0,125;1;1;0,533;0;1
"hyperdetailed";1;1;1;1;1;1;0;1;1;1;1;1;1;1;1;0;0,343;1;1
"landscape";0;1;0,156;1;1;1;1;0,301;1;0,192;0,214;0,637;1;0;1;1;1;1;1
"james";0,002;0;1;1;1;0;1;1;0,187;1;1;0,15;1;0,571;0,309;1;1;1;1
"oil";0,08;1;1;1;1;1;1;1;1;1;0,001;0;1;0;0,02;1;1;1;1
"night";1;1;0,078;0,108;0,104;1;1;1;0,793;0,068;1;0,526;1;1;0,021;1;0,183;0;1
"dramatic";1;1;1;1;1;1;0,008;1;1;1;1;0,084;1;1;0,023;0;0;1;1
"rain";0;1;1;1;0;1;1;1;1;1;1;1;1;1;1;1;1;0,883;1
"photorealistic";1;0,283;1;1;0;1;0;0,89;0,733;1;0,248;1;1;0,791;1;0,929;0;1;1
"contrast";1;0;0;1;1;1;1;1;1;1;1;1;1;1;1;1;1;1;1
"sunny";1;0;1;0;1;1;0,901;1;1;1;1;1;1;1;1;0,408;1;1;1
"gothic";1;1;1;1;1;1;0,001;1;1;0,401;1;0,994;1;0,436;0,176;0;1;1;1
"composition";1;0;1;1;1;1;1;1;1;1;0,01;0,124;1;1;0,916;1;1;1;1
"ancient";1;0;1;1;1;1;1;1;0,315;1;1;1;1;1;1;1;1;0;1
"background";0;1;0,082;1;1;0;1;0,146;1;1;1;1;1;1;0,061;0,883;1;1;1
"small";1;1;0,401;1;1;0;0,442;1;1;1;1;0,423;1;1;0,023;0,152;1;1;1
"full";1;0;1;1;1;1;1;1;1;0,137;1;1;0,171;1;1;1;1;0;1
"dark";1;0;1;1;1;0,883;1;0,123;0,163;1;0,644;1;1;0,092;0,012;1;0,618;1;1
"flower";0;1;1;1;1;1;1;1;1;1;1;1;1;1;1;1;1;1;1
"stone";1;1;0,71;1;1;0,237;1;0;1;1;1;0;1;1;0;1;1;1;1
"paris";1;1;1;1;1;1;1;1;1;1;1;1;1;0,325;1;0,706;0,006;0;1
"photo";1;1;1;1;1;0;0,867;1;1;0,771;1;1;1;0,775;0,258;0;1;1;1
"architecture";1;1;1;1;1;0,001;0;1;0,094;1;1;0,707;1;0;0,592;1;1;1;1
"epic";1;1;1;1;1;1;1;1;0,155;1;1;0,001;1;0;1;1;1;1;1
"building";1;1;1;0,009;1;0,654;1;0;1;1;1;1;1;0;0;0,861;1;1;1
"shoot";0;1;1;0,001;1;1;0,005;1;1;0,72;1;1;0;0,38;1;1;1;1;1
"wide";1;1;1;1;1;1;0,461;1;1;0,805;1;0,766;1;0,264;1;0;0,162;1;1
"angle";1;1;1;1;1;1;1;1;1;1;1;1;1;1;0,836;0;0,074;1;1
"vibrant";1;0;1;1;1;1;1;1;1;1;1;0,088;1;1;0,007;1;0;1;1
"smoke";0;1;1;1;1;1;1;1;1;1;1;1;1;1;1;1;1;1;1
"day";1;0;1;0;1;0,584;1;1;0,308;1;1;1;1;1;1;0,009;1;1;1
"4k";1;1;1;1;1;1;1;1;0,013;0,41;0,133;0;1;1;0,193;0,988;1;0,519;1
"thomas";0,076;1;0,773;1;1;1;0,001;1;0,071;1;1;1;1;1;0;1;1;0,001;1
"world";1;0,503;1;1;1;1;1;1;1;0,975;1;1;1;1;1;1;0,086;1;0
"water";1;1;0,023;1;1;1;1;0,063;0;1;1;1;1;1;0,273;0;1;1;1
"studio";1;1;0;0;1;1;0;1;1;0,484;1;0,57;1;1;0,657;1;1;1;1
"soft";1;1;0;1;1;0,004;1;1;1;1;0;1;1;1;1;1;1;1;1
"blue";0,037;1;1;1;1;1;1;1;0,05;1;1;0,829;0;0,265;1;0,001;1;1;1
"victorian";1;1;1;0;1;1;1;1;1;1;0,333;0,861;1;0,926;0,885;1;1;1;1
"tree";1;1;1;0,829;1;0;1;0,698;0,155;1;1;1;1;1;0;0,169;1;1;1
"person";0,319;1;1;1;1;0;1;1;1;1;0,903;0,724;1;0,779;0;1;1;1;1
"magical";1;1;1;0;1;1;1;1;1;1;1;1;0,138;1;1;1;1;1;1
"flood";1;0;1;1;1;1;1;1;0,253;1;1;1;1;1;1;1;1;1;1
"house";1;1;1;1;1;0;1;0,038;0,706;1;1;0,19;1;1;1;1;1;1;1
"gurney";1;1;1;1;1;0;1;1;0,266;1;1;1;1;0,012;0,161;1;1;1;1
"ghibli";1;1;0;0;1;1;0;1;1;0,081;1;0,869;1;1;1;1;1;1;1
"build";1;1;1;1;1;1;0,094;1;0,096;0,373;1;1;1;0;0;1;1;1;1
"win";1;0;1;1;1;1;0;1;1;1;0,003;0,003;1;1;0,552;1;1;1;1
"simonetti";0;1;1;1;1;1;0;1;1;1;1;1;1;1;1;1;1;1;1
"ornate";0;1;1;1;1;1;1;1;1;1;1;1;1;1;1;1;1;1;1
"marc";0;1;1;1;1;1;0;1;1;1;1;1;1;1;1;1;1;1;1
"inspire";1;1;1;0;1;1;0;1;1;0,159;1;1;1;1;1;1;1;1;1
"krenz";1;1;1;1;1;1;1;1;1;1;1;1;1;1;1;0,97;1;0;1
"forest";0;1;1;1;1;0,469;1;1;0,726;1;1;1;1;1;1;1;1;1;1
"cushart";1;1;1;1;1;1;1;1;1;1;1;1;1;1;1;0,97;1;0;1
"shadow";1;0;0;1;1;1;1;1;1;1;1;1;1;1;1;1;1;1;1
"red";0;1;0,8;1;1;1;1;1;1;1;1;1;1;1;1;1;1;0,768;1
"award";1;0;1;1;1;1;0;1;1;1;0,002;0,012;1;1;0,526;1;1;1;1
"vibe";0;1;1;1;1;1;1;1;1;0,02;1;1;1;1;1;1;1;1;1
"tall";1;1;0;0;1;0,358;0,044;0;0,627;0,121;1;1;1;1;1;1;1;1;1
"glass";0;1;1;1;1;1;1;1;0,19;1;1;1;1;0,728;1;0,227;1;1;1
"european";1;1;0;1;1;0,004;0,044;1;1;1;0,053;1;0,575;1;1;1;1;0,723;1
"center";0,922;1;1;1;0;0,002;0,03;1;0,566;1;1;1;1;1;1;1;1;1;1
"summer";1;1;1;1;1;0;1;1;0,505;0,074;1;1;1;1;1;1;1;1;1
"mist";0;1;1;1;1;1;1;1;0,166;1;1;1;1;1;1;1;1;1;1
"great";1;0;1;1;1;1;1;1;1;1;1;1;1;1;0,71;1;1;1;1
"wlop";0;1;1;1;1;1;1;1;1;1;1;0,128;0,001;1;1;0,447;0,046;1;1
"surround";1;1;1;1;0;1;1;0,592;1;1;1;0,869;1;0,927;0,578;1;1;1;1
"ray";1;1;1;1;1;0,484;1;1;1;0,044;1;0,297;1;0;0;1;1;1;1
"jean";0;1;1;1;1;1;1;1;1;1;1;0;0,723;1;0,501;0,643;1;1;1
"hyperrealistic";1;0,664;1;1;1;1;1;1;0,153;0;0,45;1;1;0;0,537;1;1;1;0,638
"bright";1;1;1;1;1;1;1;1;1;1;0;1;0,723;0;0,001;1;1;1;1
"amsterdam";1;1;1;0;1;1;1;1;1;1;1;0,06;1;1;1;1;1;1;1
"valley";1;1;0,011;1;0;1;1;1;1;1;1;1;1;1;1;1;1;1;1
"resolution";1;1;1;1;1;1;1;1;1;0,061;0;0;0;0,177;1;0,912;0,018;1;1
"lush";0;1;1;1;1;1;1;1;1;1;1;1;1;1;1;1;1;1;1
"demura";1;1;1;1;1;1;1;1;1;1;1;1;1;1;1;1;1;0;1
"artem";1;1;1;1;1;1;1;1;1;1;1;1;1;1;1;1;1;0;1
"magritte";1;0;1;1;1;1;1;1;1;1;1;1;1;1;1;1;1;1;1
"green";0;1;1;1;1;1;1;1;1;1;1;1;1;1;1;0,051;1;1;1
"chimney";0;1;1;1;1;1;1;1;1;1;1;1;1;1;0,064;1;1;1;1
"ice";0;1;1;1;1;1;1;1;1;1;1;1;1;1;1;1;1;1;1
"flag";1;1;0,717;1;1;1;1;1;1;0,975;1;1;0;1;1;1;1;0,005;1
"eternal";1;1;1;1;1;1;1;1;1;1;1;1;1;0;1;1;1;1;1
"eiffel";1;1;1;1;1;1;1;1;1;1;1;1;1;0,28;1;1;0;1;1
"anime";1;1;0;1;1;1;0;1;1;1;1;1;1;0,703;1;1;1;1;1
"white";0,087;1;1;1;1;1;1;1;0,205;1;1;0,293;0,832;0;0,64;1;1;1;0,777
"wet";0;1;1;1;1;1;1;1;0,124;1;1;1;1;1;1;1;1;1;1
"quality";1;1;1;1;0,003;1;1;1;0,05;1;0;0,996;0;1;1;1;0,006;1;0,27
"large";1;1;1;1;1;0;1;0,013;0,422;1;1;1;1;0,14;0,025;1;1;1;1
"colorful";1;0;1;1;1;1;1;1;1;1;1;0,27;1;1;0;1;1;1;1
"waterfall";0;1;1;1;1;1;1;1;1;1;1;1;1;0,461;1;1;1;1;1
"realism";1;1;0,016;0,006;0;1;1;1;1;1;1;0;1;0,137;1;1;1;1;1
"pristine";0;1;1;1;1;1;1;1;1;1;0,982;1;1;1;1;1;1;1;1
"cloud";1;1;1;1;1;1;0,783;0,357;1;1;1;1;1;0;0;1;1;1;1
"vivid";1;0,067;1;1;1;1;1;1;1;0,814;0;0,326;1;1;1;0;1;1;1
"spitzweg";1;0;1;1;1;1;1;1;1;1;1;1;1;1;1;1;1;1;1
"snow";0;1;1;1;1;1;1;1;1;1;1;1;1;1;1;1;1;1;1
"rene";1;0;1;1;1;1;1;1;1;1;1;1;1;1;1;1;1;1;1
"game";1;1;1;0;1;1;0,029;1;1;0,887;1;0;0;0,926;1;1;0,351;1;1
"carl";1;0;1;1;1;1;1;1;1;1;1;1;1;1;1;1;1;1;1
"simon";1;0;1;1;1;1;1;1;1;1;1;1;1;1;1;0,07;1;1;1
"scene";1;1;1;1;1;0,065;1;1;1;0,016;1;1;1;0,884;0,741;0;1;1;1
"roman";1;1;0;1;1;1;1;0,058;1;1;1;1;1;0,048;1;0,062;1;1;1
"puddle";0;1;1;1;1;1;1;1;1;1;1;1;1;1;1;1;1;1;1
"mullins";1;1;1;0;1;1;1;1;1;0,061;1;1;1;1;1;0,912;1;1;1
"extremely";1;0,004;1;1;1;1;1;1;0,05;1;1;1;0;0;1;1;1;1;1
"craig";1;1;1;0;1;1;1;1;1;0,061;1;1;1;1;1;0,912;1;1;1
"aerial";1;1;1;1;1;1;0;1;1;1;1;1;1;1;1;1;1;1;1
"photography";1;1;1;1;1;1;0;1;1;0,909;0;1;1;1;1;1;1;1;1
"england";1;1;1;0;1;1;1;1;1;1;0,791;1;1;1;1;1;1;1;1
"empty";1;0;1;1;1;1;1;1;0,3;0,909;1;1;1;1;0,296;0,592;1;1;1
"sunset";1;1;0,004;1;1;0;1;1;0,361;1;0,286;1;1;0,28;1;0,036;1;1;1
"page";0;1;1;1;1;1;1;1;1;1;1;1;1;1;1;1;1;1;1
"melt";0;1;1;1;1;1;1;1;1;1;1;1;1;1;1;1;1;1;1
"huge";1;1;1;1;1;1;1;1;1;1;1;1;0;1;0;0,003;1;1;1
"drip";0;1;1;1;1;1;1;1;1;1;1;1;1;1;1;1;1;1;1
"creek";0;1;1;1;1;1;1;1;1;1;1;1;1;1;1;1;1;1;1
"lake";1;1;1;1;1;1;0,039;1;0,32;1;1;1;1;1;0,836;0;1;1;1
"star";1;1;1;1;1;1;1;1;1;1;1;1;0,883;1;0,227;1;1;0;1
"stalenhag";1;0;1;1;1;1;1;1;1;1;1;1;1;1;1;1;1;1;1
"stain";0;1;1;1;1;1;1;1;1;1;1;1;1;1;1;1;1;1;1
"shinkai";1;1;0;1;1;1;0,483;1;1;0,763;1;0,071;1;1;0,606;1;0,924;1;1
"rossdraws";0;1;1;1;1;1;1;1;1;1;1;0,573;1;1;1;1;1;1;1
"europe";1;1;1;1;1;1;1;1;1;1;1;1;1;1;1;1;1;1;0
"yellow";0;1;1;1;1;1;1;1;1;1;0,762;1;0;1;1;1;1;1;1
"tattoo";1;1;1;1;1;1;1;1;1;1;1;1;1;1;1;1;1;0;1
"riabovitchev";0;1;1;1;1;1;1;1;1;1;1;1;1;1;1;1;1;1;1
"prague";1;1;1;1;1;1;1;1;1;1;1;1;1;1;1;1;1;0;1
"makoto";1;1;0;1;1;1;0,452;1;1;0,737;1;0,058;1;1;0,572;1;0,897;1;1
"french";0;1;0;1;1;1;0,005;1;1;1;1;0,538;1;1;1;1;1;1;1
"andrei";0;1;1;1;1;1;1;1;1;1;1;1;1;1;1;1;1;1;1
"neo";1;1;1;1;1;1;1;1;1;1;1;1;1;1;1;0;1;1;1
"garden";0,002;1;1;1;1;1;1;1;0,023;1;1;1;1;1;0;0,644;1;1;1
"design";1;0,104;0,496;1;1;0,65;1;1;1;0,226;1;0,041;0,004;1;1;1;1;1;0,351
"carcassonne";0;1;1;1;1;1;1;1;1;1;1;1;1;1;1;1;1;1;1
"weather";1;1;1;0;1;1;1;1;1;1;1;0,917;1;1;0,296;1;1;1;0,534
"wall";1;1;1;1;0,001;0;1;1;0,034;1;1;1;1;1;0;1;1;1;1
"stand";0,949;1;1;1;1;1;1;0,165;0,025;1;1;1;0;1;1;1;1;1;1
"rome";1;0;1;1;1;1;1;1;0,82;0,123;0,482;1;0,779;1;0,146;1;1;1;1
"close";0,207;1;0;0;1;1;1;1;0,734;1;1;1;0,694;1;1;0,594;1;1;1
"artwork";0,988;0;1;1;1;1;1;0,627;1;0,013;1;0,549;1;1;0,166;1;1;1;1
"venice";1;1;1;1;1;1;1;1;0,972;1;0,672;1;1;1;1;1;1;0;1
"symmetry";1;0;1;1;1;1;1;1;1;1;1;1;1;1;1;1;1;1;1
"kinkade";1;1;1;1;1;1;0;1;0,607;0,532;0,951;1;1;1;0;1;1;1;1
"giant";1;1;1;1;1;1;1;0,017;1;0,331;0,696;1;1;0,119;0,768;0,019;1;1;1
"alp";0,677;1;1;1;0;1;0,004;1;1;1;1;1;1;1;1;0;1;1;1
"stanley";0;1;1;1;1;1;1;1;1;1;1;1;1;1;1;1;1;1;1
"ruin";1;1;0,819;0,703;1;1;1;1;0,539;1;1;1;0;1;0;1;0,607;0,78;1
"futuristic";1;1;0,007;1;1;1;1;1;1;0,737;0;0;1;0,262;1;0,318;1;1;1
"dynamic";1;1;1;1;1;1;1;0,036;1;1;0;0,163;1;0,002;0,862;1;1;1;1
"black";1;0,133;1;0,88;1;1;0,047;1;0;1;1;0,128;1;1;1;1;1;1;0,158
"road";0,635;0;1;1;1;1;1;1;1;1;1;1;1;1;0,007;1;1;1;1
"lau";0;1;1;1;1;1;1;1;1;1;1;1;1;1;1;1;1;1;1
"draw";1;1;1;1;1;1;1;1;1;0,001;0,951;1;1;0,083;1;1;0;1;0
"cart";0;1;1;1;1;1;1;1;1;1;1;1;1;1;1;1;1;1;1
"canal";1;1;1;1;1;1;1;1;0;1;0,486;0,027;1;0,981;0,001;1;1;1;1
"super";1;1;1;1;1;1;1;1;1;1;1;1;0;1;1;1;0;1;1
"rutkwowski";1;1;1;0;1;1;1;1;1;1;1;1;1;1;1;1;1;1;1
"photograph";1;1;0,169;1;1;1;1;1;1;1;0;1;1;1;0,259;1;0;1;1
"heavy";1;1;1;1;0;1;0,421;1;1;1;1;1;1;1;0,537;1;1;1;1
"hdr";1;1;1;1;1;1;1;1;1;0,11;0,09;1;1;0,616;1;0;1;1;1
"future";1;1;1;1;1;1;1;1;1;1;1;0,008;1;1;1;1;1;0,341;0,01
"berlin";1;1;1;1;1;1;1;1;1;1;0,002;1;1;1;1;0;1;0,404;1
"length";1;0;1;1;1;1;1;1;1;1;1;1;1;1;1;1;1;1;1
"fountain";1;1;1;1;1;1;1;1;0,037;1;1;1;1;0,445;0,001;1;1;0,026;1
"colour";1;1;1;1;1;1;1;0,919;1;0;0;0,831;1;1;1;1;1;0,359;1
"watercolor";1;0,223;1;1;1;0;1;1;1;1;1;1;1;1;1;1;1;1;1
"station";1;1;1;1;1;0;1;1;1;1;0,482;1;1;0,662;0,572;0;1;1;1
"long";0;1;1;1;1;1;1;0,148;0,672;0,064;1;1;1;1;1;1;1;1;1
"widescreen";1;1;1;1;0;1;1;1;1;1;1;1;1;1;1;1;1;1;1
"frank";0;1;1;1;1;1;1;1;0,01;1;1;1;1;1;1;1;1;1;1
"deviantart";1;1;1;1;1;1;1;1;0,161;0,126;0,37;0,153;1;0,83;0,426;0,016;1;1;1
"cobblestone";1;1;1;1;1;0,813;0;1;1;1;0,696;1;1;1;0;1;1;1;1
"cathedral";1;0,133;1;1;1;1;1;1;0,004;1;0;1;0,664;0,478;1;1;1;0,004;1
"trace";1;1;1;1;1;1;1;1;1;0,005;0,09;0,203;1;0;0;1;1;1;1
"syd";1;0;1;1;1;1;1;1;0,153;1;1;1;1;1;1;1;1;1;1
"skyscraper";1;1;1;1;1;0;0,293;0,778;1;1;0,31;1;1;0,745;0,361;1;1;1;1
"single";1;0;1;1;1;1;1;0,526;1;1;1;1;0;1;1;1;1;1;1
"orange";0;1;1;1;1;1;1;1;1;1;1;1;1;1;1;1;1;1;1
"late";1;1;1;1;0;1;1;1;1;1;1;1;1;1;1;1;1;1;1
"grind";1;1;1;1;1;1;1;0;0;1;1;0,953;1;1;0,049;1;1;1;1
"grim";1;1;1;1;1;1;1;1;1;1;0,045;1;1;1;1;0;1;0,45;1
"golden";1;1;0,597;1;1;1;0,002;1;1;1;1;0,43;0,325;0,461;0,005;0,115;1;1;1
"arch";1;0;1;1;1;1;1;0,526;1;1;1;1;1;1;0,431;1;1;1;1
"soldier";1;1;0,933;1;1;1;1;1;1;1;1;1;0;1;1;1;1;0,404;1
"serene";1;1;0;1;1;1;1;1;1;1;0,017;1;1;0,259;1;1;1;1;1
"rockwell";0,506;0;1;1;1;1;1;1;1;1;1;1;1;1;1;1;1;1;1
"resemble";1;1;1;1;1;1;1;1;1;1;1;1;1;1;1;1;1;0;1
"poor";1;1;1;1;0;1;1;1;1;1;1;1;1;1;1;1;1;1;1
"peter";1;1;1;1;1;1;1;1;0,122;0,653;1;1;1;1;1;0;0;1;1
"norman";0,506;0;1;1;1;1;1;1;1;1;1;1;1;1;1;1;1;1;1
"mead";1;0;1;1;1;1;1;1;0,137;1;1;1;1;1;1;1;1;1;1
"dawn";1;1;1;1;0;1;1;1;1;1;1;1;1;1;1;1;1;1;1
"3d";1;0,586;1;1;1;1;1;1;0,006;1;1;0;1;1;0,096;1;0;1;0,544
"warm";1;1;1;1;1;1;1;1;0,43;1;0,006;1;1;0,15;0,816;0;1;1;1
"nouveau";1;1;1;1;1;1;1;0,943;0;1;0,429;1;1;0,222;0,489;0,957;1;0,232;1
"kingdom";1;1;0;1;1;1;1;0,025;1;0,158;1;1;1;1;1;1;1;1;0,001
"distance";0,549;1;0,001;0,813;1;1;1;0,43;0,08;1;1;0,001;0,002;1;1;1;1;1;1
"ultrawide";1;1;1;1;1;1;0;1;1;1;1;1;1;1;1;1;1;1;1
"photorealism";1;1;1;1;1;1;1;1;1;1;1;1;0;0,522;0,008;1;0;1;1
"perfect";1;0,308;0;1;1;0,953;1;1;1;0,434;0;1;1;1;1;1;1;1;1
"marble";1;1;1;1;1;1;1;0,002;0,003;1;1;1;1;0;1;1;1;1;1
"jordan";1;1;1;1;1;1;0,886;1;1;1;0,023;1;1;1;1;0;1;1;1
"hopper";1;0;1;1;1;1;1;1;1;1;1;0,107;1;1;1;1;1;1;1
"scenery";1;1;0;1;1;1;1;0,022;1;0,563;1;0,883;1;1;1;1;1;1;1
"palace";1;1;1;1;1;1;0;1;1;1;1;1;1;1;1;0;1;1;1
"middle";1;1;1;1;1;1;0;0,865;1;1;0,913;1;1;1;1;1;1;1;0,072
"island";1;1;1;1;1;1;0,213;1;1;0;1;0;1;0,817;1;1;1;1;0,001
"image";0,77;1;1;1;1;1;1;1;1;0,003;0,542;0,041;0,251;0,048;1;1;1;1;1
"frazetta";0;1;1;1;1;1;1;1;1;1;1;1;1;1;1;1;1;1;1
"field";0,094;1;1;1;0,555;1;0;1;1;1;1;0;1;1;0,292;1;1;1;1
"edward";1;0;1;1;1;1;1;1;1;1;1;0,353;1;1;1;1;1;1;1
"crowd";1;1;1;1;1;1;1;0;1;1;0,176;1;1;1;0,021;1;1;0,232;1
"coherent";1;0;1;1;1;1;1;1;1;1;1;1;1;1;1;1;1;1;1
"canvas";1;1;1;1;1;1;1;1;1;1;0,429;0;1;1;0;1;1;1;1
"artist";1;1;1;1;1;0,326;1;1;1;1;1;1;1;1;1;1;1;1;0
"tranding";0;1;1;1;1;1;1;1;1;1;1;1;1;1;1;1;1;1;1
"sunbeam";0;1;1;1;1;1;1;1;1;1;1;1;1;1;1;1;1;1;1
"square";1;1;1;1;1;1;0;0,001;0,354;1;0,646;1;1;1;1;1;1;0,476;1
"mystical";1;1;1;1;1;1;1;0,355;1;1;0;1;1;1;1;0,012;1;1;1
"movie";1;1;1;1;1;1;1;1;1;0;1;0;0,398;0,584;0,816;1;1;1;1
"kuvshinov";1;1;1;1;1;1;1;1;1;1;1;1;1;1;0,229;0;1;0,564;1
"ilya";1;1;1;1;1;1;1;1;1;1;1;1;1;1;0,229;0;1;0,564;1
"god";1;1;1;1;1;1;0,572;1;1;1;1;0,371;1;0;0,088;1;1;1;1
"extreme";1;1;1;1;1;1;1;1;0;0;1;1;0;1;1;1;0;1;1
"dome";1;1;1;1;1;1;1;1;1;1;1;1;1;1;0,049;0;1;0,995;1
"cyberpunk";1;0,007;1;1;1;1;1;1;0,315;0;0,595;0;1;1;0,664;1;1;1;1
"church";1;1;1;1;1;1;0;1;0,023;1;1;1;0;0,584;1;0,644;1;1;1
"walk";1;1;1;1;1;0;0,886;1;0,573;1;1;1;1;1;0,002;1;1;0,836;1
"tom";1;1;1;1;1;1;0;1;1;1;1;1;1;1;1;1;1;0;1
"texture";1;1;0,001;1;1;1;0,622;1;1;1;1;0,007;1;0,461;0;1;1;1;1
"shop";1;1;0,006;1;1;1;1;0;1;0,4;1;1;1;1;0;1;1;1;1
"rozalski";1;1;1;1;1;1;1;0,011;0;1;1;1;1;1;1;1;1;0,341;1
"professional";1;1;1;1;1;1;0,924;1;1;1;0,951;0,312;0;0,012;1;1;0;1;0,89
"perspective";1;0,427;0;1;1;1;0,924;1;1;1;1;0,001;1;1;1;1;1;1;1
"particle";0;1;1;1;1;1;1;1;1;1;1;1;1;1;1;1;1;1;1
"low";1;1;0;1;1;1;1;1;1;1;0,262;1;1;0,871;0,046;0,108;1;1;1
"life";1;1;1;1;1;1;1;1;1;0,004;1;0,002;1;1;1;0,243;1;1;1
"lens";1;1;1;1;1;1;1;1;1;0;1;0,016;1;1;1;0;1;1;1
"land";1;1;1;1;1;1;1;1;1;1;1;0,549;0;0,15;1;1;0,492;1;0
"jakub";1;1;1;1;1;1;1;0,011;0;1;1;1;1;1;1;1;1;0,341;1
"clear";1;1;0;1;1;1;1;0,036;1;1;1;1;0,023;1;1;1;1;1;1
"triumph";1;1;1;1;1;1;1;1;1;1;1;1;0;1;1;1;1;1;1
"stun";1;1;0,778;1;1;1;1;1;0;1;0,832;1;1;0;0,227;0,767;1;1;1
"rutowski";0;1;1;1;1;1;1;1;0,573;1;1;1;1;1;1;1;1;1;1
"rembrandt";0;1;1;1;1;1;1;1;1;1;1;1;1;0,002;1;1;1;1;1
"lead";1;0;1;1;1;1;1;1;0,047;0;0,873;1;1;1;1;1;1;1;1
"john";1;1;1;1;1;0,463;1;0,864;0,161;1;1;0,009;1;1;1;1;1;0;1
"inside";1;1;1;1;1;1;0,519;1;0;1;1;0;1;1;0,067;1;1;0,351;1
"hell";1;1;1;1;1;1;1;1;0,018;0,012;1;0,008;1;1;1;1;1;0,341;1
"gustave";1;1;1;1;1;1;1;0,093;0,092;1;1;0,071;1;1;1;0,004;1;1;1
"grey";1;1;1;1;1;1;1;1;1;1;1;1;1;1;0;1;1;1;1
"godrays";1;1;1;1;1;1;1;1;1;1;0;1;1;1;0,816;0;1;1;1
"gilleard";1;0;1;1;1;1;1;1;1;1;1;1;1;1;1;1;1;1;1
"fly";1;1;0,859;1;1;1;1;1;1;0;1;0;0,537;0,3;0,989;1;1;1;1
"float";1;0,917;1;1;1;1;1;0,002;1;1;1;1;1;0;1;1;1;1;1
"fire";0;1;1;1;1;1;1;1;1;1;1;1;0,325;1;0,005;1;1;0,476;1
"eye";1;1;1;1;1;1;1;1;1;1;1;0;1;1;0;1;1;1;1
"cover";1;1;1;1;1;1;1;0,108;1;0;1;1;1;1;0,717;1;1;0,476;1
"bagshaw";1;1;1;1;1;1;0;1;1;1;1;1;1;1;1;1;1;0;1
"atmospheric";1;1;1;0,581;1;1;1;0,002;1;1;0,125;0;1;1;1;1;0,035;1;1
"abandon";1;1;1;1;1;1;1;1;0;1;1;1;1;1;0,816;0,183;1;1;0,159
"yoshida";0;1;1;1;1;1;1;1;1;0,03;1;1;1;1;1;1;1;0,056;1
"van";1;0;1;1;1;1;1;0,684;0,092;1;1;1;1;1;1;1;1;0,665;1
"tone";0;1;1;1;1;1;1;0,808;1;1;1;1;1;1;1;1;1;1;1
"statue";1;1;1;1;1;1;1;1;1;1;1;0;1;0,048;0,229;1;1;1;1
"spire";1;1;0;1;1;1;0,186;0;0,539;0;1;1;1;1;1;1;1;1;1
"port";1;1;1;1;1;1;1;0;1;1;1;0,802;1;0,83;1;0,877;1;1;1
"morning";1;1;1;1;1;0;0,136;1;1;1;1;0,608;1;1;1;1;1;1;1
"man";1;1;1;0,002;1;1;1;1;1;1;0,31;1;0;0,745;0,361;1;1;0,758;1
"hyperrealism";1;1;1;1;1;1;0;1;0;1;1;1;1;1;0,195;1;1;1;1
"hard";1;0;1;1;1;1;1;1;1;1;1;1;1;1;1;1;1;1;1
"german";1;1;1;1;1;1;1;0;1;1;0;1;1;1;1;1;1;1;1
"distant";1;1;1;1;1;1;1;1;1;0;1;1;0;0,001;1;1;1;1;1
"country";1;1;1;1;1;1;1;1;1;1;1;1;0;1;1;0,384;1;1;0
"border";1;1;1;1;1;1;1;1;1;1;1;1;1;1;1;1;1;0,273;0
"baroque";1;1;1;1;1;1;1;1;1;1;0;1;1;0;1;1;1;1;1
"windmill";0;1;1;1;1;1;1;1;1;1;1;1;1;1;1;1;1;1;1
"surreal";1;0;1;1;1;1;1;1;1;1;1;0,626;1;0,081;1;1;1;1;1
"run";1;1;1;1;1;1;1;0;0;1;1;0,312;1;1;1;1;1;1;1
"raphael";1;1;1;1;1;1;1;1;1;1;0;1;1;1;1;1;1;0;1
"ocean";1;1;1;1;1;1;1;0,211;0,467;1;1;1;1;0,184;0,862;1;1;1;0
"narrow";1;1;1;1;1;1;1;0;1;1;1;1;1;1;1;1;0,24;1;1
"minimalist";1;0;1;1;1;1;1;1;1;1;1;1;1;1;1;1;1;1;0,722
"london";1;1;0,778;1;1;0,262;1;0,749;0,503;1;1;1;1;1;1;1;0,57;0;1
"grand";1;1;1;0,255;1;1;1;1;1;0,126;1;0;1;1;1;1;1;1;1
"fall";1;1;1;1;1;0,528;1;1;1;1;1;1;1;1;0;1;1;1;1
"environment";1;1;1;1;1;1;1;1;1;1;0,542;0;1;0;1;1;1;1;1
"cozy";1;1;1;1;1;0;1;1;1;1;0,047;1;1;1;0;1;1;1;1
"cityscape";1;1;0;1;1;0,953;1;0,749;1;0;1;1;1;0,22;1;1;1;1;1
"chiaroscuro";1;1;1;1;1;1;1;1;1;1;0;1;1;0,445;0,165;1;1;1;1
"capital";1;1;1;1;1;1;0;0;1;1;1;1;0,03;1;1;1;1;1;1
"boat";1;1;1;1;1;1;1;1;0;1;1;1;1;1;0,295;0,004;1;1;1
"bird";1;0,038;1;1;1;1;1;1;0,161;1;0,014;0,153;1;0,169;0,426;1;1;1;1
"work";1;1;1;1;1;1;1;0,236;1;1;1;1;1;0,217;0,055;1;1;0,225;1
"union";1;1;0;1;1;1;1;1;1;1;1;1;1;1;1;1;0,452;1;0,127
"train";1;1;1;1;1;1;1;1;1;1;1;0,717;1;1;1;0;1;1;1
"temple";1;1;1;1;1;1;0,234;0,684;1;1;0,004;0,071;1;1;0,295;1;1;0,665;1
"steampunk";1;1;1;1;1;1;1;0,864;1;0;1;0,153;1;0,83;1;1;1;1;1
"spot";0;1;1;1;1;1;1;1;1;1;1;1;1;1;0,361;1;1;1;1
"side";1;1;1;1;1;1;1;1;0,161;1;1;1;1;1;0;1;1;1;0,012
"season";1;1;0;1;1;0;1;1;1;0;1;1;1;0,644;0,862;1;1;1;1
"ring";1;1;1;1;1;1;1;1;0;1;0,082;0,313;1;1;1;1;1;1;1
"peaceful";1;1;0;1;0;1;1;1;1;1;1;1;1;1;0,816;1;1;1;1
"hill";1;1;0,275;1;1;0,395;1;1;1;1;1;1;1;0,745;0;1;1;1;1
"destroy";1;1;1;1;1;1;1;1;1;1;0,063;1;1;1;0,003;0,449;0;1;0,413
"burn";1;0;1;1;1;1;1;1;1;1;1;1;1;0,461;0,717;1;1;1;1
"albert";1;1;0,113;1;1;1;1;1;0;1;1;1;1;1;0,165;1;1;0,026;1
"zurich";1;1;1;1;1;1;1;1;1;1;1;1;1;1;1;0;1;1;1
"year";1;1;1;1;1;1;0,012;1;1;1;0;0,009;1;1;1;1;1;1;0,844
"wooden";1;0;1;1;1;1;1;1;1;1;0,37;1;1;1;0,426;1;1;0,178;0,844
"war";1;1;1;1;1;1;1;1;1;1;1;1;1;1;1;1;0,283;0,995;0
"wallpaper";1;1;1;0;1;1;1;0,563;1;1;0,696;1;1;1;1;1;1;0,539;1
"switzerland";0;1;0,645;1;1;1;1;1;1;1;1;1;1;0,522;1;1;1;1;1
"swiss";0;1;1;1;1;0;1;1;1;1;1;1;1;0,081;1;1;1;1;1
"spring";0,054;1;0;1;1;1;1;1;0,161;1;1;1;1;0,169;1;1;1;1;1
"skull";1;1;1;1;1;1;1;1;1;1;1;1;0;1;0,166;1;1;1;1
"portrait";1;1;1;1;1;1;1;1;0,007;1;0,04;0,203;1;0,217;1;1;1;1;1
"nestle";1;1;1;1;0;0;1;1;1;1;1;1;1;1;1;1;1;1;1
"lee";1;1;1;1;1;1;0,011;1;0,001;1;1;0,101;1;1;1;1;1;1;1
"horror";1;1;1;1;1;1;1;1;1;1;0;1;1;1;0,003;1;1;1;1
"foreground";1;1;1;1;1;0;0,622;0;1;1;1;1;1;1;1;1;1;1;1
"film";1;1;1;1;1;1;0;1;1;0;1;1;1;1;1;1;1;1;1
"exquisite";1;1;1;1;1;0,862;0;1;1;1;0,743;1;1;1;1;1;1;1;1
"dusk";1;1;1;1;1;0;1;1;1;1;1;1;0,288;1;1;1;1;0;1
"dragon";1;1;0;1;1;1;1;1;1;1;0,486;0,001;1;1;0,55;1;1;1;0,995
"belgium";0,988;1;0;1;1;1;1;1;1;1;1;1;1;1;1;1;1;1;1
"animation";1;1;0;1;1;1;0;1;1;1;1;1;1;1;1;1;1;1;1
"amaze";1;1;1;1;1;1;1;1;1;1;1;1;1;0;0;1;1;1;1
"akihiko";0;1;1;1;1;1;1;1;1;0,013;1;1;1;1;1;1;1;1;1
"yoshitaka";0;1;1;1;1;1;1;1;1;1;0,696;0,49;1;1;0,768;1;1;1;1
"video";1;1;1;1;1;1;1;1;1;0,012;1;0;1;1;1;1;1;1;0,341
"ultradetailed";1;0;1;0;1;1;1;1;1;1;1;1;1;1;1;1;1;1;1
"top";1;1;1;1;1;1;1;0;1;1;1;1;1;1;1;1;1;1;1
"time";1;1;1;0;1;1;1;0,011;1;1;1;1;1;1;0;1;1;1;1
"sunlight";1;1;1;0;1;0,813;1;1;0;1;1;1;1;0,522;1;1;1;1;1
"simple";1;0;1;1;1;1;1;1;1;1;1;1;1;1;1;1;1;1;0,178
"russian";1;1;1;1;1;1;1;1;1;0,001;1;1;1;0;1;1;1;1;1
"post";1;1;1;1;1;1;1;1;1;0,044;1;1;1;0;1;1;0,082;1;1
"planet";1;1;1;1;1;1;1;0,247;1;1;1;1;1;0,909;0,489;0,957;1;1;0
"painter";1;0;1;1;1;1;1;1;1;1;1;1;1;1;1;1;1;1;1
"moody";1;1;1;1;1;1;1;1;1;0;1;1;1;0,83;1;1;1;1;1
"lense";1;1;1;1;1;1;0;1;1;1;1;1;1;1;1;1;0,452;1;1
"illumination";1;1;1;1;1;1;1;1;1;1;1;0;1;1;0,105;1;1;0,341;1
"glow";1;1;1;1;1;1;1;1;0,315;0;1;1;1;1;0,088;1;1;0,413;1
"global";1;1;1;1;1;1;1;1;1;1;1;0;1;1;1;1;1;0,341;0,341
"fish";1;1;1;1;0,152;1;1;0,864;0,161;1;1;1;1;1;0;0,199;1;1;1
"fight";1;1;1;1;1;1;1;0,684;1;1;0;1;1;1;0,006;1;1;0,086;1
"empire";1;1;1;1;1;1;1;1;1;1;1;1;1;1;1;1;1;1;0
"disney";1;1;1;1;1;1;0;1;1;1;1;0,49;1;1;1;1;1;1;0
"cliff";1;1;1;1;1;1;1;0;1;0,296;1;1;1;1;0,717;1;1;0,476;1
"amano";0;1;1;1;1;1;1;1;1;1;0,696;0,49;1;1;0,768;1;1;1;1
"winter";1;1;1;1;1;1;1;1;1;1;1;0,101;1;1;0;1;1;1;1
"wes";1;1;1;1;1;1;0;1;1;0;1;0;1;1;1;1;1;1;1
"third";1;1;1;1;1;1;1;1;1;0,126;1;1;1;0,83;1;0,877;1;1;0
"symmetrical";1;1;1;1;1;1;1;1;1;1;0;1;0;1;0,717;1;1;0,098;1
"strong";1;1;1;1;1;1;1;0;0,092;1;1;0,626;1;0,652;1;1;0,118;1;1
"stiavnica";1;1;1;1;1;0;1;1;1;1;1;1;1;1;1;1;1;1;1
"spain";1;1;1;1;1;1;1;0,472;1;1;1;0,423;1;1;1;1;1;1;0
"shape";1;1;1;1;1;1;0;1;1;1;1;1;1;1;1;1;1;1;1
"rhads";1;1;1;1;1;1;1;1;1;0;0,19;1;1;1;0,003;1;1;0,564;1
"pixar";1;1;1;1;1;1;0;0,864;1;1;0,37;0,802;1;1;1;1;1;1;1
"neon";1;1;1;1;1;1;1;1;1;0;1;0,313;1;1;1;1;1;1;1
"neoclassical";1;1;1;1;1;1;1;1;1;1;1;1;1;0,217;1;1;1;0;1
"mohrbacher";1;1;1;1;1;1;1;1;1;1;1;1;1;1;1;0;0;1;1
"market";1;1;1;1;1;1;1;0,122;1;1;1;1;1;1;0,019;0,127;1;1;1
"loish";0,106;1;1;1;1;1;1;1;1;1;1;1;0;1;1;1;0;0,995;1
"line";1;1;1;1;1;0,528;1;0;1;1;1;1;1;1;0,489;1;1;1;1
"incredible";1;1;0;1;1;1;1;1;1;0,296;1;1;1;1;1;1;1;1;1
"flow";1;1;1;1;1;0;1;1;0,012;1;1;1;1;1;1;1;1;1;1
"figure";1;1;1;1;1;1;1;1;0,276;1;1;1;0;1;1;1;1;1;1
"dore";1;1;1;1;1;1;1;0,122;0,001;0,001;1;1;1;1;1;1;1;1;1
"depth";1;1;1;1;1;1;0,056;1;0,315;0,261;1;0;1;1;0,088;1;1;1;1
"breathtaking";1;1;1;1;1;1;1;1;1;1;1;1;1;1;0;0,127;1;1;1
"behance";1;1;1;1;1;1;1;1;1;1;1;0,001;1;0,552;0,229;1;1;1;0,051
"banska";1;1;1;1;1;0;1;1;1;1;1;1;1;1;1;1;1;1;1
"anderson";1;1;1;1;1;1;0;1;1;0;1;0;1;1;1;1;1;1;1
"winner";1;1;1;1;1;1;1;1;1;1;1;1;0;0,399;1;1;1;1;0,413
"tiny";1;1;0;1;1;1;1;1;1;1;1;1;1;1;0,426;1;0;0,178;1
"sprawl";1;1;1;1;1;1;1;0;1;1;1;1;1;1;1;1;1;1;1
"show";1;1;1;1;1;1;1;0,684;1;1;1;1;1;1;0,295;1;1;1;0
"sense";1;0;1;1;1;1;1;1;1;1;1;1;1;1;1;1;1;1;1
"sea";1;1;1;1;1;1;0,012;0,014;1;1;0,37;0,802;1;1;0,426;1;1;1;0,178
"scale";1;1;1;1;1;1;1;1;0;1;1;0,203;1;1;1;1;1;1;1
"rule";1;1;1;1;1;1;1;1;1;1;1;1;1;1;1;0,791;1;1;0
"pile";1;1;1;1;1;1;1;1;1;1;1;1;0;1;1;1;1;1;1
"mm";1;1;1;1;1;1;1;0;1;0,158;1;0,88;0,178;0,909;1;0,957;0,24;1;1
"lacoste";1;1;1;1;1;1;1;1;1;1;1;1;1;1;1;1;1;0;1
"king";1;1;1;1;1;1;1;1;0,008;1;1;0,004;0;1;1;1;1;0,413;0,413
"jim";1;0;1;1;1;1;1;1;1;1;1;1;1;1;1;1;1;1;1
"insanely";1;1;1;1;1;1;1;1;0;1;0,001;1;1;1;1;0;1;1;1
"ink";1;1;1;1;1;1;1;1;1;1;1;0,109;1;1;0,361;1;1;1;0
"gaston";1;1;1;1;1;1;1;1;0,315;0;1;1;1;1;1;0;1;1;1
"desert";1;0,437;1;1;1;1;1;0,778;0,125;0;1;0,717;1;1;0,361;1;1;1;0,128
"cross";1;1;1;1;0;0;1;1;1;1;1;1;0,251;1;1;0,062;1;1;1
"century";1;1;1;1;1;0,707;1;0;1;1;1;1;1;0,399;0;1;1;1;1
"busy";1;1;0;1;1;1;1;0,684;1;0,068;0,25;1;1;1;0,295;1;1;1;1
"bussiere";1;1;1;1;1;1;1;1;0,315;0;1;1;1;1;1;0;1;1;1
"zombie";1;1;1;1;1;1;1;1;1;1;1;0,109;1;1;1;1;0;1;1
"window";1;1;1;1;1;1;1;1;0;1;1;1;1;0,222;0;1;1;0,923;1
"uhd";1;1;1;1;1;1;1;0,122;1;1;1;0,101;1;1;0,019;1;1;1;1
"sun";1;1;1;1;1;1;1;1;1;1;1;1;1;1;0;0,001;1;1;1
"screenshot";1;1;1;1;1;1;1;1;1;1;1;0,528;1;0,552;1;1;0;1;1
"ross";1;1;1;1;1;1;1;1;1;0,025;0,133;0,02;1;0,445;1;0,483;1;1;1
"print";1;1;0;1;1;1;1;1;1;1;1;0,203;1;1;0,489;1;1;1;1
"pixel";1;1;0,443;1;1;0;1;1;1;1;1;1;1;1;0,001;1;1;1;1
"ominous";1;1;1;1;1;1;0;1;1;1;1;1;1;0,048;0,003;1;1;1;1
"natural";1;1;1;1;1;1;1;1;0,003;1;0;1;1;1;0,55;1;1;1;1
"mumford";1;1;1;1;1;1;1;1;1;1;1;0;1;1;1;0;1;1;1
"moscow";1;0,576;1;1;1;1;0;1;1;1;1;0,88;1;0,909;1;0,258;1;0,232;1
"majestic";1;1;1;1;1;0;1;1;0,276;1;1;1;1;0,338;1;1;1;1;1
"lively";1;1;1;0;1;1;1;1;1;1;1;1;1;1;1;1;1;1;1
"level";1;1;1;1;1;1;1;1;0;1;1;0,002;1;1;1;0,004;1;1;1
"key";1;1;1;1;1;1;0;0,19;1;1;1;1;1;1;1;1;1;0,844;1
"ivan";1;1;1;1;1;1;1;1;0;1;1;0,312;1;0,048;0,002;1;1;1;1
"gorgeous";1;1;1;1;1;1;1;1;0,237;0;1;1;1;0;1;1;1;1;1
"friedrich";1;0,64;1;1;1;1;1;0,308;0;1;1;1;1;1;1;1;1;1;1
"festival";0,77;1;1;0;1;1;1;1;1;1;1;1;1;1;1;1;1;0;1
"dan";1;1;1;1;1;1;1;1;1;1;1;0;1;1;1;0;1;1;1
"cole";1;1;1;1;1;0,065;1;1;0;1;1;0,203;1;1;1;1;1;1;1
"big";1;1;0,275;1;1;1;1;1;1;1;1;0,717;0,11;1;0,361;0;1;0,758;1
"villeneuve";1;1;1;1;1;1;1;1;1;1;1;1;1;1;1;1;1;0;1
"urban";1;1;1;1;1;1;1;0;1;1;0,082;0,313;1;1;1;1;1;1;1
"ufo";1;1;1;1;1;0,395;1;1;1;1;1;1;1;1;1;1;0;1;1
"tran";1;1;1;1;1;1;1;1;1;0,012;0,082;0,008;1;0,332;1;1;1;1;1
"seaside";1;1;1;0;1;1;1;1;1;1;1;1;1;1;0,55;1;1;1;1
"roof";0,106;1;1;1;1;1;0,029;1;1;1;1;1;1;0,981;0;1;0;1;1
"open";0,639;1;1;1;1;1;0;1;1;1;1;1;1;0,001;1;1;1;1;0,923
"mushroom";0;1;1;1;1;1;1;1;1;1;1;0,256;1;1;1;1;1;1;1
"moebius";1;1;1;1;1;1;0;0,943;0,002;1;1;0,88;1;1;1;1;1;1;1
"modern";1;1;1;1;1;1;1;1;1;0,068;1;0,626;1;0,652;1;1;1;1;0
"maya";1;1;1;1;1;1;1;1;1;0;1;1;1;1;1;0;1;1;1
"massive";1;1;1;1;1;1;0,409;0,001;1;1;1;1;1;0,222;1;1;0;1;1
"magic";1;1;1;0,304;1;1;1;1;1;1;1;0;1;0,001;1;1;1;1;0,923
"magali";1;1;1;1;1;1;1;1;1;1;1;1;1;1;1;1;1;0;1
"jesper";1;1;1;1;1;1;1;1;1;1;1;0,101;1;1;0,019;0,127;1;1;1
"jan";1;0;1;1;1;1;1;0,308;0;1;1;1;1;1;1;1;1;1;1
"italian";1;1;1;1;0;1;0;1;1;1;1;1;1;1;1;1;1;1;1
"illustrate";1;1;1;1;1;1;1;1;0,003;1;1;1;1;1;1;0;1;1;1
"gold";1;1;1;1;1;0;1;1;0,062;1;1;0,528;1;1;1;1;1;1;0,051
"germany";1;1;1;1;1;1;0;1;1;1;0;1;1;1;1;1;1;1;1
"gent";1;1;0;1;1;1;1;1;1;1;1;1;1;1;1;1;1;1;1
"ejsing";1;1;1;1;1;1;1;1;1;1;1;0,101;1;1;0,019;0,127;1;1;1
"dutch";0;1;1;1;1;1;1;1;1;1;1;1;1;1;1;1;1;1;1
"david";1;0,508;1;1;1;1;1;1;0;1;1;1;1;1;1;1;1;1;1
"colonial";1;1;1;1;1;1;1;1;1;1;1;1;1;0;0;1;1;1;1
"cinema";1;1;1;1;1;1;1;1;1;1;1;0,953;0;1;1;1;0;0,29;1
"body";1;1;1;1;1;1;1;1;1;1;1;1;0;1;1;1;1;0,026;1
"blur";1;1;1;1;1;1;1;0,943;1;1;1;0,88;0;1;1;1;0;1;1
"bierstadt";1;1;0,068;1;1;1;1;1;0;1;1;1;1;1;1;1;1;1;1
"beeple";1;1;1;1;1;1;1;1;1;1;0;0;1;1;1;1;1;1;1
"bavarian";1;1;1;1;0;1;0;1;1;1;1;1;1;1;1;1;1;1;1
"autumn";0;1;1;1;1;1;0;1;1;1;1;0,953;1;1;0,55;1;1;1;1
"wind";1;1;1;1;1;1;0;0,943;1;1;1;1;1;1;0,489;1;1;1;1
"waterway";1;1;1;1;1;1;1;1;1;1;1;1;1;0;1;1;1;1;1
"slow";1;1;1;0;1;1;1;1;1;1;1;1;1;1;1;1;1;1;1
"sing";1;1;1;1;1;1;1;1;1;1;1;0,004;1;1;1;1;0;1;0,758
"ruan";1;1;1;1;1;1;1;1;1;1;1;1;1;1;1;0,957;1;0;1
"region";1;1;1;1;1;1;1;1;1;1;1;1;1;1;1;0,957;1;1;0
"ralph";1;0;1;1;1;1;1;1;1;1;0;1;1;1;1;1;1;1;1
"quaint";1;1;1;1;1;1;0;1;1;1;1;1;1;0,909;1;1;1;1;1
"pixiv";1;1;1;1;1;1;1;0,943;1;0,158;1;0,88;1;1;1;0;1;1;1
"pennington";1;0;1;1;1;1;1;1;1;1;0,133;1;1;1;0,165;1;1;1;1
"paper";1;1;1;1;1;1;0,123;1;1;1;1;1;1;1;0,165;1;1;1;0
"otherworldly";1;1;1;1;1;1;1;1;1;1;1;1;1;1;0;1;1;1;1
"nice";1;1;0;1;1;1;1;1;1;1;1;1;1;1;1;1;1;1;1
"mcquarrie";1;0;1;1;1;1;1;1;1;1;0;1;1;1;1;1;1;1;1
"masculine";1;1;1;1;1;1;1;1;1;1;1;1;0;1;1;1;1;1;1
"magnificent";1;1;1;1;1;1;1;1;1;1;1;1;1;0;1;0,243;1;1;1
"jia";1;1;1;1;1;1;1;1;1;1;1;1;1;1;1;0,957;1;0;1
"gloomy";1;1;1;1;1;1;1;1;0,001;1;1;0,802;1;1;0;1;1;1;1
"galata";1;1;1;1;1;1;1;1;1;1;1;1;1;1;1;0;1;1;1
"flat";1;1;0;1;1;1;1;1;1;0,158;1;1;1;1;0,489;0,957;1;1;1
"fallout";1;1;1;0,304;1;1;1;1;1;1;1;1;1;1;1;1;0;1;1
"earth";1;1;1;1;1;1;0,019;0,943;0,199;0,158;1;1;1;1;1;1;1;1;0
"dof";1;1;1;1;1;1;1;1;1;1;0,429;1;0;1;1;1;0;1;1
"countryside";1;1;0;1;1;1;1;1;1;1;1;1;1;0,909;1;1;1;1;1
"cosmic";1;1;1;1;1;1;1;0,011;1;1;0,082;0,313;1;1;1;1;0,027;1;1
"caspar";1;0,508;1;1;1;1;1;1;0;1;1;1;1;1;1;1;1;1;1
"bruce";1;0;1;1;1;1;1;1;1;1;0,133;1;1;1;0,165;1;1;1;1
"beksinski";1;1;1;1;1;1;1;1;1;0;1;0,88;1;1;1;0,027;1;1;1
"battle";1;1;1;1;1;1;1;1;1;1;1;1;0;1;1;1;1;0,341;1
"alexander";1;1;0;1;1;1;1;1;1;1;1;1;1;1;1;1;1;1;0,225
"table";0;1;1;1;1;0,395;1;1;1;1;1;1;1;1;1;1;1;0,758;0
"streetview";1;1;1;0;1;1;1;0,864;1;1;1;1;1;1;1;1;1;1;1
"stefan";1;1;1;1;1;1;1;1;1;1;1;1;1;1;1;1;1;0;1
"speckle";0;1;1;1;1;1;1;1;1;1;1;1;1;1;1;1;1;1;1
"space";1;1;1;1;1;1;1;1;0;1;1;0,802;1;0,83;1;1;1;0,844;0,012
"soviet";1;1;0;1;1;1;1;1;1;1;1;1;1;1;1;1;1;0,01;1
"solter";1;1;1;1;1;1;0;1;1;1;1;1;1;1;1;1;1;1;1
"skyline";1;1;1;1;1;0,463;1;0,864;1;0;0;1;1;1;1;1;1;1;1
"sci";1;1;1;0,255;1;1;1;1;1;1;0;0;1;1;1;1;1;1;1
"process";1;1;1;1;1;1;1;1;0;1;1;1;1;0;1;0,791;1;1;1
"poster";1;1;0;1;1;1;1;0,864;1;1;1;0,802;1;1;1;1;1;1;1
"pencil";1;1;1;1;1;0;1;0,864;1;1;1;1;1;1;0,426;1;1;1;0,844
"lot";1;1;1;1;1;1;1;1;1;1;0,19;1;1;1;0;0,593;1;1;1
"lisbon";1;0,364;1;1;1;1;1;1;0,092;0;1;1;1;0,081;1;0,696;1;0,665;1
"jonathan";1;1;1;1;1;1;0;1;1;1;1;1;1;1;1;1;1;1;1
"hour";1;1;1;1;1;1;0;1;1;1;1;1;1;0,11;1;1;1;1;1
"heartstone";1;1;1;1;1;1;1;0,122;1;1;1;1;1;0;1;1;1;1;1
"hardturm";1;1;1;1;1;1;1;1;1;1;1;1;1;1;1;0;1;1;1
"guard";1;1;1;1;1;1;1;0,236;1;1;1;1;1;1;1;1;1;0;1
"grossmünster";1;1;1;1;1;1;1;1;1;1;1;1;1;1;1;0;1;1;1
"fi";1;1;1;0,255;1;1;1;1;1;1;0;0;1;1;1;1;1;1;1
"fae";1;1;1;1;1;1;1;1;1;1;1;1;1;1;0;1;1;1;1
"duck";0;1;1;1;1;1;1;0,778;1;1;1;1;1;1;1;1;1;1;1
"daylight";1;1;1;1;1;1;1;1;1;1;1;0;1;1;1;0,127;1;1;1
"clean";1;1;1;1;1;0;1;1;1;1;1;1;1;1;1;1;1;0,115;1
"chalet";1;1;1;1;1;0;1;1;1;1;1;1;1;1;1;1;1;1;1
"budapest";1;1;1;1;1;1;1;0,056;1;0,044;1;0,528;1;1;1;1;0,082;0,051;1
"bloom";1;1;1;1;1;1;0;1;1;1;1;0,528;1;0,552;1;1;1;0,564;1
"bloodborne";1;1;1;1;1;1;1;1;1;1;0;1;1;1;0,013;1;0;1;1
"alpine";1;1;1;1;1;0;1;1;1;1;1;1;1;1;1;1;1;1;1
"zdzis";1;1;1;1;1;1;1;1;1;0;1;1;1;1;1;1;1;1;1
"vast";1;1;1;1;1;1;1;1;1;0;1;1;1;0,006;0,361;1;1;1;0,758
"ukrainian";1;1;1;1;1;1;1;1;1;1;1;0,626;0;1;1;1;1;0,086;1
"tooth";1;0;1;1;1;1;1;1;1;1;1;0,004;1;0,745;1;1;1;1;1
"throne";1;1;1;1;1;1;1;1;1;1;1;0,071;0;0,652;1;1;1;1;1
"symbol";1;1;1;1;1;1;1;1;1;1;1;1;0;1;1;1;1;1;1
"steve";1;1;1;1;1;1;1;1;1;1;1;1;1;0,745;1;1;1;0;1
"steam";1;1;1;1;1;1;1;1;1;1;1;1;1;1;1;1;1;0;1
"starry";1;1;1;1;1;1;1;1;1;1;0,31;0;1;1;1;1;0;1;1
"sargent";1;1;1;1;1;0,024;1;1;1;1;1;0,101;1;1;0,019;1;1;1;1
"rural";1;1;1;1;1;1;0;1;1;1;1;1;1;0,001;1;1;1;1;1
"rose";0;1;1;1;1;1;1;1;1;1;1;1;1;1;1;0,791;1;1;1
"robert";1;1;1;1;1;1;0,011;0;1;1;1;1;1;1;1;1;1;1;1
"peak";1;1;1;1;1;0;1;1;1;1;1;1;1;1;1;1;1;1;1
"pastel";1;1;0;1;1;1;1;1;1;1;1;1;1;0,217;0,055;1;1;1;1
"mediterranean";1;1;1;1;1;1;1;1;0;1;1;1;1;1;1;1;1;0;1
"lithuania";1;1;1;1;1;1;0;1;1;1;1;1;1;1;1;1;1;1;1
"lit";1;1;1;1;1;1;1;1;0;1;1;1;1;1;0;1;1;0,758;1
"lamp";1;1;1;1;1;1;1;1;0;1;1;1;1;1;0;1;1;0,758;1
"human";1;1;1;1;1;1;1;1;1;0,001;1;0,101;1;0,11;1;1;1;1;1
"grid";1;1;1;1;1;1;0;1;1;1;1;1;0,11;1;1;1;1;1;1
"gouache";1;0,023;0;1;1;1;1;1;1;0;1;1;1;1;1;1;1;1;1
"front";0,336;1;1;1;1;0,004;1;1;1;1;1;1;0;0,552;1;1;1;1;1
"fog";1;1;1;1;1;1;1;0;1;1;1;1;1;1;0,361;0,791;1;1;1
"farm";0,494;1;0;1;1;1;1;1;1;1;1;1;1;0,745;0,013;1;1;1;1
"drone";1;0;1;1;1;1;1;1;1;1;0;1;1;1;1;1;1;1;1
"dieselpunk";1;1;1;1;1;1;1;1;1;1;1;1;1;1;1;1;1;0;1
"communist";1;1;0;1;1;1;1;1;1;1;1;1;1;1;1;1;1;1;1
"choi";1;1;1;1;1;1;1;1;1;1;1;0,002;1;1;1;1;0;1;1
"bell";1;1;1;1;1;1;0,293;1;0;1;1;1;1;1;1;1;1;0;1
"back";1;0,143;1;1;1;1;1;1;1;1;0;1;1;1;0,105;0,365;1;1;1
"aw";1;1;1;1;1;1;1;1;1;0;1;1;1;1;1;1;1;1;1
"artistic";1;1;1;1;1;1;1;1;1;1;0;1;1;0,122;1;0;1;1;1
"army";1;1;0,164;1;1;1;1;0,001;1;1;1;1;1;1;0,003;1;0,082;1;1
"architectural";1;1;1;1;1;0;1;1;1;1;1;1;1;0,217;1;1;1;1;1
"archdaily";1;1;1;0;1;1;1;1;1;1;1;1;1;1;1;1;1;1;1
"accurate";1;1;1;1;1;1;1;1;1;1;1;0,101;1;1;1;1;1;1;0
"wu";1;0;1;1;1;1;1;1;1;1;1;0,002;1;1;1;1;1;1;1
"wood";1;1;1;1;1;1;1;1;1;1;1;1;0;1;0,055;1;1;0,225;1
"vladimir";1;1;1;1;1;1;1;1;1;0;1;1;1;0,002;1;1;1;1;1
"vector";1;1;0;1;1;0,001;1;1;1;1;1;1;1;1;1;1;1;1;1
"tudor";1;1;1;1;1;0;1;1;1;1;1;1;1;1;1;1;1;1;1
"trident";1;1;1;1;1;1;1;1;1;1;1;1;0;1;1;1;1;1;1
"tolkien";0;1;1;1;1;1;1;1;1;1;1;1;1;1;1;1;1;1;0
"tile";1;1;1;1;1;1;0,001;0,582;1;1;1;0,001;1;1;0,229;1;1;1;1
"stålenhag";1;1;1;1;1;1;1;1;1;0,068;1;0,626;1;1;1;0;1;1;1
"stockholm";1;1;1;1;1;1;1;0;1;1;1;0,042;1;1;1;1;1;1;1
"snowfall";1;1;1;1;1;1;0;1;1;1;1;1;1;1;1;1;1;1;1
"scheme";1;0,289;1;1;1;1;1;1;0,062;1;0,19;1;1;0;1;1;1;1;1
"rust";1;1;1;1;1;1;1;1;0;1;1;1;1;0,11;1;1;1;1;1
"renaissance";1;1;1;1;1;1;0,123;0,472;0,037;1;1;1;1;0,445;1;0,031;1;1;1
"reflection";0,041;1;1;1;1;1;1;0,122;1;1;1;1;1;0,11;1;1;1;1;1
"point";1;1;1;1;1;1;1;1;1;1;1;0,313;1;1;0,105;1;1;1;0
"play";0;1;1;1;1;1;1;1;1;1;1;0,313;1;1;0,105;1;1;1;1
"panoramic";1;1;1;1;1;1;0;1;1;1;1;1;1;1;0,105;0,012;1;1;1
"moon";1;1;1;1;1;1;1;1;1;1;1;1;1;1;0;1;1;1;1
"mccurry";1;1;1;1;1;1;1;1;1;1;1;1;1;1;1;1;1;0;1
"limmat";1;1;1;1;1;1;1;1;1;1;1;1;1;1;1;0;1;1;1
"knight";1;1;1;0;1;1;1;0,003;1;1;1;1;1;1;1;1;1;1;1
"kindkade";0;1;1;1;1;1;1;1;1;1;1;1;1;1;1;1;1;1;1
"kincade";1;1;1;1;1;1;1;1;1;1;1;1;1;1;1;1;1;0;1
"isometric";1;1;1;1;1;1;0,075;0;1;1;1;1;1;1;0,105;1;1;1;1
"iron";1;1;1;1;1;1;1;1;1;1;1;0;1;0,652;1;1;1;1;1
"imax";1;1;1;1;1;1;1;1;0;0,068;1;1;0,08;1;1;1;1;1;1
"hildebrandt";1;1;1;1;1;1;1;1;1;1;0,04;0,203;1;1;0;1;1;1;1
"heavenly";1;1;1;1;1;1;1;1;1;1;0,25;0,071;1;0,652;1;1;1;1;0
"half";1;1;1;1;1;0;1;1;1;1;1;1;1;1;0,295;1;1;1;1
"gate";1;1;1;1;1;1;1;0,684;1;1;1;0;1;0,652;1;0,696;1;1;1
"galic";1;1;1;1;1;1;0;1;1;1;1;1;1;1;1;1;1;1;1
"feature";1;1;1;1;1;1;1;1;1;1;1;0,528;1;0;0,229;0,593;1;1;1
"ernst";1;0;1;1;1;1;1;1;1;1;0,004;1;1;1;1;1;1;1;1
"end";1;1;1;1;1;1;1;0,003;1;1;1;0;1;1;1;1;1;1;1
"effect";1;1;1;1;1;1;1;1;0;1;1;0,042;1;1;1;0,593;1;1;1
"dungeon";1;0,03;1;1;1;1;1;1;1;1;1;1;1;1;0;1;1;1;1
"dream";1;1;1;1;1;1;1;1;1;1;0;1;1;1;1;1;1;1;1
"depict";1;1;1;1;1;1;1;1;1;1;1;0;1;1;1;1;1;0,456;1
"definition";1;1;1;1;1;1;1;1;1;0;0,004;0,626;1;0,652;0,295;1;1;1;1
"civilization";1;1;1;1;1;1;1;1;1;1;1;1;1;1;1;1;1;1;0
"calm";1;1;1;1;1;1;1;0;1;1;0,04;1;1;1;1;1;1;1;1
"area";1;1;1;0,018;1;1;1;1;1;1;1;1;0;1;1;1;1;1;1
"american";1;1;1;1;1;1;1;1;1;1;1;0,423;1;0,445;0,001;1;1;0,026;1
"america";1;1;1;1;1;1;1;1;1;0,004;1;1;0,005;1;1;1;1;0,002;1
"air";1;1;1;1;1;1;1;1;1;1;0,013;0;1;1;1;1;1;1;1
"zbrush";1;1;1;1;1;1;1;1;1;1;0,001;1;1;1;1;0;1;1;1
"young";0,336;1;1;0,116;1;0,004;1;1;0,062;0,044;1;1;1;1;0,229;1;1;1;1
"vintage";1;1;0,164;1;1;1;1;1;1;1;0;1;1;1;1;1;1;1;1
"timber";1;1;1;1;1;0;1;1;1;1;1;1;1;1;1;1;1;1;1
"ted";1;1;1;1;1;1;1;1;1;1;1;1;1;0,001;0;1;1;1;1
"sunrise";1;1;1;1;1;1;1;1;1;1;0,133;1;1;0,445;1;0;1;1;1
"storybook";1;1;0;1;1;1;1;1;1;1;1;1;1;0,048;1;1;1;1;1
"storm";1;1;1;1;1;1;1;1;1;1;1;1;1;1;0;1;1;1;1
"shiny";1;1;1;1;1;0;1;1;1;1;1;0,203;1;1;1;1;1;1;1
"sand";1;0,079;1;1;1;1;1;1;1;0;1;1;1;1;1;1;0,01;1;1
"romanticism";1;1;1;1;1;1;1;1;0,001;1;1;1;1;0,11;0,019;1;1;1;1
"romantic";1;1;1;1;1;1;1;0,582;1;1;1;0;1;1;1;1;1;1;1
"robot";1;1;1;1;1;1;1;1;1;0;1;0,042;1;0,552;1;1;0,082;0,564;1
"regional";1;1;1;1;1;1;1;1;1;1;1;1;1;1;1;1;1;1;0
"psychedelic";1;0;1;1;1;1;1;0,582;0,062;1;1;1;1;1;1;1;1;1;1
"piranesi";1;0,214;1;1;1;1;1;1;0;1;1;0,423;1;1;1;1;1;1;1
"overlook";1;1;1;1;1;1;1;1;1;1;1;1;1;0;0,055;1;1;1;1
"nearby";0;1;1;1;1;1;1;1;1;1;1;1;1;1;1;1;1;1;1
"nasmith";1;1;1;1;1;1;1;1;1;1;1;1;1;0,001;0;1;1;1;1
"mysterious";1;1;1;1;1;1;1;1;0;0,044;1;0,528;0,053;0,552;1;1;1;1;0,564
"model";1;1;1;1;1;1;1;1;1;0,025;1;0,423;1;1;0;1;1;0,456;1
"lovecraftian";1;1;1;1;1;1;1;1;1;1;0;0,203;1;1;0,055;1;1;1;1
"lightning";1;1;1;1;1;1;1;1;0,007;1;1;1;1;1;1;0,243;1;0,002;1
"levitan";1;1;1;1;1;1;1;1;1;1;1;1;1;1;0;1;1;1;1
"horse";0;1;1;1;1;1;1;1;1;1;1;1;1;1;1;1;1;1;1
"fortress";1;1;1;1;1;1;0;1;1;1;1;0,002;1;1;1;1;1;1;1
"foliage";1;1;1;1;1;1;1;1;1;1;1;1;1;1;0;1;1;1;1
"elevate";1;1;1;1;1;1;0;1;1;1;1;1;1;1;1;1;1;1;1
"dishonor";1;1;1;1;1;1;1;1;1;1;1;0;1;0,11;1;1;1;1;1
"delicate";1;1;0;1;1;1;1;1;1;1;1;1;1;1;1;1;1;1;1
"de";1;1;1;1;1;1;1;1;0;1;1;1;1;0,217;1;1;1;1;1
"complex";1;1;1;1;1;1;1;1;0;0,044;0,19;1;1;1;1;1;1;1;1
"colosseum";1;1;1;1;1;1;1;1;1;1;1;0,008;1;0,332;1;0,365;1;0,341;1
"clock";1;1;1;1;1;0;1;0,582;1;0;1;1;1;1;1;1;1;1;1
"cafe";1;1;1;1;1;0,121;1;1;1;1;1;1;1;1;1;1;1;0;1
"brussels";1;1;1;1;1;1;1;1;1;1;1;1;1;1;1;0;1;1;1
"blunt";1;1;1;1;1;1;1;1;1;1;1;1;1;1;1;1;1;1;0
"archipelago";1;1;1;1;1;1;1;1;1;1;1;0,042;1;0,552;1;1;1;1;0
"aqueduct";1;1;1;1;1;1;1;1;1;1;1;1;1;1;1;0;1;1;1
"alien";1;1;1;1;1;1;1;1;1;1;1;1;1;0;0,105;1;1;1;1
"aivazovsky";1;1;1;1;1;1;1;1;0;1;1;0,528;1;1;0,229;1;1;1;1
"afterlife";1;1;1;1;1;1;1;1;1;0,044;1;1;1;1;1;0;1;1;1
"35mm";1;1;1;1;1;1;1;1;1;1;0,19;0,528;1;1;1;0;1;1;1
"wave";1;1;1;1;1;1;1;0,472;1;1;1;1;1;1;1;0,483;0;1;1
"viktor";1;1;0;1;1;1;1;1;1;1;1;1;1;0,024;1;1;1;0,456;1
"treasure";1;1;1;1;1;1;1;0,472;1;1;1;1;1;1;1;0,483;1;1;0
"traditional";1;1;1;1;0;1;1;1;1;1;1;1;1;0,445;0,165;1;1;1;1
"toei";1;1;0;1;1;1;1;1;1;1;1;1;1;1;1;1;1;1;1
"tictac";1;1;1;1;1;1;1;1;1;1;1;1;1;1;1;1;0;1;1
"takeya";1;1;1;1;1;1;1;1;1;1;1;1;1;1;1;1;0;1;1
"takayuki";1;1;1;1;1;1;1;1;1;1;1;1;1;1;1;1;0;1;1
"stream";0,254;1;1;1;1;1;1;1;0;1;1;1;1;1;1;1;1;1;1
"strange";1;1;1;1;1;1;1;1;1;1;1;1;1;0;0,105;1;1;1;1
"shade";1;1;1;1;1;1;1;1;1;1;0;0;1;1;1;1;1;1;1
"settlement";1;1;1;1;1;1;1;0;1;1;1;1;1;1;1;1;1;1;1
"secret";0,174;1;1;1;1;1;1;1;1;1;1;1;1;0;1;1;1;1;0,341
"sculpt";1;1;1;1;1;1;1;1;1;0,025;1;1;1;1;1;0;1;1;1
"rococo";1;1;1;1;1;1;1;0;1;1;1;1;1;1;0,165;0,483;1;1;1
"rock";1;1;1;1;1;1;1;0;1;1;1;1;1;1;1;1;1;0,341;1
"ratio";1;1;0,068;1;1;1;1;1;1;1;1;1;1;1;0,105;0;1;1;1
"range";1;1;1;1;1;1;1;0,029;0,037;1;1;1;1;0;1;1;1;1;1
"rainbow";1;1;1;1;1;1;1;1;1;1;1;1;1;1;1;1;1;0;1
"pumpkin";1;1;1;1;1;1;1;1;1;1;1;1;1;1;0;1;1;1;1
"pond";1;1;1;1;1;1;1;1;1;1;1;1;1;1;0;1;1;1;1
"political";1;1;1;1;1;1;1;1;1;1;1;1;1;1;1;1;1;1;0
"plain";0;1;1;1;1;1;1;0,472;1;1;1;1;1;1;1;0,483;1;1;0,456
"picture";1;1;1;1;1;1;1;1;1;1;1;0,423;1;1;1;0,483;1;1;0
"path";1;1;1;1;1;1;1;1;1;1;0;1;1;0,445;1;0,031;1;1;1
"overgrow";1;0;1;1;1;1;1;1;0;1;1;1;1;1;1;1;1;1;1
"nighttime";1;1;1;1;1;1;1;1;1;1;0;1;1;0,009;0,105;1;1;1;1
"michael";1;1;1;1;1;1;1;0,355;1;0,012;0,082;1;0,015;0,332;1;1;1;1;1
"metropolis";1;1;1;1;1;1;1;1;1;1;1;0,02;1;0;1;1;1;1;1
"max";1;0;1;1;1;1;1;1;1;1;1;1;1;1;1;1;0,051;1;1
"main";1;1;1;1;1;1;1;1;1;1;1;1;1;1;0;1;1;0,002;1
"lovecraft";1;1;1;1;1;1;1;1;1;1;1;0,02;1;1;1;0;1;1;1
"lineart";1;0;1;1;1;1;1;0,472;1;1;1;1;1;1;1;1;1;1;1
"lantern";1;1;1;1;1;1;1;1;1;1;1;1;1;1;1;1;1;0;1
"intricately";1;1;1;1;1;1;1;1;1;1;1;1;1;1;0,105;1;1;1;0
"instagram";1;1;1;1;1;1;1;1;1;1;0,133;1;1;1;1;0;1;1;1
"imagery";1;1;1;1;1;1;1;0;1;1;1;1;1;1;1;0,483;0,051;1;1
"hunter";1;1;0;1;1;1;1;1;1;1;1;1;1;1;1;1;1;1;1
"houdini";1;1;1;1;1;1;1;1;1;1;1;0,423;1;1;1;0;1;1;1
"hold";1;1;1;1;1;1;1;0;1;1;1;1;1;1;1;1;1;0,456;0,456
"historical";1;1;1;1;1;1;1;1;1;1;1;0,313;1;1;1;0,365;1;0;1
"heart";1;1;1;1;1;1;1;1;1;1;0,133;0;1;1;1;1;1;1;1
"hand";1;1;1;1;1;1;1;1;1;1;1;1;1;1;0,165;1;1;1;0
"grass";1;1;1;1;1;1;1;0,472;1;1;1;1;1;1;0,165;0;1;1;0,456
"giger";1;1;1;1;1;1;1;1;1;0,025;0;1;1;0,445;0,165;1;1;1;1
"freeze";1;1;1;1;1;1;1;1;1;1;0,133;1;1;1;1;0,483;1;0,456;0
"foggy";1;1;1;1;1;1;1;1;0;1;1;1;0;0,445;1;1;1;1;1
"flare";1;1;1;1;1;1;1;1;1;0;1;0,203;1;1;1;1;1;1;1
"fantastical";1;1;1;1;1;1;1;0,003;1;1;1;0,002;1;1;1;1;1;1;1
"face";1;1;1;1;1;1;1;1;1;1;1;0,423;0;1;0;1;1;1;1
"eyck";1;0;1;1;1;1;1;1;0,037;1;1;1;1;1;1;1;1;1;1
"edge";1;1;0;1;1;1;1;0;1;1;1;1;1;1;1;1;1;1;1
"dreamlike";1;1;1;0;1;1;1;1;1;1;0,133;0,423;1;1;1;1;1;1;1
"doll";0;1;1;1;1;1;1;1;1;1;1;1;1;1;1;1;1;1;1
"deep";1;1;1;1;1;1;1;0,236;1;1;1;1;1;1;0,055;1;1;0,002;1
"crook";1;1;1;0;1;1;1;1;1;1;1;1;1;1;1;1;1;1;1
"crash";1;1;1;1;1;1;1;1;1;1;1;1;1;1;1;1;0;1;1
"courtyard";1;1;1;1;1;1;1;1;1;1;1;1;1;0;1;0,483;1;0,026;1
"computer";1;1;1;1;1;1;1;0,122;1;1;0;1;1;1;1;1;1;1;1
"colourful";1;1;1;1;1;1;0;1;1;0,012;1;1;1;1;1;1;1;1;1
"cobble";1;1;1;1;1;1;1;0;1;1;1;0,423;1;1;0,165;1;0,051;1;1
"channel";1;1;1;1;1;1;1;1;0;1;1;1;1;1;1;1;1;1;1
"change";1;1;1;1;1;1;0;1;1;1;0,133;1;1;1;1;0,483;1;1;0,026
"caravaggio";1;1;1;1;1;1;1;1;1;1;0;1;1;1;0,001;1;1;1;1
"car";1;1;1;1;1;0,187;1;0;1;1;1;0,423;0,031;1;1;1;1;1;1
"brown";1;1;1;1;1;1;1;1;1;1;1;1;1;1;0;1;1;0,341;1
"beautifully";1;1;1;1;1;1;1;1;0;1;1;1;1;0;1;1;1;1;1
"balkan";1;1;1;1;1;1;1;1;1;1;1;1;1;1;1;1;1;1;0
"aesthetic";1;1;1;1;1;1;1;1;1;1;1;0;1;0,009;1;1;1;1;1
"witcher";1;1;1;1;1;1;0;1;1;1;1;1;1;1;1;1;1;1;1
"witch";1;1;1;0;1;1;1;1;1;1;1;1;1;1;1;1;1;0,341;1
"watch";1;1;1;1;1;1;1;0,355;1;0,012;0,082;1;1;1;1;1;1;0,01;1
"villager";1;1;0;1;1;1;1;1;1;1;1;1;1;1;1;1;1;1;1
"vfx";1;1;1;1;1;1;1;1;1;1;1;1;1;1;1;0;1;1;1
"verehin";1;1;1;1;1;1;1;1;1;1;1;1;1;1;1;1;0;1;1
"university";1;1;1;0,042;1;1;0;1;1;1;1;1;1;1;1;1;1;1;1
"underground";1;1;1;1;1;1;1;1;0;1;1;1;1;1;1;1;1;1;1
"ting";1;1;1;1;1;1;1;1;1;1;1;1;1;1;1;1;0;1;1
"thick";1;0;1;1;1;1;1;1;1;1;1;1;1;1;1;1;1;1;1
"study";1;1;1;1;1;1;1;1;0;1;1;1;1;1;1;1;1;1;1
"steel";1;1;1;1;1;1;1;1;0;1;1;1;1;0,009;0,105;1;1;1;1
"state";1;1;1;1;1;1;0;1;1;1;1;1;0,015;1;1;1;1;1;1
"south";1;1;1;1;1;1;1;1;1;1;1;1;1;1;1;1;1;1;0
"solarpunk";1;1;1;1;1;1;1;1;1;1;0;1;1;1;1;1;1;1;1
"socialist";1;1;0;1;1;1;1;1;1;1;1;1;1;1;1;1;1;1;1
"sketch";1;1;1;1;1;1;1;0;1;1;1;1;1;1;1;0,365;1;1;1
"sit";1;1;1;0,018;1;1;1;1;1;1;1;1;1;1;0,055;1;1;0,002;1
"silver";1;1;1;1;1;0;1;1;0;1;1;1;1;1;1;1;1;1;1
"sewer";1;1;1;1;1;1;1;1;0;1;1;1;1;1;1;1;1;1;1
"school";1;1;1;1;1;1;1;0,003;1;1;1;0,203;1;1;1;1;1;1;0,225
"rpg";1;1;1;1;1;1;1;0;1;1;1;1;1;1;1;0,365;1;1;0,341
"realist";1;1;1;1;0;1;1;1;1;1;1;1;1;1;0,105;1;1;1;1
"rainy";1;1;1;1;1;1;0,075;1;1;1;1;0,008;1;1;0;1;1;1;1
"portra";1;1;1;1;1;1;1;0;1;1;1;1;1;1;1;0,012;1;1;1
"palm";1;1;1;0;1;1;1;1;1;1;1;1;1;0;1;1;1;1;1
"pain";1;1;1;1;1;1;1;1;1;1;0;1;1;0,332;1;1;1;1;1
"north";1;1;1;1;1;1;1;1;1;1;1;1;1;0,332;1;1;1;1;0
"nekro";1;1;1;1;1;1;1;1;1;1;1;1;1;1;1;0;1;1;1
"naïve";1;1;0;1;1;1;1;1;1;1;1;1;1;1;1;1;1;1;1
"national";1;1;1;1;1;1;1;0,236;0;1;1;1;0,005;1;1;1;1;1;1
"maxim";1;1;1;1;1;1;1;1;1;1;1;1;1;1;1;1;0;1;1
"marco";1;1;1;1;1;1;1;1;1;1;1;1;1;1;1;0;0,027;1;1
"mapporn";1;1;1;1;1;1;1;1;1;1;1;1;1;1;1;1;1;1;0
"manga";1;1;1;1;1;1;1;1;1;1;1;0,313;1;1;1;1;1;1;0
"lviv";1;1;1;1;1;1;1;1;1;0;1;1;1;1;1;1;1;0,01;1
"lose";1;1;1;1;1;1;1;1;1;0,012;1;0;1;1;1;1;0,027;1;1
"landscale";0;1;1;1;1;1;1;1;1;1;1;1;1;1;1;1;1;1;1
"konig";1;1;1;1;1;1;1;1;1;1;1;1;1;1;1;1;0;1;1
"kodak";1;1;1;1;1;1;1;0;1;1;1;1;1;1;1;0,012;1;1;1
"johnson";1;1;1;1;1;1;1;1;1;1;1;1;1;1;1;1;0;1;1
"jar";1;1;1;1;1;1;1;1;1;1;1;1;1;1;1;1;1;0;1
"invade";1;1;1;1;1;1;1;1;1;1;1;1;1;1;1;1;0;1;1
"impossibly";1;1;1;1;1;1;0;1;1;1;1;1;1;1;1;1;1;1;1
"impose";1;1;1;1;1;1;1;1;1;0;1;1;1;1;1;1;1;1;1
"haunt";1;1;1;1;1;1;1;1;1;1;0;1;1;1;1;1;1;0,341;1
"greek";1;1;1;1;1;1;1;0,236;1;1;1;0;1;1;1;1;1;1;1
"graphic";1;1;1;1;1;1;1;1;1;0;1;1;1;1;1;1;1;1;1
"galaxy";1;1;1;1;1;1;1;0;1;1;1;1;1;1;1;1;0,01;1;1
"evil";1;1;1;1;1;1;0,036;1;1;1;1;1;1;0,002;1;0,243;1;1;1
"establish";1;1;1;1;1;1;1;1;1;1;1;1;1;0;1;1;1;1;1
"engrave";1;1;1;1;1;1;1;0;0,001;1;1;1;1;1;1;1;1;1;1
"elaborate";1;1;1;1;1;1;1;1;1;1;1;1;1;0,009;1;1;1;1;0
"donkey";0;1;1;1;1;1;1;1;1;1;1;1;1;1;1;1;1;1;1
"direct";1;1;1;1;1;1;1;1;1;0;1;1;0,015;1;1;1;1;1;1
"diffuse";1;1;1;1;1;1;1;0;1;1;1;1;1;0,332;1;1;0,027;1;1
"demon";1;1;1;1;1;1;1;1;0;1;1;1;1;1;0;1;1;0,341;1
"deform";1;1;1;0;1;1;1;1;1;1;1;1;1;1;1;1;1;1;1
"daytime";1;1;1;1;1;1;1;1;1;1;0;1;1;0,332;1;1;1;1;1
"continent";1;1;1;1;1;1;1;0,236;1;1;1;1;1;0,217;1;1;1;1;0,002
"climate";1;1;1;1;1;1;0;1;1;1;0,082;1;1;1;1;1;1;1;0,01
"charles";1;1;1;1;1;1;1;0;1;1;1;1;1;1;1;1;1;1;0,341
"bustle";1;1;1;0,042;1;1;1;0;1;1;1;1;1;1;0,105;1;1;1;1
"british";1;1;1;1;1;0,121;1;1;1;1;1;0,313;1;1;0;1;1;1;1
"beach";1;1;1;0,042;1;1;1;0,011;1;1;1;1;1;0,009;1;1;1;1;1
"andreas";1;1;1;1;1;1;0,036;0,236;1;1;1;1;1;0,002;1;1;1;1;1
"advertisement";1;1;1;1;1;1;1;1;1;1;1;1;1;1;1;0;1;1;1
"adventure";1;1;1;1;1;1;1;1;0;1;1;1;1;1;1;1;1;1;1
"18th";1;1;1;1;1;1;1;1;1;1;1;1;1;1;0;1;1;1;1
"17th";1;1;1;1;1;1;1;0;1;1;1;1;1;1;1;1;1;1;1
"wonderful";1;1;1;1;1;1;1;1;1;1;1;1;1;0;1;1;1;1;1
"william";1;1;1;1;1;1;1;1;1;1;0,013;1;1;1;0,019;1;1;0,115;1
"watercolour";1;1;1;1;1;1;1;0;1;1;1;1;1;1;1;1;1;1;1
"warhammer";1;1;1;1;1;1;1;1;1;0;1;0,203;1;1;1;1;1;1;1
"unite";1;1;0;1;1;1;1;1;1;0,004;1;1;1;1;1;1;1;1;1
"tulip";0;1;1;1;1;1;1;1;1;1;1;1;1;1;1;1;1;1;1
"terrace";1;1;1;1;1;1;1;1;1;1;1;1;1;1;1;1;1;0;1
"tank";1;1;1;1;1;1;1;1;1;1;1;1;1;1;1;1;1;0;1
"svg";1;1;1;1;1;0;1;1;1;1;1;1;1;1;1;1;1;1;0,002
"statistic";1;1;1;1;1;1;1;1;1;1;1;1;1;1;1;1;1;1;0
"solidity";1;1;1;1;1;1;1;1;1;1;1;1;1;1;1;0;1;1;1
"ski";1;1;1;1;1;1;1;1;1;0;1;1;1;1;1;1;1;1;1
"site";1;1;1;0,018;1;1;1;1;1;1;1;1;1;1;1;1;1;0;1
"silhouette";1;1;1;0,018;1;1;1;1;1;1;1;1;1;0;1;1;1;1;1
"shield";0;1;1;1;1;1;1;1;1;1;1;0,203;1;1;1;1;1;1;1
"sheet";1;0;1;1;1;1;1;1;0;1;1;1;1;1;1;1;1;1;1
"roger";1;1;1;1;1;1;1;1;0;1;1;1;1;0,217;1;1;1;1;1
"rocha";1;1;1;1;1;1;1;0,122;1;1;1;1;1;0;1;1;1;1;1
"riverboat";1;1;1;1;1;0;1;1;1;1;1;1;1;1;1;1;1;1;1
"rise";1;1;1;1;1;1;1;0,003;1;1;1;1;1;0,217;0,055;1;1;1;1
"rim";1;1;1;1;1;1;1;0,122;1;1;1;1;1;1;1;0;1;1;1
"reflect";1;1;1;1;1;1;1;1;1;1;1;0,203;1;0,002;0,055;1;1;1;1
"realm";1;1;1;1;1;1;1;1;1;1;1;1;1;1;1;1;1;1;0
"purple";1;1;1;1;1;1;1;1;1;1;1;1;1;0;1;1;1;1;1
"protect";1;1;1;1;0;1;1;1;1;1;1;1;1;1;1;1;1;1;1
"professionally";1;1;1;1;1;1;1;1;1;1;1;0,203;1;1;1;1;1;1;0
"picturesque";1;1;1;1;1;0;1;1;1;1;1;1;1;1;1;1;1;1;1
"period";1;1;1;1;1;1;1;0;1;1;1;1;1;1;1;1;1;1;1
"pc";1;1;1;1;1;1;0;1;1;1;1;1;1;1;1;1;1;1;1
"part";1;1;1;1;1;1;1;1;0;1;1;1;1;0,217;1;1;1;1;1
"parchment";1;1;1;1;1;1;1;1;1;1;1;1;1;1;1;1;1;1;0
"paick";1;1;1;1;1;1;1;1;0;1;1;0,101;1;1;1;1;1;1;1
"overcast";1;1;1;1;1;1;1;1;1;0;1;1;1;1;0,055;1;1;1;1
"norwegian";1;1;1;1;1;1;1;1;1;1;1;1;1;1;1;1;1;1;0
"mute";1;1;0,032;1;1;1;1;0,003;1;1;1;0,203;1;1;1;1;1;1;1
"monster";1;1;1;1;1;1;1;1;1;1;0;0,101;1;1;1;1;1;1;1
"minimal";1;1;1;1;1;0;1;0,236;0,007;1;1;1;1;1;1;1;1;1;1
"mine";1;1;1;1;1;1;1;0,236;1;1;1;1;1;1;1;1;1;1;0
"medium";1;1;1;1;1;1;0;1;1;1;1;1;1;1;1;0,243;1;1;1
"luxemburg";1;0;1;1;1;1;1;1;1;1;1;1;1;1;1;1;1;1;1
"lorenzo";1;1;0;1;1;1;1;1;1;1;1;1;1;1;1;1;1;1;1
"lone";1;1;1;1;1;1;0,036;1;1;1;1;1;0;1;1;1;1;1;1
"logo";1;1;0;1;1;1;1;1;1;1;1;1;1;0,217;1;1;1;0,225;1
"layer";1;1;1;1;1;1;1;1;0;1;1;1;1;1;0,055;1;1;1;1
"lava";1;1;1;1;1;1;1;0,122;0,001;1;1;1;1;0,11;1;1;1;1;1
"lanfranconi";1;1;0;1;1;1;1;1;1;1;1;1;1;1;1;1;1;1;1
"kremlin";1;1;1;1;1;1;1;1;1;1;1;1;0,001;1;1;0,127;1;0,115;1
"koidl";1;1;1;1;1;1;1;1;1;1;1;1;1;1;1;1;1;0;1
"kitezh";1;1;1;1;1;1;1;1;1;1;1;1;1;0;1;1;1;1;1
"italy";1;1;1;1;1;1;1;1;1;1;1;0,203;1;0,002;1;1;1;1;0,225
"istanbul";1;1;1;1;1;1;1;1;0,007;1;1;1;1;1;1;0;1;1;1
"ismail";1;1;1;1;1;1;1;1;0;1;1;1;1;1;1;1;1;1;1
"isaac";1;1;1;1;1;0;1;1;1;1;1;1;1;1;0;1;1;1;1
"include";1;1;1;1;1;1;1;1;1;1;1;1;1;1;1;1;1;1;0
"inceoglu";1;1;1;1;1;1;1;1;0;1;1;1;1;1;1;1;1;1;1
"hyperborea";1;1;1;1;1;1;1;1;1;1;1;1;1;0;1;1;1;1;1
"hole";1;1;1;1;1;1;1;0;1;1;1;1;1;0,11;1;1;1;1;1
"hohenzollern";1;1;1;1;1;1;1;0;1;1;1;1;1;1;1;1;1;1;1
"hodas";1;1;1;1;1;1;0;1;1;1;1;0,101;1;1;1;1;1;1;1
"hobbit";0;1;1;1;1;1;1;1;1;1;1;1;1;1;1;1;1;1;1
"highlight";1;1;1;1;1;0,065;1;1;0;1;1;1;1;0,217;1;1;1;1;1
"group";0,1;1;1;1;1;1;1;1;1;1;0,04;1;1;1;0,055;1;1;1;0,225
"glorious";1;1;1;1;1;1;1;1;1;1;0,04;1;1;0,002;0,055;1;1;1;1
"giovanni";1;1;0;1;1;1;1;1;0,007;1;1;1;1;1;0,055;1;1;1;1
"georgian";1;1;1;1;1;1;1;1;1;1;1;1;1;0;1;0,243;1;1;1
"frog";1;1;1;1;1;1;0,036;0,236;1;1;1;0,203;1;1;0,055;1;1;1;1
"frame";1;1;1;1;1;1;1;0,236;1;1;1;1;0,005;1;1;1;1;1;0,002
"foot";1;1;1;1;1;0;1;1;1;1;1;1;1;1;1;1;1;1;1
"florence";1;0,079;1;1;1;1;1;1;1;1;1;0,203;1;1;1;0,003;1;1;1
"floor";1;1;1;1;1;1;1;0;1;1;1;1;1;1;1;1;1;1;1
"finnstark";1;1;1;1;1;1;1;1;1;1;1;1;1;1;1;0;1;1;1
"finely";1;1;1;1;1;1;1;1;0;0,004;0,04;1;1;1;1;1;1;1;1
"fine";1;1;1;1;1;1;1;1;1;1;0,013;0,101;1;0,11;1;1;1;1;1
"filip";1;1;1;1;1;1;0;1;1;1;1;0,101;1;1;1;1;1;1;1
"explosion";1;1;1;1;1;1;1;1;1;1;1;1;1;1;0;1;1;1;1
"eternity";1;1;1;1;1;1;1;1;1;1;1;1;1;1;1;0;1;1;1
"enormous";1;1;1;1;1;1;1;0;1;1;1;1;1;1;1;1;1;1;1
"element";1;1;1;1;1;1;1;1;1;1;1;0;1;1;0,019;1;1;1;1
"eerie";1;1;1;1;1;1;1;0,122;0;1;1;1;1;1;1;1;1;1;1
"eastern";1;1;1;1;1;1;1;1;1;1;0,013;1;1;1;1;0;1;1;1
"dolomite";1;1;1;1;0;1;1;1;1;1;1;1;1;1;1;1;1;1;1
"detach";1;1;1;1;1;0;1;1;1;1;1;1;1;1;1;1;1;1;1
"czech";1;1;1;1;1;1;1;0,003;1;1;1;1;1;0,002;1;1;1;1;1
"cream";1;1;1;1;1;1;1;1;1;1;1;1;1;0;1;1;1;1;1
"cracow";1;1;1;1;1;1;1;1;1;0;1;1;1;1;1;0,127;1;1;1
"courbet";1;1;1;1;1;1;1;0,122;1;1;1;0;1;1;1;1;1;1;1
"contest";1;1;1;1;1;1;1;1;1;1;1;1;1;0,002;1;1;1;1;0,002
"construction";1;1;1;1;1;1;1;1;1;1;1;1;1;0,217;1;0;1;1;1
"confluence";1;1;1;1;1;1;1;1;1;1;1;0;1;1;1;1;1;1;1
"cloudy";1;1;1;1;1;1;1;1;1;1;1;0,002;1;1;1;1;1;0,002;1
"clay";1;0;1;1;1;1;1;0,236;1;1;1;1;1;1;1;1;1;1;1
"cimbing";1;1;1;1;1;1;1;1;1;1;1;1;1;1;1;1;0;1;1
"celtic";1;1;1;1;1;1;1;0;1;1;1;1;1;1;1;1;1;1;1
"caribean";1;1;1;1;1;1;1;1;1;1;1;1;1;1;1;0;1;1;1
"brutalist";1;1;1;1;1;1;1;1;0;1;1;1;1;0,217;0,055;1;1;1;1
"botanical";0;1;1;1;1;1;1;1;1;1;1;1;1;1;1;1;1;1;1
"beksi";1;1;1;1;1;1;1;1;1;0;1;1;1;1;1;1;1;1;1
"base";0,1;1;1;1;1;1;1;1;1;1;1;0,002;1;1;1;0,243;1;1;1
"balcony";1;1;1;1;1;1;1;1;1;1;1;1;1;0;1;1;1;1;1
"babylon";1;1;1;1;1;1;1;1;0;1;1;1;1;1;1;1;1;1;1
"aztec";1;1;0;1;1;1;1;1;1;1;1;1;1;1;1;1;1;1;1
"audubon";1;0;1;1;1;1;1;1;1;1;1;1;1;1;1;1;1;1;1
"astronaut";0;1;1;1;1;1;1;0,236;1;1;1;1;1;1;1;1;1;1;1
"arthur";1;0,079;1;1;1;1;1;1;0,007;1;1;1;1;1;1;1;1;0,002;1
"approach";1;1;0;1;1;1;1;1;1;1;1;1;1;1;1;1;1;1;1
"apocalypse";1;1;1;1;1;1;1;1;1;1;0,013;0,101;1;0,11;1;1;1;1;1
"angel";1;1;1;1;1;1;1;1;1;0,001;1;0,101;1;1;1;1;1;0,115;1
"anato";1;1;1;1;1;1;1;1;1;1;1;1;1;1;1;0;1;1;1
"ambiance";1;1;1;1;1;1;1;1;1;1;1;0;1;1;1;1;1;1;1
"alsp";1;1;1;1;1;1;1;1;1;1;1;1;1;1;1;0;1;1;1
"alley";1;1;1;1;1;1;1;1;1;1;0,04;0,002;1;1;1;1;1;0,225;1
"afternoon";1;1;0;1;1;1;1;1;1;1;1;1;1;1;1;1;1;1;1
"4d";1;1;1;1;1;1;1;1;1;1;1;1;1;1;1;1;0;1;1
"zelensky";1;1;0;1;1;1;1;1;1;1;1;1;1;1;1;1;1;1;1
"worth1000";1;1;1;1;1;1;1;1;1;1;1;1;1;1;1;0;1;1;1
"worksite";1;1;1;1;1;1;1;1;1;1;1;1;1;1;1;0;1;1;1
"wild";0;1;1;1;1;1;1;1;1;0,001;1;1;1;1;1;1;1;1;1
"width";1;1;1;1;1;1;1;0;1;1;1;1;1;1;1;1;1;1;1
"wholesome";1;1;1;1;1;1;0;1;1;1;1;1;1;1;1;1;1;1;1
"whimsical";1;1;1;1;1;0,024;1;0,122;1;1;1;0,101;1;1;1;1;1;1;1
"whelan";1;1;1;1;1;1;1;1;1;0,001;1;1;1;0;1;1;1;1;1
"western";1;1;1;1;1;1;1;1;1;1;1;1;0;1;1;1;1;1;1
"weep";1;1;1;1;1;1;1;1;1;1;1;1;1;1;1;1;1;1;0
"wayne";1;1;1;1;1;1;1;1;1;1;0;1;1;1;0,019;1;1;1;1
"warn";1;1;1;1;1;1;1;1;0;1;1;1;1;1;1;1;1;1;1
"warcraft";1;1;1;1;1;1;1;1;1;1;1;1;1;1;1;1;1;1;0
"volatile";1;1;1;1;1;1;1;1;1;1;1;1;1;1;1;1;1;1;0
"visible";1;1;1;0,005;1;1;1;0,122;0,001;1;1;1;1;1;1;1;1;1;1
"victor";1;1;1;1;1;1;1;0,122;1;1;1;1;1;0,11;1;0,127;1;1;1
"vibrante";1;1;1;1;1;1;1;1;1;1;1;0;1;1;1;1;1;1;1
"vatican";1;1;1;1;1;1;1;1;0,001;1;1;0,101;1;1;1;1;1;1;0,115
"vasnev";1;1;1;1;1;1;1;1;1;1;1;1;1;1;1;0;1;1;1
"vasnetsov";1;1;1;1;1;1;1;1;1;1;1;1;1;0;0,019;1;1;1;1
"ussr";1;1;0,01;1;1;1;1;1;1;1;1;1;1;1;1;1;1;0;1
"ureal";1;1;1;1;1;1;1;1;1;1;1;1;1;0;1;1;1;1;1
"unify";1;1;0;1;1;1;1;1;1;1;1;1;1;1;1;1;1;1;1
"unforgiving";1;1;1;1;1;1;1;1;1;1;1;1;1;1;1;1;1;1;0
"ultrarrealistic";1;1;0;1;1;1;1;1;1;1;1;1;1;1;1;1;1;1;1
"ukranian";1;1;1;1;1;1;1;1;1;0;1;1;1;1;1;1;1;1;1
"ue5";1;1;1;1;1;1;1;1;0;1;1;1;1;1;1;1;1;1;1
"turn";1;0,03;1;1;1;1;1;1;1;1;1;1;1;1;1;1;1;0;1
"turini";1;1;1;1;1;1;1;1;1;1;1;1;1;1;1;0;1;1;1
"touch";1;1;0;1;1;1;0,011;1;1;1;1;1;1;1;1;1;1;1;1
"teal";1;1;1;1;1;0,024;0,011;0,122;1;1;1;1;1;1;1;1;1;1;1
"tarot";1;1;1;1;1;1;0;1;1;1;1;1;1;1;1;1;0,002;1;1
"tardis";1;1;1;1;1;1;1;1;1;1;1;1;1;1;1;1;1;0;1
"tag";1;1;1;1;1;0;1;1;1;1;1;1;1;1;1;1;1;1;1
"tactic";1;1;1;1;1;1;1;1;1;1;1;1;1;1;1;1;1;1;0
"svetlin";1;0,03;1;1;1;1;1;0,122;1;1;1;1;1;1;1;0,127;1;1;1
"survivor";1;1;1;1;1;1;1;1;1;1;1;1;1;1;1;1;0;1;1
"surrealism";1;1;1;1;1;1;1;1;0,001;1;1;1;1;1;0,019;1;0,002;1;1
"surprise";1;1;1;1;1;1;1;1;1;1;1;1;1;1;1;1;1;0;1
"strand";1;1;1;1;1;1;1;1;1;1;1;1;1;1;1;1;1;1;0
"stew";0;1;1;1;1;1;1;1;1;1;1;1;1;1;1;1;1;1;1
"staircase";1;1;1;1;1;1;1;1;0,001;1;1;0;1;1;1;1;1;1;1
"somber";1;1;1;1;1;1;1;1;1;0;1;1;1;1;1;1;1;1;1
"skyrim";1;1;1;1;1;1;1;1;1;1;1;1;1;0;1;1;1;1;0,115
"situate";1;1;1;1;1;1;1;1;1;1;1;1;1;1;1;1;1;1;0
"simplistic";1;1;1;1;1;1;1;1;1;1;1;1;1;1;1;1;1;1;0
"sienkiewicz";1;1;1;1;1;1;1;1;1;1;1;1;0;1;1;1;1;1;1
"sid";1;1;1;1;1;1;1;1;1;1;1;1;1;1;1;1;1;1;0
"shoulder";1;1;1;1;1;1;1;1;1;1;1;1;0,001;0;1;1;1;1;1
"shock";1;1;1;1;1;1;0;1;1;1;1;1;1;1;1;0,127;1;1;1
"shishkin";1;1;1;1;1;1;1;1;1;1;1;1;1;0;0,019;1;1;1;1
"sewage";1;1;1;1;1;1;1;1;0;1;1;1;1;1;1;1;1;1;1
"set";1;1;1;1;1;1;1;1;1;1;1;0;1;1;0,019;1;1;1;1
"sergey";1;1;1;1;1;1;1;1;1;1;1;1;1;1;1;0;1;1;1
"scary";1;1;1;1;1;1;1;1;1;1;1;1;0;1;1;1;1;1;1
"saturation";1;1;1;1;1;1;1;1;1;0;1;1;1;1;1;0,127;1;1;1
"sail";1;1;1;1;1;1;1;1;1;1;1;1;1;1;1;0;1;1;1
"ruysch";1;1;1;1;1;1;1;1;0;1;1;1;1;1;1;1;1;1;1
"rubinkowski";1;1;1;1;1;1;1;1;1;1;0;1;1;1;1;1;1;1;1
"rtx";1;1;1;1;1;1;1;1;0;1;1;1;1;1;1;1;1;1;1
"roundabout";1;1;1;1;1;1;1;1;1;1;1;1;1;1;1;0;1;1;1
"rossier";1;1;1;1;1;0;1;1;1;1;1;0,101;1;1;1;1;1;1;1
"rolex";1;1;1;1;1;0;1;1;1;1;1;1;1;1;1;1;1;1;1
"rich";1;1;1;1;1;1;1;0,122;1;1;1;1;1;0,11;0,019;1;1;1;1
"retrofuture";1;1;1;1;1;1;1;1;1;1;1;1;1;1;1;1;1;1;0
"reichstag";1;1;1;1;1;1;1;1;1;1;0;1;1;1;1;0,127;1;1;1
"reapper";1;1;1;1;1;1;1;1;1;1;1;1;1;1;1;1;1;0;1
"radiant";1;1;1;1;1;1;1;1;1;1;1;0;1;1;1;1;1;0,115;1
"rachel";1;1;1;1;1;1;1;1;0;1;1;1;1;1;1;1;1;1;1
"put";1;1;0;1;1;1;1;1;1;1;1;1;1;1;1;1;1;1;1
"pustoviyt";1;1;0;1;1;1;1;1;1;1;1;1;1;1;1;1;1;1;1
"pub";1;1;1;1;1;1;1;1;1;1;1;1;1;1;0;1;1;1;1
"propaganda";1;1;0;1;1;1;1;1;1;1;1;1;1;1;1;1;1;1;1
"precious";0;1;1;1;1;1;1;1;1;1;1;1;1;1;1;1;1;1;1
"postprocessing";1;1;1;1;1;1;0;1;1;1;1;1;1;1;1;1;1;1;1
"portsmouth";1;1;1;1;1;1;1;1;1;1;1;1;1;1;0;1;1;1;1
"population";1;1;1;1;1;1;1;1;1;1;1;1;1;1;1;1;1;1;0
"polity";1;1;1;1;1;1;1;1;1;1;1;1;1;1;1;1;1;1;0
"poland";1;1;1;1;1;1;1;1;1;1;1;0;1;1;1;0,127;1;1;1
"poke";1;1;1;1;1;1;1;1;1;1;1;1;1;0;1;1;1;1;1
"petroleum";1;1;1;1;1;1;1;1;1;1;1;1;1;1;1;1;1;0;1
"pastoral";1;1;1;1;1;1;1;1;1;1;1;1;1;0;1;1;1;0,115;1
"pascal";1;1;1;1;1;1;1;0,122;1;1;1;0,101;1;1;0,019;1;1;1;1
"palermo";1;1;0,01;1;1;1;1;1;1;1;1;1;1;1;1;1;1;0;1
"overhead";1;1;1;1;1;1;1;1;1;1;1;0;1;1;0,019;1;1;1;1
"otto";1;1;0;1;1;1;1;1;1;1;1;1;1;1;1;1;1;1;1
"omega";1;1;1;1;1;0;1;1;1;1;1;1;1;1;1;1;1;1;1
"odessa";1;1;1;1;1;1;1;1;1;0;1;1;1;1;1;1;1;1;1
"norway";1;1;0;1;1;1;1;1;1;1;1;1;1;1;1;1;1;1;1
"noise";1;1;1;1;1;1;1;1;1;1;1;0;1;1;1;1;1;1;1
"nazi";1;1;1;1;1;1;1;1;1;1;0;1;1;1;1;1;1;1;1
"nature";1;1;1;1;1;1;1;0;1;1;1;1;1;1;1;1;1;1;1
"name";1;1;1;1;1;1;1;1;1;1;1;0,101;1;1;1;1;1;1;0
"nag";1;1;1;1;1;1;1;1;1;1;0;1;1;1;1;1;1;1;1
"musty";1;1;1;1;1;1;1;1;0;1;1;1;1;1;1;1;1;1;1
"motherboard";1;1;1;1;1;1;1;0,122;1;1;0;1;1;1;1;1;1;1;1
"moss";1;1;1;1;1;1;1;1;0;1;1;1;1;1;1;1;1;1;1
"moonlight";1;1;1;1;1;1;1;0,122;0;1;1;1;1;1;1;1;1;1;1
"mood";1;1;1;1;1;1;1;1;1;1;1;0,101;1;0,11;0,019;1;1;1;1
"mohrhauser";1;1;1;1;1;1;1;1;1;1;1;1;1;1;1;1;0;1;1
"mitchell";1;1;1;1;1;1;1;1;1;1;1;1;1;1;1;1;0;1;1
"miss";1;1;1;1;1;1;1;1;1;1;1;1;1;1;1;1;1;1;0
"miniature";1;1;1;1;1;1;1;1;1;1;1;0,101;1;0,11;0,019;1;1;1;1
"metal";1;1;1;1;1;1;1;1;1;1;1;0,101;1;1;0,019;0,127;1;1;1
"mercantile";1;1;1;1;1;1;1;1;1;1;1;1;1;1;1;1;1;1;0
"meier";1;1;1;1;1;1;1;1;1;1;1;1;1;1;1;1;1;1;0
"mattias";1;1;1;1;1;1;1;0,122;1;1;1;1;1;1;1;0,127;1;1;0,115
"marcin";1;1;1;1;1;1;1;1;1;1;0;1;1;1;1;1;1;1;1
"march";1;1;0,01;1;1;1;1;0;1;1;1;1;1;1;1;1;1;1;1
"malevolent";1;1;1;1;1;1;1;1;1;0;1;1;1;1;1;1;1;1;1
"madgwick";1;1;1;1;1;1;0,011;1;0,001;1;1;1;1;1;0,019;1;1;1;1
"maciej";1;1;1;1;1;1;1;1;1;1;1;1;1;1;1;1;0;1;1
"lyria";1;1;1;1;1;1;0;1;1;1;1;1;1;1;1;1;1;1;1
"luxury";1;1;1;1;1;1;1;1;1;1;1;1;1;1;1;0;1;1;1
"lumen";1;1;1;1;1;1;1;1;1;1;1;0;1;1;1;1;1;1;1
"loaf";0;1;1;1;1;1;1;1;1;1;1;1;1;1;1;1;1;1;1
"lisa";1;1;1;1;1;1;1;1;0;1;1;1;1;1;1;1;1;1;1
"lifelike";1;1;1;1;1;1;1;1;1;1;1;1;1;0,11;1;1;1;0;1
"liberty";1;1;1;1;1;1;1;1;1;1;1;0;1;1;1;1;1;1;1
"leg";0;1;1;1;1;1;1;1;1;1;1;1;1;1;1;1;1;1;1
"kuciara";1;1;1;1;1;1;1;1;1;1;1;1;1;1;1;1;0;1;1
"jurgens";1;1;1;1;1;1;1;1;1;1;1;0,101;1;1;1;1;1;0;1
"jungle";1;1;1;1;1;1;1;1;0;1;1;0,101;1;1;1;1;1;1;1
"joy";1;1;1;1;1;1;1;0,122;1;1;1;0;1;1;1;1;1;1;1
"jewel";1;1;1;1;1;0;1;1;1;1;1;1;1;1;1;1;1;1;1
"jessica";1;1;1;1;1;0;1;1;1;1;1;0,101;1;1;1;1;1;1;1
"jeremy";1;1;1;1;1;1;1;0,122;1;1;1;1;0,001;1;1;0,127;1;1;1
"jag";1;1;1;1;1;1;1;1;1;1;1;1;1;1;1;1;1;1;0
"jacob";1;1;1;1;1;0;1;1;1;1;1;1;1;1;1;1;1;1;1
"international";1;1;1;1;1;1;1;1;0;1;1;1;1;0,11;1;1;1;1;1
"incredibly";1;1;1;1;1;1;1;1;1;1;1;1;1;1;1;1;1;1;0
"imperious";1;1;1;1;1;1;1;1;1;0;1;1;1;1;1;1;1;1;1
"ilsted";1;1;1;1;1;1;1;1;0;1;1;1;1;1;1;1;0,002;1;1
"illuminate";1;1;1;1;1;1;1;1;1;1;1;0;1;1;0,019;1;1;1;1
"humongous";1;1;1;1;1;1;1;1;1;1;1;0,101;1;1;1;0;1;1;1
"hospitable";1;1;1;1;1;1;1;1;1;1;1;1;1;1;1;1;1;1;0
"horizon";1;1;1;1;1;1;1;0;1;1;1;1;1;0,11;1;1;1;1;1
"holy";1;1;1;0,005;1;1;1;1;0,001;1;1;1;1;1;1;1;1;1;0,115
"hiroshi";1;1;1;1;1;1;1;1;1;1;1;1;1;1;1;1;1;0;1
"hilly";1;1;1;1;1;1;1;1;1;1;1;1;1;0;1;1;1;1;1
"higer";1;1;1;1;1;1;1;1;1;1;1;1;1;0;1;1;1;1;1
"heur";1;1;1;1;1;0;1;1;1;1;1;1;1;1;1;1;1;1;1
"heem";1;1;1;1;1;1;1;1;0;1;1;1;1;1;1;1;1;1;1
"head";0;1;1;1;1;1;1;1;1;1;1;1;1;1;1;1;1;1;1
"havrylo";1;1;0;1;1;1;1;1;1;1;1;1;1;1;1;1;1;1;1
"harrison";1;0,03;1;1;1;1;1;1;1;1;1;1;1;1;1;1;1;0;1
"happy";1;1;1;1;1;1;1;1;1;1;1;1;1;1;0;1;1;0,115;1
"hampshire";1;1;1;1;1;1;1;1;1;1;1;1;1;1;0;1;1;1;1
"halle";1;1;1;1;1;1;1;1;1;1;0;1;1;1;1;1;1;1;1
"haeckel";1;0,03;1;1;1;1;1;1;1;1;0;1;1;1;1;1;1;1;1
"habitable";1;1;1;1;1;1;1;1;1;1;1;1;1;1;1;1;1;1;0
"gustav";1;1;1;1;1;1;1;1;0,001;0,001;1;1;1;0,11;1;1;1;1;1
"grotesque";1;1;1;1;1;1;1;1;1;1;0;1;1;1;1;1;1;1;1
"grimdark";1;1;1;1;1;1;1;1;1;0,001;1;1;1;0;1;1;1;1;1
"gondola";1;1;1;1;1;1;1;1;1;1;1;1;1;1;1;1;1;0;1
"girod";1;1;1;1;1;1;1;1;1;1;0;1;1;1;1;1;1;1;1
"girl";0,041;1;1;1;1;1;1;1;1;1;1;1;1;1;1;1;1;0;1
"giancola";1;1;1;1;1;1;1;0,122;1;1;1;1;1;1;1;1;1;0;1
"giacomo";1;1;1;1;1;1;1;1;1;0;1;1;1;1;1;1;1;1;1
"ghailan";1;1;1;1;1;1;1;0;1;1;1;1;1;1;1;0,127;1;1;1
"george";1;1;0;1;1;1;1;1;1;1;1;1;1;0,11;1;1;1;1;1
"gdansk";1;1;1;1;1;1;1;1;0,001;0,001;0,013;1;1;1;1;1;1;1;1
"gabriele";1;1;0;1;1;1;1;1;1;1;1;1;1;1;1;1;1;1;1
"froud";1;1;1;1;1;1;1;1;0;1;1;1;1;1;1;1;1;1;0,115
"france";1;1;1;1;1;1;1;0,122;1;1;1;1;1;1;1;1;1;1;0
"fort";1;1;1;1;1;1;1;1;1;1;0,013;1;1;1;1;1;1;0;1
"ford";1;0,03;1;1;1;1;1;1;1;1;1;1;1;0,11;0,019;1;1;1;1
"flash";1;1;1;1;1;1;0;1;0,001;1;1;1;1;1;1;1;1;1;1
"fishpond";1;1;1;1;1;1;1;1;1;1;1;1;1;1;1;0;1;1;1
"finland";1;1;1;1;1;1;1;1;1;1;1;1;1;1;0,019;1;1;1;0
"figurine";1;1;1;1;1;1;1;1;1;1;1;0;1;1;1;1;1;1;1
"export";1;1;1;1;1;1;1;1;1;1;1;1;1;1;1;1;1;1;0
"even";1;1;1;1;1;1;1;1;1;1;1;0,101;1;1;0;1;1;1;1
"eu";1;1;1;1;1;1;1;1;1;1;1;1;1;1;1;1;1;0;1
"erase";1;1;1;1;1;1;1;1;1;1;1;1;1;1;1;1;1;1;0
"era";1;1;0,01;1;1;1;1;1;1;1;0,013;0,101;1;1;1;1;1;1;1
"equator";1;1;1;1;1;1;1;1;1;1;1;1;1;1;1;1;1;1;0
"eat";1;1;1;1;1;1;1;0,122;1;1;1;1;1;1;0,019;1;1;0,115;1
"doré";1;1;1;1;1;1;1;1;1;1;1;1;1;1;1;0;1;1;1
"donato";1;1;1;1;1;1;1;0,122;1;1;1;1;1;1;1;1;1;0;1
"district";1;1;1;1;1;1;0;1;1;1;1;1;1;1;1;1;1;1;1
"distort";1;0;1;1;1;1;1;1;1;1;1;1;1;1;1;1;1;1;1
"discover";1;1;1;1;1;1;1;1;1;1;1;1;1;1;1;1;1;0;1
"dimly";1;1;1;1;1;1;1;1;1;1;1;1;1;1;0;1;1;1;1
"dim";1;1;1;1;1;1;1;1;0;1;1;1;1;0,11;1;1;1;1;1
"dieces";0;1;1;1;1;1;1;1;1;1;1;1;1;1;1;1;1;1;1
"dice";0;1;1;1;1;1;1;1;1;1;1;1;1;1;1;1;1;1;1
"devil";1;1;1;1;1;1;1;1;1;1;1;1;0;1;1;1;1;1;1
"desaturated";1;1;0;1;1;1;1;1;1;1;1;1;1;0,11;1;1;1;1;1
"deni";1;1;0;1;1;1;1;1;1;1;1;1;1;1;1;1;1;1;1
"delville";1;1;1;1;1;1;1;1;1;1;1;1;1;1;1;0;1;1;1
"dell";1;1;0;1;1;1;1;1;1;1;1;1;1;1;1;1;1;1;1
"decorate";1;1;1;1;1;1;1;1;0;0,001;1;1;1;1;1;1;1;1;1
"dean";1;1;1;1;1;1;1;1;0;1;1;1;1;1;1;1;1;1;1
"davidsz";1;1;1;1;1;1;1;1;0;1;1;1;1;1;1;1;1;1;1
"darrow";1;1;1;1;1;1;0;0,122;1;1;1;1;1;1;1;1;1;1;1
"cumulonimbus";1;1;1;1;1;1;1;1;1;1;1;1;1;1;0;1;1;1;1
"crumble";1;1;1;1;1;1;1;1;1;1;1;1;0;1;1;1;1;1;1
"count";1;1;1;1;1;1;1;1;0;1;1;1;1;1;1;1;1;1;1
"concrete";1;1;1;1;1;1;1;1;0;1;1;1;1;1;0,019;1;1;1;1
"coastline";1;1;1;1;1;1;1;1;1;1;1;1;1;1;1;1;1;1;0
"coastal";1;1;1;0,005;1;1;1;1;1;1;1;1;1;0,11;1;1;1;1;0,115
"clown";1;1;1;1;1;1;1;1;1;1;1;1;1;1;1;0;1;1;1
"clothe";1;1;0;1;1;1;1;1;1;1;1;1;1;1;1;1;1;0,115;1
"circuit";1;1;1;1;1;1;1;1;1;1;0;0,101;1;1;1;1;1;1;1
"churn";1;1;1;1;1;1;1;1;1;1;1;1;1;1;1;1;1;1;0
"christmas";1;1;1;1;1;1;1;1;0;1;1;1;1;1;1;0,127;1;1;1
"child";1;1;1;1;1;1;1;1;1;1;1;1;1;1;1;1;0,002;1;0
"chain";1;1;1;1;1;1;1;1;1;1;1;1;0,001;0,11;1;1;1;1;0,115
"central";1;1;1;1;1;1;1;1;0,001;1;0;1;1;1;1;1;1;1;1
"catedral";1;1;1;1;1;1;1;1;1;1;1;1;1;1;1;1;1;0;1
"cast";1;1;1;1;1;1;1;1;1;1;1;0,101;1;0;1;1;1;1;1
"cartoony";1;1;1;1;1;1;1;0,122;1;1;1;0;1;1;1;1;1;1;1
"card";1;1;1;1;1;1;0;1;1;1;1;1;1;1;1;1;0,002;1;1
"bury";1;1;1;1;1;1;1;1;1;0;1;1;1;1;1;1;1;1;0,115
"burattini";1;1;1;1;1;1;1;1;1;0;1;1;1;1;1;1;1;1;1
"brian";1;1;1;1;1;1;1;1;0;1;1;1;1;1;1;1;1;1;0,115
"breitling";1;1;1;1;1;0;1;1;1;1;1;1;1;1;1;1;1;1;1
"bologna";1;1;1;1;1;1;1;1;1;1;1;1;1;0;1;1;1;1;1
"blood";1;0;1;1;1;1;1;1;1;1;1;1;1;1;1;1;1;1;1
"block";1;1;0;1;1;1;1;1;1;1;1;1;1;1;1;1;1;1;1
"biomes";1;1;1;1;1;1;1;1;1;1;1;1;1;1;1;1;1;1;0
"bill";1;1;1;1;1;1;1;1;1;1;1;1;0;1;1;1;1;1;1
"bike";1;1;1;1;1;0,024;1;0,122;1;1;1;1;1;1;1;1;1;1;0,115
"beer";0,041;1;1;1;1;1;1;1;1;1;1;1;1;1;0;1;1;1;1
"battista";1;1;0;1;1;1;1;1;0,001;1;1;1;1;1;1;1;1;1;1
"ayan";1;1;1;1;1;1;1;1;1;1;0;1;1;1;1;1;1;1;1
"aublet";1;1;1;1;1;1;1;1;1;1;1;1;1;1;0,019;1;1;0;1
"atlas";1;1;1;1;1;1;1;1;1;1;1;1;1;1;1;1;1;1;0
"atey";1;1;1;1;1;1;1;0;1;1;1;1;1;1;1;0,127;1;1;1
"astrophotography";1;1;0;1;1;1;1;1;1;1;1;0,101;1;1;1;1;1;1;1
"ariel";1;1;1;1;1;1;0;1;1;1;1;1;1;1;1;1;1;1;1
"animate";1;1;1;1;1;1;1;1;1;0;1;1;1;1;1;1;1;1;1
"andrew";1;0,03;1;1;1;1;1;1;1;1;1;0;1;1;1;1;1;1;1
"anarchy";1;0;1;1;1;1;1;1;1;1;1;1;1;1;1;1;1;1;1
"amstel";1;1;1;1;1;1;1;1;1;1;1;1;1;1;1;1;1;0;1
"allyway";1;1;1;1;1;1;1;0;1;1;1;1;1;1;1;1;0,002;1;1
"alienate";1;1;1;1;1;1;1;1;1;0;1;1;1;1;1;1;1;1;1
"alert";1;1;0;1;1;1;1;1;1;1;1;1;1;1;1;1;1;1;1
"aivazovski";1;1;1;1;1;1;1;1;1;1;1;0,101;1;0,11;0,019;1;1;1;1
"adrien";1;1;1;1;1;1;1;1;1;1;0;1;1;1;1;1;1;1;1
"*truc_0";1;1;1;1;1;1;1;1;1;1;1;1;1;1;1;1;1;1;1
